[0.009s] Invoking command in '/home/zbt/Upper-main/rc_interaction/build/rc_interaction': CMAKE_PREFIX_PATH=${CMAKE_PREFIX_PATH}:/opt/ros/humble /usr/bin/cmake --build /home/zbt/Upper-main/rc_interaction/build/rc_interaction -- -j2 -l2
[0.122s] [  8%] Built target rc_interaction__rosidl_generator_c
[0.125s] [ 11%] Built target rc_interaction__cpp
[0.171s] [ 20%] Built target rc_interaction__rosidl_typesupport_cpp
[0.175s] [ 20%] Built target ament_cmake_python_copy_rc_interaction
[0.192s] [ 28%] Built target rc_interaction__rosidl_typesupport_fastrtps_c
[0.197s] [ 37%] Built target rc_interaction__rosidl_typesupport_fastrtps_cpp
[0.216s] [ 45%] Built target rc_interaction__rosidl_typesupport_introspection_c
[0.221s] [ 54%] Built target rc_interaction__rosidl_typesupport_c
[0.248s] [ 62%] Built target rc_interaction__rosidl_typesupport_introspection_cpp
[0.264s] [35m[1mConsolidate compiler generated dependencies of target sbus_node[0m
[0.300s] [ 65%] [32mBuilding CXX object CMakeFiles/sbus_node.dir/src/model_sbus.cpp.o[0m
[0.402s] running egg_info
[0.403s] writing rc_interaction.egg-info/PKG-INFO
[0.403s] writing dependency_links to rc_interaction.egg-info/dependency_links.txt
[0.403s] writing top-level names to rc_interaction.egg-info/top_level.txt
[0.405s] reading manifest file 'rc_interaction.egg-info/SOURCES.txt'
[0.405s] writing manifest file 'rc_interaction.egg-info/SOURCES.txt'
[0.427s] [ 65%] Built target ament_cmake_python_build_rc_interaction_egg
[0.457s] [35m[1mConsolidate compiler generated dependencies of target xbox_node[0m
[0.511s] [ 68%] [32mBuilding CXX object CMakeFiles/xbox_node.dir/src/model_xbox.cpp.o[0m
[5.922s] In file included from [01m[K/home/zbt/Upper-main/rc_interaction/src/model_xbox.cpp:4[m[K:
[5.923s] [01m[K/home/zbt/Upper-main/rc_interaction/include/rc_interaction/sbus_node.hpp:[m[K In lambda function:
[5.923s] [01m[K/home/zbt/Upper-main/rc_interaction/include/rc_interaction/sbus_node.hpp:215:32:[m[K [01;31m[Kerror: [m[Kno match for ‘[01m[Koperator<<[m[K’ (operand types are ‘[01m[Kstd::basic_ostream<char>::__ostream_type[m[K’ {aka ‘[01m[Kstd::basic_ostream<char>[m[K’} and ‘[01m[K<unresolved overloaded function type>[m[K’)
[5.923s]   215 |       [01;31m[Kcout<<vel_.twist.linear.x<<end[m[K;
[5.923s]       |       [01;31m[K~~~~~~~~~~~~~~~~~~~~~~~~~^~~~~[m[K
[5.923s] In file included from [01m[K/usr/include/c++/11/iostream:39[m[K,
[5.923s]                  from [01m[K/opt/ros/humble/include/rclcpp/rclcpp/executor.hpp:22[m[K,
[5.923s]                  from [01m[K/opt/ros/humble/include/rclcpp/rclcpp/executors/multi_threaded_executor.hpp:25[m[K,
[5.923s]                  from [01m[K/opt/ros/humble/include/rclcpp/rclcpp/executors.hpp:21[m[K,
[5.923s]                  from [01m[K/opt/ros/humble/include/rclcpp/rclcpp/rclcpp.hpp:155[m[K,
[5.923s]                  from [01m[K/home/zbt/Upper-main/rc_interaction/src/model_xbox.cpp:1[m[K:
[5.923s] [01m[K/usr/include/c++/11/ostream:108:7:[m[K [01;36m[Knote: [m[Kcandidate: ‘[01m[Kstd::basic_ostream<_CharT, _Traits>::__ostream_type& std::basic_ostream<_CharT, _Traits>::operator<<(std::basic_ostream<_CharT, _Traits>::__ostream_type& (*)(std::basic_ostream<_CharT, _Traits>::__ostream_type&)) [with _CharT = char; _Traits = std::char_traits<char>; std::basic_ostream<_CharT, _Traits>::__ostream_type = std::basic_ostream<char>][m[K’
[5.923s]   108 |       [01;36m[Koperator[m[K<<(__ostream_type& (*__pf)(__ostream_type&))
[5.923s]       |       [01;36m[K^~~~~~~~[m[K
[5.923s] [01m[K/usr/include/c++/11/ostream:108:36:[m[K [01;36m[Knote: [m[K  no known conversion for argument 1 from ‘[01m[K<unresolved overloaded function type>[m[K’ to ‘[01m[Kstd::basic_ostream<char>::__ostream_type& (*)(std::basic_ostream<char>::__ostream_type&)[m[K’ {aka ‘[01m[Kstd::basic_ostream<char>& (*)(std::basic_ostream<char>&)[m[K’}
[5.923s]   108 |       operator<<([01;36m[K__ostream_type& (*__pf)(__ostream_type&)[m[K)
[5.923s]       |                  [01;36m[K~~~~~~~~~~~~~~~~~~^~~~~~~~~~~~~~~~~~~~~~[m[K
[5.923s] [01m[K/usr/include/c++/11/ostream:117:7:[m[K [01;36m[Knote: [m[Kcandidate: ‘[01m[Kstd::basic_ostream<_CharT, _Traits>::__ostream_type& std::basic_ostream<_CharT, _Traits>::operator<<(std::basic_ostream<_CharT, _Traits>::__ios_type& (*)(std::basic_ostream<_CharT, _Traits>::__ios_type&)) [with _CharT = char; _Traits = std::char_traits<char>; std::basic_ostream<_CharT, _Traits>::__ostream_type = std::basic_ostream<char>; std::basic_ostream<_CharT, _Traits>::__ios_type = std::basic_ios<char>][m[K’
[5.923s]   117 |       [01;36m[Koperator[m[K<<(__ios_type& (*__pf)(__ios_type&))
[5.923s]       |       [01;36m[K^~~~~~~~[m[K
[5.923s] [01m[K/usr/include/c++/11/ostream:117:32:[m[K [01;36m[Knote: [m[K  no known conversion for argument 1 from ‘[01m[K<unresolved overloaded function type>[m[K’ to ‘[01m[Kstd::basic_ostream<char>::__ios_type& (*)(std::basic_ostream<char>::__ios_type&)[m[K’ {aka ‘[01m[Kstd::basic_ios<char>& (*)(std::basic_ios<char>&)[m[K’}
[5.923s]   117 |       operator<<([01;36m[K__ios_type& (*__pf)(__ios_type&)[m[K)
[5.923s]       |                  [01;36m[K~~~~~~~~~~~~~~^~~~~~~~~~~~~~~~~~[m[K
[5.923s] [01m[K/usr/include/c++/11/ostream:127:7:[m[K [01;36m[Knote: [m[Kcandidate: ‘[01m[Kstd::basic_ostream<_CharT, _Traits>::__ostream_type& std::basic_ostream<_CharT, _Traits>::operator<<(std::ios_base& (*)(std::ios_base&)) [with _CharT = char; _Traits = std::char_traits<char>; std::basic_ostream<_CharT, _Traits>::__ostream_type = std::basic_ostream<char>][m[K’
[5.924s]   127 |       [01;36m[Koperator[m[K<<(ios_base& (*__pf) (ios_base&))
[5.924s]       |       [01;36m[K^~~~~~~~[m[K
[5.924s] [01m[K/usr/include/c++/11/ostream:127:30:[m[K [01;36m[Knote: [m[K  no known conversion for argument 1 from ‘[01m[K<unresolved overloaded function type>[m[K’ to ‘[01m[Kstd::ios_base& (*)(std::ios_base&)[m[K’
[5.924s]   127 |       operator<<([01;36m[Kios_base& (*__pf) (ios_base&)[m[K)
[5.924s]       |                  [01;36m[K~~~~~~~~~~~~^~~~~~~~~~~~~~~~~[m[K
[5.924s] [01m[K/usr/include/c++/11/ostream:166:7:[m[K [01;36m[Knote: [m[Kcandidate: ‘[01m[Kstd::basic_ostream<_CharT, _Traits>::__ostream_type& std::basic_ostream<_CharT, _Traits>::operator<<(long int) [with _CharT = char; _Traits = std::char_traits<char>; std::basic_ostream<_CharT, _Traits>::__ostream_type = std::basic_ostream<char>][m[K’
[5.925s]   166 |       [01;36m[Koperator[m[K<<(long __n)
[5.925s]       |       [01;36m[K^~~~~~~~[m[K
[5.925s] [01m[K/usr/include/c++/11/ostream:166:23:[m[K [01;36m[Knote: [m[K  no known conversion for argument 1 from ‘[01m[K<unresolved overloaded function type>[m[K’ to ‘[01m[Klong int[m[K’
[5.926s]   166 |       operator<<([01;36m[Klong __n[m[K)
[5.926s]       |                  [01;36m[K~~~~~^~~[m[K
[5.926s] [01m[K/usr/include/c++/11/ostream:170:7:[m[K [01;36m[Knote: [m[Kcandidate: ‘[01m[Kstd::basic_ostream<_CharT, _Traits>::__ostream_type& std::basic_ostream<_CharT, _Traits>::operator<<(long unsigned int) [with _CharT = char; _Traits = std::char_traits<char>; std::basic_ostream<_CharT, _Traits>::__ostream_type = std::basic_ostream<char>][m[K’
[5.926s]   170 |       [01;36m[Koperator[m[K<<(unsigned long __n)
[5.926s]       |       [01;36m[K^~~~~~~~[m[K
[5.926s] [01m[K/usr/include/c++/11/ostream:170:32:[m[K [01;36m[Knote: [m[K  no known conversion for argument 1 from ‘[01m[K<unresolved overloaded function type>[m[K’ to ‘[01m[Klong unsigned int[m[K’
[5.926s]   170 |       operator<<([01;36m[Kunsigned long __n[m[K)
[5.926s]       |                  [01;36m[K~~~~~~~~~~~~~~^~~[m[K
[5.926s] [01m[K/usr/include/c++/11/ostream:174:7:[m[K [01;36m[Knote: [m[Kcandidate: ‘[01m[Kstd::basic_ostream<_CharT, _Traits>::__ostream_type& std::basic_ostream<_CharT, _Traits>::operator<<(bool) [with _CharT = char; _Traits = std::char_traits<char>; std::basic_ostream<_CharT, _Traits>::__ostream_type = std::basic_ostream<char>][m[K’
[5.926s]   174 |       [01;36m[Koperator[m[K<<(bool __n)
[5.926s]       |       [01;36m[K^~~~~~~~[m[K
[5.926s] [01m[K/usr/include/c++/11/ostream:174:23:[m[K [01;36m[Knote: [m[K  no known conversion for argument 1 from ‘[01m[K<unresolved overloaded function type>[m[K’ to ‘[01m[Kbool[m[K’
[5.926s]   174 |       operator<<([01;36m[Kbool __n[m[K)
[5.926s]       |                  [01;36m[K~~~~~^~~[m[K
[5.926s] In file included from [01m[K/usr/include/c++/11/ostream:829[m[K,
[5.926s]                  from [01m[K/usr/include/c++/11/iostream:39[m[K,
[5.926s]                  from [01m[K/opt/ros/humble/include/rclcpp/rclcpp/executor.hpp:22[m[K,
[5.926s]                  from [01m[K/opt/ros/humble/include/rclcpp/rclcpp/executors/multi_threaded_executor.hpp:25[m[K,
[5.926s]                  from [01m[K/opt/ros/humble/include/rclcpp/rclcpp/executors.hpp:21[m[K,
[5.926s]                  from [01m[K/opt/ros/humble/include/rclcpp/rclcpp/rclcpp.hpp:155[m[K,
[5.927s]                  from [01m[K/home/zbt/Upper-main/rc_interaction/src/model_xbox.cpp:1[m[K:
[5.927s] [01m[K/usr/include/c++/11/bits/ostream.tcc:91:5:[m[K [01;36m[Knote: [m[Kcandidate: ‘[01m[Kstd::basic_ostream<_Ch, _Tr>& std::basic_ostream<_CharT, _Traits>::operator<<(short int) [with _CharT = char; _Traits = std::char_traits<char>][m[K’
[5.927s]    91 |     [01;36m[Kbasic_ostream<_CharT, _Traits>[m[K::
[5.927s]       |     [01;36m[K^~~~~~~~~~~~~~~~~~~~~~~~~~~~~~[m[K
[5.927s] [01m[K/usr/include/c++/11/bits/ostream.tcc:92:22:[m[K [01;36m[Knote: [m[K  no known conversion for argument 1 from ‘[01m[K<unresolved overloaded function type>[m[K’ to ‘[01m[Kshort int[m[K’
[5.927s]    92 |     operator<<([01;36m[Kshort __n[m[K)
[5.927s]       |                [01;36m[K~~~~~~^~~[m[K
[5.927s] In file included from [01m[K/usr/include/c++/11/iostream:39[m[K,
[5.927s]                  from [01m[K/opt/ros/humble/include/rclcpp/rclcpp/executor.hpp:22[m[K,
[5.927s]                  from [01m[K/opt/ros/humble/include/rclcpp/rclcpp/executors/multi_threaded_executor.hpp:25[m[K,
[5.927s]                  from [01m[K/opt/ros/humble/include/rclcpp/rclcpp/executors.hpp:21[m[K,
[5.927s]                  from [01m[K/opt/ros/humble/include/rclcpp/rclcpp/rclcpp.hpp:155[m[K,
[5.927s]                  from [01m[K/home/zbt/Upper-main/rc_interaction/src/model_xbox.cpp:1[m[K:
[5.927s] [01m[K/usr/include/c++/11/ostream:181:7:[m[K [01;36m[Knote: [m[Kcandidate: ‘[01m[Kstd::basic_ostream<_CharT, _Traits>::__ostream_type& std::basic_ostream<_CharT, _Traits>::operator<<(short unsigned int) [with _CharT = char; _Traits = std::char_traits<char>; std::basic_ostream<_CharT, _Traits>::__ostream_type = std::basic_ostream<char>][m[K’
[5.927s]   181 |       [01;36m[Koperator[m[K<<(unsigned short __n)
[5.927s]       |       [01;36m[K^~~~~~~~[m[K
[5.927s] [01m[K/usr/include/c++/11/ostream:181:33:[m[K [01;36m[Knote: [m[K  no known conversion for argument 1 from ‘[01m[K<unresolved overloaded function type>[m[K’ to ‘[01m[Kshort unsigned int[m[K’
[5.927s]   181 |       operator<<([01;36m[Kunsigned short __n[m[K)
[5.927s]       |                  [01;36m[K~~~~~~~~~~~~~~~^~~[m[K
[5.927s] In file included from [01m[K/usr/include/c++/11/ostream:829[m[K,
[5.927s]                  from [01m[K/usr/include/c++/11/iostream:39[m[K,
[5.927s]                  from [01m[K/opt/ros/humble/include/rclcpp/rclcpp/executor.hpp:22[m[K,
[5.927s]                  from [01m[K/opt/ros/humble/include/rclcpp/rclcpp/executors/multi_threaded_executor.hpp:25[m[K,
[5.927s]                  from [01m[K/opt/ros/humble/include/rclcpp/rclcpp/executors.hpp:21[m[K,
[5.927s]                  from [01m[K/opt/ros/humble/include/rclcpp/rclcpp/rclcpp.hpp:155[m[K,
[5.927s]                  from [01m[K/home/zbt/Upper-main/rc_interaction/src/model_xbox.cpp:1[m[K:
[5.927s] [01m[K/usr/include/c++/11/bits/ostream.tcc:105:5:[m[K [01;36m[Knote: [m[Kcandidate: ‘[01m[Kstd::basic_ostream<_Ch, _Tr>& std::basic_ostream<_CharT, _Traits>::operator<<(int) [with _CharT = char; _Traits = std::char_traits<char>][m[K’
[5.927s]   105 |     [01;36m[Kbasic_ostream<_CharT, _Traits>[m[K::
[5.927s]       |     [01;36m[K^~~~~~~~~~~~~~~~~~~~~~~~~~~~~~[m[K
[5.927s] [01m[K/usr/include/c++/11/bits/ostream.tcc:106:20:[m[K [01;36m[Knote: [m[K  no known conversion for argument 1 from ‘[01m[K<unresolved overloaded function type>[m[K’ to ‘[01m[Kint[m[K’
[5.927s]   106 |     operator<<([01;36m[Kint __n[m[K)
[5.927s]       |                [01;36m[K~~~~^~~[m[K
[5.927s] In file included from [01m[K/usr/include/c++/11/iostream:39[m[K,
[5.927s]                  from [01m[K/opt/ros/humble/include/rclcpp/rclcpp/executor.hpp:22[m[K,
[5.927s]                  from [01m[K/opt/ros/humble/include/rclcpp/rclcpp/executors/multi_threaded_executor.hpp:25[m[K,
[5.927s]                  from [01m[K/opt/ros/humble/include/rclcpp/rclcpp/executors.hpp:21[m[K,
[5.927s]                  from [01m[K/opt/ros/humble/include/rclcpp/rclcpp/rclcpp.hpp:155[m[K,
[5.927s]                  from [01m[K/home/zbt/Upper-main/rc_interaction/src/model_xbox.cpp:1[m[K:
[5.927s] [01m[K/usr/include/c++/11/ostream:192:7:[m[K [01;36m[Knote: [m[Kcandidate: ‘[01m[Kstd::basic_ostream<_CharT, _Traits>::__ostream_type& std::basic_ostream<_CharT, _Traits>::operator<<(unsigned int) [with _CharT = char; _Traits = std::char_traits<char>; std::basic_ostream<_CharT, _Traits>::__ostream_type = std::basic_ostream<char>][m[K’
[5.931s]   192 |       [01;36m[Koperator[m[K<<(unsigned int __n)
[5.931s]       |       [01;36m[K^~~~~~~~[m[K
[5.931s] [01m[K/usr/include/c++/11/ostream:192:31:[m[K [01;36m[Knote: [m[K  no known conversion for argument 1 from ‘[01m[K<unresolved overloaded function type>[m[K’ to ‘[01m[Kunsigned int[m[K’
[5.931s]   192 |       operator<<([01;36m[Kunsigned int __n[m[K)
[5.932s]       |                  [01;36m[K~~~~~~~~~~~~~^~~[m[K
[5.932s] [01m[K/usr/include/c++/11/ostream:201:7:[m[K [01;36m[Knote: [m[Kcandidate: ‘[01m[Kstd::basic_ostream<_CharT, _Traits>::__ostream_type& std::basic_ostream<_CharT, _Traits>::operator<<(long long int) [with _CharT = char; _Traits = std::char_traits<char>; std::basic_ostream<_CharT, _Traits>::__ostream_type = std::basic_ostream<char>][m[K’
[5.932s]   201 |       [01;36m[Koperator[m[K<<(long long __n)
[5.932s]       |       [01;36m[K^~~~~~~~[m[K
[5.932s] [01m[K/usr/include/c++/11/ostream:201:28:[m[K [01;36m[Knote: [m[K  no known conversion for argument 1 from ‘[01m[K<unresolved overloaded function type>[m[K’ to ‘[01m[Klong long int[m[K’
[5.932s]   201 |       operator<<([01;36m[Klong long __n[m[K)
[5.932s]       |                  [01;36m[K~~~~~~~~~~^~~[m[K
[5.932s] [01m[K/usr/include/c++/11/ostream:205:7:[m[K [01;36m[Knote: [m[Kcandidate: ‘[01m[Kstd::basic_ostream<_CharT, _Traits>::__ostream_type& std::basic_ostream<_CharT, _Traits>::operator<<(long long unsigned int) [with _CharT = char; _Traits = std::char_traits<char>; std::basic_ostream<_CharT, _Traits>::__ostream_type = std::basic_ostream<char>][m[K’
[5.932s]   205 |       [01;36m[Koperator[m[K<<(unsigned long long __n)
[5.932s]       |       [01;36m[K^~~~~~~~[m[K
[5.932s] [01m[K/usr/include/c++/11/ostream:205:37:[m[K [01;36m[Knote: [m[K  no known conversion for argument 1 from ‘[01m[K<unresolved overloaded function type>[m[K’ to ‘[01m[Klong long unsigned int[m[K’
[5.932s]   205 |       operator<<([01;36m[Kunsigned long long __n[m[K)
[5.932s]       |                  [01;36m[K~~~~~~~~~~~~~~~~~~~^~~[m[K
[5.935s] [01m[K/usr/include/c++/11/ostream:220:7:[m[K [01;36m[Knote: [m[Kcandidate: ‘[01m[Kstd::basic_ostream<_CharT, _Traits>::__ostream_type& std::basic_ostream<_CharT, _Traits>::operator<<(double) [with _CharT = char; _Traits = std::char_traits<char>; std::basic_ostream<_CharT, _Traits>::__ostream_type = std::basic_ostream<char>][m[K’
[5.935s]   220 |       [01;36m[Koperator[m[K<<(double __f)
[5.936s]       |       [01;36m[K^~~~~~~~[m[K
[5.936s] [01m[K/usr/include/c++/11/ostream:220:25:[m[K [01;36m[Knote: [m[K  no known conversion for argument 1 from ‘[01m[K<unresolved overloaded function type>[m[K’ to ‘[01m[Kdouble[m[K’
[5.936s]   220 |       operator<<([01;36m[Kdouble __f[m[K)
[5.936s]       |                  [01;36m[K~~~~~~~^~~[m[K
[5.936s] [01m[K/usr/include/c++/11/ostream:224:7:[m[K [01;36m[Knote: [m[Kcandidate: ‘[01m[Kstd::basic_ostream<_CharT, _Traits>::__ostream_type& std::basic_ostream<_CharT, _Traits>::operator<<(float) [with _CharT = char; _Traits = std::char_traits<char>; std::basic_ostream<_CharT, _Traits>::__ostream_type = std::basic_ostream<char>][m[K’
[5.936s]   224 |       [01;36m[Koperator[m[K<<(float __f)
[5.936s]       |       [01;36m[K^~~~~~~~[m[K
[5.936s] [01m[K/usr/include/c++/11/ostream:224:24:[m[K [01;36m[Knote: [m[K  no known conversion for argument 1 from ‘[01m[K<unresolved overloaded function type>[m[K’ to ‘[01m[Kfloat[m[K’
[5.936s]   224 |       operator<<([01;36m[Kfloat __f[m[K)
[5.936s]       |                  [01;36m[K~~~~~~^~~[m[K
[5.936s] [01m[K/usr/include/c++/11/ostream:232:7:[m[K [01;36m[Knote: [m[Kcandidate: ‘[01m[Kstd::basic_ostream<_CharT, _Traits>::__ostream_type& std::basic_ostream<_CharT, _Traits>::operator<<(long double) [with _CharT = char; _Traits = std::char_traits<char>; std::basic_ostream<_CharT, _Traits>::__ostream_type = std::basic_ostream<char>][m[K’
[5.936s]   232 |       [01;36m[Koperator[m[K<<(long double __f)
[5.936s]       |       [01;36m[K^~~~~~~~[m[K
[5.936s] [01m[K/usr/include/c++/11/ostream:232:30:[m[K [01;36m[Knote: [m[K  no known conversion for argument 1 from ‘[01m[K<unresolved overloaded function type>[m[K’ to ‘[01m[Klong double[m[K’
[5.936s]   232 |       operator<<([01;36m[Klong double __f[m[K)
[5.936s]       |                  [01;36m[K~~~~~~~~~~~~^~~[m[K
[5.936s] [01m[K/usr/include/c++/11/ostream:245:7:[m[K [01;36m[Knote: [m[Kcandidate: ‘[01m[Kstd::basic_ostream<_CharT, _Traits>::__ostream_type& std::basic_ostream<_CharT, _Traits>::operator<<(const void*) [with _CharT = char; _Traits = std::char_traits<char>; std::basic_ostream<_CharT, _Traits>::__ostream_type = std::basic_ostream<char>][m[K’
[5.936s]   245 |       [01;36m[Koperator[m[K<<(const void* __p)
[5.936s]       |       [01;36m[K^~~~~~~~[m[K
[5.936s] [01m[K/usr/include/c++/11/ostream:245:30:[m[K [01;36m[Knote: [m[K  no known conversion for argument 1 from ‘[01m[K<unresolved overloaded function type>[m[K’ to ‘[01m[Kconst void*[m[K’
[5.936s]   245 |       operator<<([01;36m[Kconst void* __p[m[K)
[5.936s]       |                  [01;36m[K~~~~~~~~~~~~^~~[m[K
[5.936s] [01m[K/usr/include/c++/11/ostream:250:7:[m[K [01;36m[Knote: [m[Kcandidate: ‘[01m[Kstd::basic_ostream<_CharT, _Traits>::__ostream_type& std::basic_ostream<_CharT, _Traits>::operator<<(std::nullptr_t) [with _CharT = char; _Traits = std::char_traits<char>; std::basic_ostream<_CharT, _Traits>::__ostream_type = std::basic_ostream<char>; std::nullptr_t = std::nullptr_t][m[K’
[5.936s]   250 |       [01;36m[Koperator[m[K<<(nullptr_t)
[5.936s]       |       [01;36m[K^~~~~~~~[m[K
[5.936s] [01m[K/usr/include/c++/11/ostream:250:18:[m[K [01;36m[Knote: [m[K  no known conversion for argument 1 from ‘[01m[K<unresolved overloaded function type>[m[K’ to ‘[01m[Kstd::nullptr_t[m[K’
[5.936s]   250 |       operator<<([01;36m[Knullptr_t[m[K)
[5.936s]       |                  [01;36m[K^~~~~~~~~[m[K
[5.936s] In file included from [01m[K/usr/include/c++/11/ostream:829[m[K,
[5.936s]                  from [01m[K/usr/include/c++/11/iostream:39[m[K,
[5.936s]                  from [01m[K/opt/ros/humble/include/rclcpp/rclcpp/executor.hpp:22[m[K,
[5.937s]                  from [01m[K/opt/ros/humble/include/rclcpp/rclcpp/executors/multi_threaded_executor.hpp:25[m[K,
[5.939s]                  from [01m[K/opt/ros/humble/include/rclcpp/rclcpp/executors.hpp:21[m[K,
[5.939s]                  from [01m[K/opt/ros/humble/include/rclcpp/rclcpp/rclcpp.hpp:155[m[K,
[5.939s]                  from [01m[K/home/zbt/Upper-main/rc_interaction/src/model_xbox.cpp:1[m[K:
[5.939s] [01m[K/usr/include/c++/11/bits/ostream.tcc:119:5:[m[K [01;36m[Knote: [m[Kcandidate: ‘[01m[Kstd::basic_ostream<_Ch, _Tr>& std::basic_ostream<_CharT, _Traits>::operator<<(std::basic_ostream<_CharT, _Traits>::__streambuf_type*) [with _CharT = char; _Traits = std::char_traits<char>; std::basic_ostream<_CharT, _Traits>::__streambuf_type = std::basic_streambuf<char>][m[K’
[5.939s]   119 |     [01;36m[Kbasic_ostream<_CharT, _Traits>[m[K::
[5.939s]       |     [01;36m[K^~~~~~~~~~~~~~~~~~~~~~~~~~~~~~[m[K
[5.939s] [01m[K/usr/include/c++/11/bits/ostream.tcc:120:34:[m[K [01;36m[Knote: [m[K  no known conversion for argument 1 from ‘[01m[K<unresolved overloaded function type>[m[K’ to ‘[01m[Kstd::basic_ostream<char>::__streambuf_type*[m[K’ {aka ‘[01m[Kstd::basic_streambuf<char>*[m[K’}
[5.939s]   120 |     operator<<([01;36m[K__streambuf_type* __sbin[m[K)
[5.939s]       |                [01;36m[K~~~~~~~~~~~~~~~~~~^~~~~~[m[K
[5.939s] In file included from [01m[K/home/zbt/Upper-main/rc_interaction/include/rc_interaction/xbox360_node.hpp:34[m[K,
[5.939s]                  from [01m[K/home/zbt/Upper-main/rc_interaction/src/model_xbox.cpp:3[m[K:
[5.939s] [01m[K/home/zbt/Upper-main/rc_interaction/include/rc_interaction/utils.hpp:6:15:[m[K [01;36m[Knote: [m[Kcandidate: ‘[01m[Ktemplate<class T> std::ostream& operator<<(std::ostream&, std::vector<BufferT>&)[m[K’
[5.939s]     6 | std::ostream &[01;36m[Koperator[m[K<<(std::ostream &os, std::vector<T> &__vec) {
[5.939s]       |               [01;36m[K^~~~~~~~[m[K
[5.939s] [01m[K/home/zbt/Upper-main/rc_interaction/include/rc_interaction/utils.hpp:6:15:[m[K [01;36m[Knote: [m[K  template argument deduction/substitution failed:
[5.939s] In file included from [01m[K/home/zbt/Upper-main/rc_interaction/src/model_xbox.cpp:4[m[K:
[5.939s] [01m[K/home/zbt/Upper-main/rc_interaction/include/rc_interaction/sbus_node.hpp:215:34:[m[K [01;36m[Knote: [m[K  couldn’t deduce template parameter ‘[01m[KT[m[K’
[5.939s]   215 |       cout<<vel_.twist.linear.x<<[01;36m[Kend[m[K;
[5.939s]       |                                  [01;36m[K^~~[m[K
[5.939s] In file included from [01m[K/usr/include/c++/11/memory:77[m[K,
[5.939s]                  from [01m[K/opt/ros/humble/include/rclcpp/rclcpp/rclcpp.hpp:153[m[K,
[5.939s]                  from [01m[K/home/zbt/Upper-main/rc_interaction/src/model_xbox.cpp:1[m[K:
[5.939s] [01m[K/usr/include/c++/11/bits/shared_ptr.h:70:5:[m[K [01;36m[Knote: [m[Kcandidate: ‘[01m[Ktemplate<class _Ch, class _Tr, class _Tp, __gnu_cxx::_Lock_policy _Lp> std::basic_ostream<_Ch, _Tr>& std::operator<<(std::basic_ostream<_Ch, _Tr>&, const std::__shared_ptr<_Tp, _Lp>&)[m[K’
[5.939s]    70 |     [01;36m[Koperator[m[K<<(std::basic_ostream<_Ch, _Tr>& __os,
[5.939s]       |     [01;36m[K^~~~~~~~[m[K
[5.939s] [01m[K/usr/include/c++/11/bits/shared_ptr.h:70:5:[m[K [01;36m[Knote: [m[K  template argument deduction/substitution failed:
[5.939s] In file included from [01m[K/home/zbt/Upper-main/rc_interaction/src/model_xbox.cpp:4[m[K:
[5.939s] [01m[K/home/zbt/Upper-main/rc_interaction/include/rc_interaction/sbus_node.hpp:215:34:[m[K [01;36m[Knote: [m[K  couldn’t deduce template parameter ‘[01m[K_Tp[m[K’
[5.939s]   215 |       cout<<vel_.twist.linear.x<<[01;36m[Kend[m[K;
[5.939s]       |                                  [01;36m[K^~~[m[K
[5.939s] In file included from [01m[K/usr/include/c++/11/bits/basic_string.h:48[m[K,
[5.939s]                  from [01m[K/usr/include/c++/11/string:55[m[K,
[5.939s]                  from [01m[K/usr/include/c++/11/stdexcept:39[m[K,
[5.939s]                  from [01m[K/usr/include/c++/11/system_error:41[m[K,
[5.939s]                  from [01m[K/usr/include/c++/11/mutex:42[m[K,
[5.939s]                  from [01m[K/usr/include/c++/11/future:38[m[K,
[5.939s]                  from [01m[K/opt/ros/humble/include/rclcpp/rclcpp/executors.hpp:18[m[K,
[5.940s]                  from [01m[K/opt/ros/humble/include/rclcpp/rclcpp/rclcpp.hpp:155[m[K,
[5.940s]                  from [01m[K/home/zbt/Upper-main/rc_interaction/src/model_xbox.cpp:1[m[K:
[5.940s] [01m[K/usr/include/c++/11/string_view:667:5:[m[K [01;36m[Knote: [m[Kcandidate: ‘[01m[Kstd::basic_ostream<_Ch, _Tr>& std::operator<<(std::basic_ostream<_Ch, _Tr>&, std::basic_string_view<_CharT, _Traits>) [with _CharT = char; _Traits = std::char_traits<char>][m[K’
[5.940s]   667 |     [01;36m[Koperator[m[K<<(basic_ostream<_CharT, _Traits>& __os,
[5.940s]       |     [01;36m[K^~~~~~~~[m[K
[5.940s] [01m[K/usr/include/c++/11/string_view:668:50:[m[K [01;36m[Knote: [m[K  no known conversion for argument 2 from ‘[01m[K<unresolved overloaded function type>[m[K’ to ‘[01m[Kstd::basic_string_view<char>[m[K’
[5.940s]   668 |                [01;36m[Kbasic_string_view<_CharT,_Traits> __str[m[K)
[5.940s]       |                [01;36m[K~~~~~~~~~~~~~~~~~~~~~~~~~~~~~~~~~~^~~~~[m[K
[5.940s] In file included from [01m[K/usr/include/c++/11/string:55[m[K,
[5.940s]                  from [01m[K/usr/include/c++/11/stdexcept:39[m[K,
[5.940s]                  from [01m[K/usr/include/c++/11/system_error:41[m[K,
[5.940s]                  from [01m[K/usr/include/c++/11/mutex:42[m[K,
[5.940s]                  from [01m[K/usr/include/c++/11/future:38[m[K,
[5.940s]                  from [01m[K/opt/ros/humble/include/rclcpp/rclcpp/executors.hpp:18[m[K,
[5.940s]                  from [01m[K/opt/ros/humble/include/rclcpp/rclcpp/rclcpp.hpp:155[m[K,
[5.940s]                  from [01m[K/home/zbt/Upper-main/rc_interaction/src/model_xbox.cpp:1[m[K:
[5.940s] [01m[K/usr/include/c++/11/bits/basic_string.h:6531:5:[m[K [01;36m[Knote: [m[Kcandidate: ‘[01m[Ktemplate<class _CharT, class _Traits, class _Alloc> std::basic_ostream<_Ch, _Tr>& std::operator<<(std::basic_ostream<_Ch, _Tr>&, const std::__cxx11::basic_string<_CharT, _Traits, _Allocator>&)[m[K’
[5.940s]  6531 |     [01;36m[Koperator[m[K<<(basic_ostream<_CharT, _Traits>& __os,
[5.940s]       |     [01;36m[K^~~~~~~~[m[K
[5.941s] [01m[K/usr/include/c++/11/bits/basic_string.h:6531:5:[m[K [01;36m[Knote: [m[K  template argument deduction/substitution failed:
[5.941s] In file included from [01m[K/home/zbt/Upper-main/rc_interaction/src/model_xbox.cpp:4[m[K:
[5.941s] [01m[K/home/zbt/Upper-main/rc_interaction/include/rc_interaction/sbus_node.hpp:215:34:[m[K [01;36m[Knote: [m[K  couldn’t deduce template parameter ‘[01m[K_Alloc[m[K’
[5.941s]   215 |       cout<<vel_.twist.linear.x<<[01;36m[Kend[m[K;
[5.941s]       |                                  [01;36m[K^~~[m[K
[5.941s] In file included from [01m[K/usr/include/c++/11/mutex:42[m[K,
[5.941s]                  from [01m[K/usr/include/c++/11/future:38[m[K,
[5.941s]                  from [01m[K/opt/ros/humble/include/rclcpp/rclcpp/executors.hpp:18[m[K,
[5.941s]                  from [01m[K/opt/ros/humble/include/rclcpp/rclcpp/rclcpp.hpp:155[m[K,
[5.941s]                  from [01m[K/home/zbt/Upper-main/rc_interaction/src/model_xbox.cpp:1[m[K:
[5.941s] [01m[K/usr/include/c++/11/system_error:279:5:[m[K [01;36m[Knote: [m[Kcandidate: ‘[01m[Ktemplate<class _CharT, class _Traits> std::basic_ostream<_Ch, _Tr>& std::operator<<(std::basic_ostream<_Ch, _Tr>&, const std::error_code&)[m[K’
[5.941s]   279 |     [01;36m[Koperator[m[K<<(basic_ostream<_CharT, _Traits>& __os, const error_code& __e)
[5.941s]       |     [01;36m[K^~~~~~~~[m[K
[5.941s] [01m[K/usr/include/c++/11/system_error:279:5:[m[K [01;36m[Knote: [m[K  template argument deduction/substitution failed:
[5.941s] In file included from [01m[K/home/zbt/Upper-main/rc_interaction/src/model_xbox.cpp:4[m[K:
[5.941s] [01m[K/home/zbt/Upper-main/rc_interaction/include/rc_interaction/sbus_node.hpp:215:34:[m[K [01;36m[Knote: [m[K  cannot convert ‘[01m[Kstd::end[m[K’ (type ‘[01m[K<unresolved overloaded function type>[m[K’) to type ‘[01m[Kconst std::error_code&[m[K’
[5.941s]   215 |       cout<<vel_.twist.linear.x<<[01;36m[Kend[m[K;
[5.941s]       |                                  [01;36m[K^~~[m[K
[5.941s] In file included from [01m[K/opt/ros/humble/include/rclcpp/rclcpp/executors/multi_threaded_executor.hpp:22[m[K,
[5.941s]                  from [01m[K/opt/ros/humble/include/rclcpp/rclcpp/executors.hpp:21[m[K,
[5.941s]                  from [01m[K/opt/ros/humble/include/rclcpp/rclcpp/rclcpp.hpp:155[m[K,
[5.941s]                  from [01m[K/home/zbt/Upper-main/rc_interaction/src/model_xbox.cpp:1[m[K:
[5.941s] [01m[K/usr/include/c++/11/thread:92:5:[m[K [01;36m[Knote: [m[Kcandidate: ‘[01m[Ktemplate<class _CharT, class _Traits> std::basic_ostream<_Ch, _Tr>& std::operator<<(std::basic_ostream<_Ch, _Tr>&, std::thread::id)[m[K’
[5.941s]    92 |     [01;36m[Koperator[m[K<<(basic_ostream<_CharT, _Traits>& __out, thread::id __id)
[5.941s]       |     [01;36m[K^~~~~~~~[m[K
[5.941s] [01m[K/usr/include/c++/11/thread:92:5:[m[K [01;36m[Knote: [m[K  template argument deduction/substitution failed:
[5.941s] In file included from [01m[K/home/zbt/Upper-main/rc_interaction/src/model_xbox.cpp:4[m[K:
[5.941s] [01m[K/home/zbt/Upper-main/rc_interaction/include/rc_interaction/sbus_node.hpp:215:34:[m[K [01;36m[Knote: [m[K  cannot convert ‘[01m[Kstd::end[m[K’ (type ‘[01m[K<unresolved overloaded function type>[m[K’) to type ‘[01m[Kstd::thread::id[m[K’
[5.941s]   215 |       cout<<vel_.twist.linear.x<<[01;36m[Kend[m[K;
[5.941s]       |                                  [01;36m[K^~~[m[K
[5.941s] In file included from [01m[K/usr/include/c++/11/iostream:39[m[K,
[5.941s]                  from [01m[K/opt/ros/humble/include/rclcpp/rclcpp/executor.hpp:22[m[K,
[5.941s]                  from [01m[K/opt/ros/humble/include/rclcpp/rclcpp/executors/multi_threaded_executor.hpp:25[m[K,
[5.941s]                  from [01m[K/opt/ros/humble/include/rclcpp/rclcpp/executors.hpp:21[m[K,
[5.941s]                  from [01m[K/opt/ros/humble/include/rclcpp/rclcpp/rclcpp.hpp:155[m[K,
[5.941s]                  from [01m[K/home/zbt/Upper-main/rc_interaction/src/model_xbox.cpp:1[m[K:
[5.941s] [01m[K/usr/include/c++/11/ostream:513:5:[m[K [01;36m[Knote: [m[Kcandidate: ‘[01m[Kstd::basic_ostream<_Ch, _Tr>& std::operator<<(std::basic_ostream<_Ch, _Tr>&, _CharT) [with _CharT = char; _Traits = std::char_traits<char>][m[K’
[5.941s]   513 |     [01;36m[Koperator[m[K<<(basic_ostream<_CharT, _Traits>& __out, _CharT __c)
[5.941s]       |     [01;36m[K^~~~~~~~[m[K
[5.942s] [01m[K/usr/include/c++/11/ostream:513:62:[m[K [01;36m[Knote: [m[K  no known conversion for argument 2 from ‘[01m[K<unresolved overloaded function type>[m[K’ to ‘[01m[Kchar[m[K’
[5.942s]   513 |     operator<<(basic_ostream<_CharT, _Traits>& __out, [01;36m[K_CharT __c[m[K)
[5.946s]       |                                                       [01;36m[K~~~~~~~^~~[m[K
[5.946s] [01m[K/usr/include/c++/11/ostream:518:5:[m[K [01;36m[Knote: [m[Kcandidate: ‘[01m[Ktemplate<class _CharT, class _Traits> std::basic_ostream<_Ch, _Tr>& std::operator<<(std::basic_ostream<_Ch, _Tr>&, char)[m[K’
[5.946s]   518 |     [01;36m[Koperator[m[K<<(basic_ostream<_CharT, _Traits>& __out, char __c)
[5.948s]       |     [01;36m[K^~~~~~~~[m[K
[5.948s] [01m[K/usr/include/c++/11/ostream:518:5:[m[K [01;36m[Knote: [m[K  template argument deduction/substitution failed:
[5.948s] In file included from [01m[K/home/zbt/Upper-main/rc_interaction/src/model_xbox.cpp:4[m[K:
[5.948s] [01m[K/home/zbt/Upper-main/rc_interaction/include/rc_interaction/sbus_node.hpp:215:34:[m[K [01;36m[Knote: [m[K  cannot convert ‘[01m[Kstd::end[m[K’ (type ‘[01m[K<unresolved overloaded function type>[m[K’) to type ‘[01m[Kchar[m[K’
[5.949s]   215 |       cout<<vel_.twist.linear.x<<[01;36m[Kend[m[K;
[5.949s]       |                                  [01;36m[K^~~[m[K
[5.949s] In file included from [01m[K/usr/include/c++/11/iostream:39[m[K,
[5.949s]                  from [01m[K/opt/ros/humble/include/rclcpp/rclcpp/executor.hpp:22[m[K,
[5.949s]                  from [01m[K/opt/ros/humble/include/rclcpp/rclcpp/executors/multi_threaded_executor.hpp:25[m[K,
[5.949s]                  from [01m[K/opt/ros/humble/include/rclcpp/rclcpp/executors.hpp:21[m[K,
[5.949s]                  from [01m[K/opt/ros/humble/include/rclcpp/rclcpp/rclcpp.hpp:155[m[K,
[5.949s]                  from [01m[K/home/zbt/Upper-main/rc_interaction/src/model_xbox.cpp:1[m[K:
[5.949s] [01m[K/usr/include/c++/11/ostream:524:5:[m[K [01;36m[Knote: [m[Kcandidate: ‘[01m[Ktemplate<class _Traits> std::basic_ostream<char, _Traits>& std::operator<<(std::basic_ostream<char, _Traits>&, char)[m[K’
[5.949s]   524 |     [01;36m[Koperator[m[K<<(basic_ostream<char, _Traits>& __out, char __c)
[5.949s]       |     [01;36m[K^~~~~~~~[m[K
[5.949s] [01m[K/usr/include/c++/11/ostream:524:5:[m[K [01;36m[Knote: [m[K  template argument deduction/substitution failed:
[5.949s] In file included from [01m[K/home/zbt/Upper-main/rc_interaction/src/model_xbox.cpp:4[m[K:
[5.949s] [01m[K/home/zbt/Upper-main/rc_interaction/include/rc_interaction/sbus_node.hpp:215:34:[m[K [01;36m[Knote: [m[K  cannot convert ‘[01m[Kstd::end[m[K’ (type ‘[01m[K<unresolved overloaded function type>[m[K’) to type ‘[01m[Kchar[m[K’
[5.949s]   215 |       cout<<vel_.twist.linear.x<<[01;36m[Kend[m[K;
[5.949s]       |                                  [01;36m[K^~~[m[K
[5.949s] In file included from [01m[K/usr/include/c++/11/iostream:39[m[K,
[5.949s]                  from [01m[K/opt/ros/humble/include/rclcpp/rclcpp/executor.hpp:22[m[K,
[5.949s]                  from [01m[K/opt/ros/humble/include/rclcpp/rclcpp/executors/multi_threaded_executor.hpp:25[m[K,
[5.949s]                  from [01m[K/opt/ros/humble/include/rclcpp/rclcpp/executors.hpp:21[m[K,
[5.949s]                  from [01m[K/opt/ros/humble/include/rclcpp/rclcpp/rclcpp.hpp:155[m[K,
[5.949s]                  from [01m[K/home/zbt/Upper-main/rc_interaction/src/model_xbox.cpp:1[m[K:
[5.949s] [01m[K/usr/include/c++/11/ostream:530:5:[m[K [01;36m[Knote: [m[Kcandidate: ‘[01m[Ktemplate<class _Traits> std::basic_ostream<char, _Traits>& std::operator<<(std::basic_ostream<char, _Traits>&, signed char)[m[K’
[5.949s]   530 |     [01;36m[Koperator[m[K<<(basic_ostream<char, _Traits>& __out, signed char __c)
[5.949s]       |     [01;36m[K^~~~~~~~[m[K
[5.949s] [01m[K/usr/include/c++/11/ostream:530:5:[m[K [01;36m[Knote: [m[K  template argument deduction/substitution failed:
[5.949s] In file included from [01m[K/home/zbt/Upper-main/rc_interaction/src/model_xbox.cpp:4[m[K:
[5.949s] [01m[K/home/zbt/Upper-main/rc_interaction/include/rc_interaction/sbus_node.hpp:215:34:[m[K [01;36m[Knote: [m[K  cannot convert ‘[01m[Kstd::end[m[K’ (type ‘[01m[K<unresolved overloaded function type>[m[K’) to type ‘[01m[Ksigned char[m[K’
[5.949s]   215 |       cout<<vel_.twist.linear.x<<[01;36m[Kend[m[K;
[5.949s]       |                                  [01;36m[K^~~[m[K
[5.949s] In file included from [01m[K/usr/include/c++/11/iostream:39[m[K,
[5.949s]                  from [01m[K/opt/ros/humble/include/rclcpp/rclcpp/executor.hpp:22[m[K,
[5.950s]                  from [01m[K/opt/ros/humble/include/rclcpp/rclcpp/executors/multi_threaded_executor.hpp:25[m[K,
[5.950s]                  from [01m[K/opt/ros/humble/include/rclcpp/rclcpp/executors.hpp:21[m[K,
[5.950s]                  from [01m[K/opt/ros/humble/include/rclcpp/rclcpp/rclcpp.hpp:155[m[K,
[5.953s]                  from [01m[K/home/zbt/Upper-main/rc_interaction/src/model_xbox.cpp:1[m[K:
[5.953s] [01m[K/usr/include/c++/11/ostream:535:5:[m[K [01;36m[Knote: [m[Kcandidate: ‘[01m[Ktemplate<class _Traits> std::basic_ostream<char, _Traits>& std::operator<<(std::basic_ostream<char, _Traits>&, unsigned char)[m[K’
[5.953s]   535 |     [01;36m[Koperator[m[K<<(basic_ostream<char, _Traits>& __out, unsigned char __c)
[5.953s]       |     [01;36m[K^~~~~~~~[m[K
[5.953s] [01m[K/usr/include/c++/11/ostream:535:5:[m[K [01;36m[Knote: [m[K  template argument deduction/substitution failed:
[5.953s] In file included from [01m[K/home/zbt/Upper-main/rc_interaction/src/model_xbox.cpp:4[m[K:
[5.953s] [01m[K/home/zbt/Upper-main/rc_interaction/include/rc_interaction/sbus_node.hpp:215:34:[m[K [01;36m[Knote: [m[K  cannot convert ‘[01m[Kstd::end[m[K’ (type ‘[01m[K<unresolved overloaded function type>[m[K’) to type ‘[01m[Kunsigned char[m[K’
[5.953s]   215 |       cout<<vel_.twist.linear.x<<[01;36m[Kend[m[K;
[5.953s]       |                                  [01;36m[K^~~[m[K
[5.953s] In file included from [01m[K/usr/include/c++/11/iostream:39[m[K,
[5.953s]                  from [01m[K/opt/ros/humble/include/rclcpp/rclcpp/executor.hpp:22[m[K,
[5.953s]                  from [01m[K/opt/ros/humble/include/rclcpp/rclcpp/executors/multi_threaded_executor.hpp:25[m[K,
[5.953s]                  from [01m[K/opt/ros/humble/include/rclcpp/rclcpp/executors.hpp:21[m[K,
[5.953s]                  from [01m[K/opt/ros/humble/include/rclcpp/rclcpp/rclcpp.hpp:155[m[K,
[5.953s]                  from [01m[K/home/zbt/Upper-main/rc_interaction/src/model_xbox.cpp:1[m[K:
[5.953s] [01m[K/usr/include/c++/11/ostream:594:5:[m[K [01;36m[Knote: [m[Kcandidate: ‘[01m[Kstd::basic_ostream<_Ch, _Tr>& std::operator<<(std::basic_ostream<_Ch, _Tr>&, const _CharT*) [with _CharT = char; _Traits = std::char_traits<char>][m[K’
[5.953s]   594 |     [01;36m[Koperator[m[K<<(basic_ostream<_CharT, _Traits>& __out, const _CharT* __s)
[5.953s]       |     [01;36m[K^~~~~~~~[m[K
[5.953s] [01m[K/usr/include/c++/11/ostream:594:69:[m[K [01;36m[Knote: [m[K  no known conversion for argument 2 from ‘[01m[K<unresolved overloaded function type>[m[K’ to ‘[01m[Kconst char*[m[K’
[5.953s]   594 |     operator<<(basic_ostream<_CharT, _Traits>& __out, [01;36m[Kconst _CharT* __s[m[K)
[5.953s]       |                                                       [01;36m[K~~~~~~~~~~~~~~^~~[m[K
[5.953s] In file included from [01m[K/usr/include/c++/11/ostream:829[m[K,
[5.955s]                  from [01m[K/usr/include/c++/11/iostream:39[m[K,
[5.955s]                  from [01m[K/opt/ros/humble/include/rclcpp/rclcpp/executor.hpp:22[m[K,
[5.955s]                  from [01m[K/opt/ros/humble/include/rclcpp/rclcpp/executors/multi_threaded_executor.hpp:25[m[K,
[5.955s]                  from [01m[K/opt/ros/humble/include/rclcpp/rclcpp/executors.hpp:21[m[K,
[5.955s]                  from [01m[K/opt/ros/humble/include/rclcpp/rclcpp/rclcpp.hpp:155[m[K,
[5.955s]                  from [01m[K/home/zbt/Upper-main/rc_interaction/src/model_xbox.cpp:1[m[K:
[5.958s] [01m[K/usr/include/c++/11/bits/ostream.tcc:321:5:[m[K [01;36m[Knote: [m[Kcandidate: ‘[01m[Ktemplate<class _CharT, class _Traits> std::basic_ostream<_Ch, _Tr>& std::operator<<(std::basic_ostream<_Ch, _Tr>&, const char*)[m[K’
[5.958s]   321 |     [01;36m[Koperator[m[K<<(basic_ostream<_CharT, _Traits>& __out, const char* __s)
[5.959s]       |     [01;36m[K^~~~~~~~[m[K
[5.959s] [01m[K/usr/include/c++/11/bits/ostream.tcc:321:5:[m[K [01;36m[Knote: [m[K  template argument deduction/substitution failed:
[5.959s] In file included from [01m[K/home/zbt/Upper-main/rc_interaction/src/model_xbox.cpp:4[m[K:
[5.959s] [01m[K/home/zbt/Upper-main/rc_interaction/include/rc_interaction/sbus_node.hpp:215:34:[m[K [01;36m[Knote: [m[K  cannot convert ‘[01m[Kstd::end[m[K’ (type ‘[01m[K<unresolved overloaded function type>[m[K’) to type ‘[01m[Kconst char*[m[K’
[5.959s]   215 |       cout<<vel_.twist.linear.x<<[01;36m[Kend[m[K;
[5.959s]       |                                  [01;36m[K^~~[m[K
[5.959s] In file included from [01m[K/usr/include/c++/11/iostream:39[m[K,
[5.959s]                  from [01m[K/opt/ros/humble/include/rclcpp/rclcpp/executor.hpp:22[m[K,
[5.959s]                  from [01m[K/opt/ros/humble/include/rclcpp/rclcpp/executors/multi_threaded_executor.hpp:25[m[K,
[5.959s]                  from [01m[K/opt/ros/humble/include/rclcpp/rclcpp/executors.hpp:21[m[K,
[5.959s]                  from [01m[K/opt/ros/humble/include/rclcpp/rclcpp/rclcpp.hpp:155[m[K,
[5.959s]                  from [01m[K/home/zbt/Upper-main/rc_interaction/src/model_xbox.cpp:1[m[K:
[5.959s] [01m[K/usr/include/c++/11/ostream:611:5:[m[K [01;36m[Knote: [m[Kcandidate: ‘[01m[Ktemplate<class _Traits> std::basic_ostream<char, _Traits>& std::operator<<(std::basic_ostream<char, _Traits>&, const char*)[m[K’
[5.959s]   611 |     [01;36m[Koperator[m[K<<(basic_ostream<char, _Traits>& __out, const char* __s)
[5.959s]       |     [01;36m[K^~~~~~~~[m[K
[5.959s] [01m[K/usr/include/c++/11/ostream:611:5:[m[K [01;36m[Knote: [m[K  template argument deduction/substitution failed:
[5.959s] In file included from [01m[K/home/zbt/Upper-main/rc_interaction/src/model_xbox.cpp:4[m[K:
[5.959s] [01m[K/home/zbt/Upper-main/rc_interaction/include/rc_interaction/sbus_node.hpp:215:34:[m[K [01;36m[Knote: [m[K  cannot convert ‘[01m[Kstd::end[m[K’ (type ‘[01m[K<unresolved overloaded function type>[m[K’) to type ‘[01m[Kconst char*[m[K’
[5.959s]   215 |       cout<<vel_.twist.linear.x<<[01;36m[Kend[m[K;
[5.959s]       |                                  [01;36m[K^~~[m[K
[5.959s] In file included from [01m[K/usr/include/c++/11/iostream:39[m[K,
[5.959s]                  from [01m[K/opt/ros/humble/include/rclcpp/rclcpp/executor.hpp:22[m[K,
[5.959s]                  from [01m[K/opt/ros/humble/include/rclcpp/rclcpp/executors/multi_threaded_executor.hpp:25[m[K,
[5.959s]                  from [01m[K/opt/ros/humble/include/rclcpp/rclcpp/executors.hpp:21[m[K,
[5.959s]                  from [01m[K/opt/ros/humble/include/rclcpp/rclcpp/rclcpp.hpp:155[m[K,
[5.959s]                  from [01m[K/home/zbt/Upper-main/rc_interaction/src/model_xbox.cpp:1[m[K:
[5.959s] [01m[K/usr/include/c++/11/ostream:624:5:[m[K [01;36m[Knote: [m[Kcandidate: ‘[01m[Ktemplate<class _Traits> std::basic_ostream<char, _Traits>& std::operator<<(std::basic_ostream<char, _Traits>&, const signed char*)[m[K’
[5.959s]   624 |     [01;36m[Koperator[m[K<<(basic_ostream<char, _Traits>& __out, const signed char* __s)
[5.959s]       |     [01;36m[K^~~~~~~~[m[K
[5.959s] [01m[K/usr/include/c++/11/ostream:624:5:[m[K [01;36m[Knote: [m[K  template argument deduction/substitution failed:
[5.959s] In file included from [01m[K/home/zbt/Upper-main/rc_interaction/src/model_xbox.cpp:4[m[K:
[5.959s] [01m[K/home/zbt/Upper-main/rc_interaction/include/rc_interaction/sbus_node.hpp:215:34:[m[K [01;36m[Knote: [m[K  cannot convert ‘[01m[Kstd::end[m[K’ (type ‘[01m[K<unresolved overloaded function type>[m[K’) to type ‘[01m[Kconst signed char*[m[K’
[5.959s]   215 |       cout<<vel_.twist.linear.x<<[01;36m[Kend[m[K;
[5.959s]       |                                  [01;36m[K^~~[m[K
[5.959s] In file included from [01m[K/usr/include/c++/11/iostream:39[m[K,
[5.959s]                  from [01m[K/opt/ros/humble/include/rclcpp/rclcpp/executor.hpp:22[m[K,
[5.959s]                  from [01m[K/opt/ros/humble/include/rclcpp/rclcpp/executors/multi_threaded_executor.hpp:25[m[K,
[5.959s]                  from [01m[K/opt/ros/humble/include/rclcpp/rclcpp/executors.hpp:21[m[K,
[5.960s]                  from [01m[K/opt/ros/humble/include/rclcpp/rclcpp/rclcpp.hpp:155[m[K,
[5.960s]                  from [01m[K/home/zbt/Upper-main/rc_interaction/src/model_xbox.cpp:1[m[K:
[5.960s] [01m[K/usr/include/c++/11/ostream:629:5:[m[K [01;36m[Knote: [m[Kcandidate: ‘[01m[Ktemplate<class _Traits> std::basic_ostream<char, _Traits>& std::operator<<(std::basic_ostream<char, _Traits>&, const unsigned char*)[m[K’
[5.960s]   629 |     [01;36m[Koperator[m[K<<(basic_ostream<char, _Traits>& __out, const unsigned char* __s)
[5.960s]       |     [01;36m[K^~~~~~~~[m[K
[5.960s] [01m[K/usr/include/c++/11/ostream:629:5:[m[K [01;36m[Knote: [m[K  template argument deduction/substitution failed:
[5.960s] In file included from [01m[K/home/zbt/Upper-main/rc_interaction/src/model_xbox.cpp:4[m[K:
[5.960s] [01m[K/home/zbt/Upper-main/rc_interaction/include/rc_interaction/sbus_node.hpp:215:34:[m[K [01;36m[Knote: [m[K  cannot convert ‘[01m[Kstd::end[m[K’ (type ‘[01m[K<unresolved overloaded function type>[m[K’) to type ‘[01m[Kconst unsigned char*[m[K’
[5.960s]   215 |       cout<<vel_.twist.linear.x<<[01;36m[Kend[m[K;
[5.960s]       |                                  [01;36m[K^~~[m[K
[5.960s] In file included from [01m[K/usr/include/c++/11/iostream:39[m[K,
[5.960s]                  from [01m[K/opt/ros/humble/include/rclcpp/rclcpp/executor.hpp:22[m[K,
[5.960s]                  from [01m[K/opt/ros/humble/include/rclcpp/rclcpp/executors/multi_threaded_executor.hpp:25[m[K,
[5.960s]                  from [01m[K/opt/ros/humble/include/rclcpp/rclcpp/executors.hpp:21[m[K,
[5.960s]                  from [01m[K/opt/ros/humble/include/rclcpp/rclcpp/rclcpp.hpp:155[m[K,
[5.960s]                  from [01m[K/home/zbt/Upper-main/rc_interaction/src/model_xbox.cpp:1[m[K:
[5.960s] [01m[K/usr/include/c++/11/ostream:750:5:[m[K [01;36m[Knote: [m[Kcandidate: ‘[01m[Ktemplate<class _Ostream, class _Tp> _Ostream&& std::operator<<(_Ostream&&, const _Tp&)[m[K’
[5.960s]   750 |     [01;36m[Koperator[m[K<<(_Ostream&& __os, const _Tp& __x)
[5.960s]       |     [01;36m[K^~~~~~~~[m[K
[5.960s] [01m[K/usr/include/c++/11/ostream:750:5:[m[K [01;36m[Knote: [m[K  template argument deduction/substitution failed:
[5.960s] In file included from [01m[K/home/zbt/Upper-main/rc_interaction/src/model_xbox.cpp:4[m[K:
[5.960s] [01m[K/home/zbt/Upper-main/rc_interaction/include/rc_interaction/sbus_node.hpp:215:34:[m[K [01;36m[Knote: [m[K  couldn’t deduce template parameter ‘[01m[K_Tp[m[K’
[5.960s]   215 |       cout<<vel_.twist.linear.x<<[01;36m[Kend[m[K;
[5.960s]       |                                  [01;36m[K^~~[m[K
[5.965s] In file included from [01m[K/opt/ros/humble/include/rosidl_runtime_cpp/rosidl_runtime_cpp/traits.hpp:19[m[K,
[5.965s]                  from [01m[K/opt/ros/humble/include/builtin_interfaces/builtin_interfaces/msg/detail/duration__traits.hpp:15[m[K,
[5.965s]                  from [01m[K/opt/ros/humble/include/builtin_interfaces/builtin_interfaces/msg/duration.hpp:9[m[K,
[5.965s]                  from [01m[K/opt/ros/humble/include/rclcpp/rclcpp/duration.hpp:20[m[K,
[5.965s]                  from [01m[K/opt/ros/humble/include/rclcpp/rclcpp/qos.hpp:20[m[K,
[5.965s]                  from [01m[K/opt/ros/humble/include/rclcpp/rclcpp/node_interfaces/node_graph_interface.hpp:32[m[K,
[5.965s]                  from [01m[K/opt/ros/humble/include/rclcpp/rclcpp/client.hpp:42[m[K,
[5.965s]                  from [01m[K/opt/ros/humble/include/rclcpp/rclcpp/callback_group.hpp:24[m[K,
[5.965s]                  from [01m[K/opt/ros/humble/include/rclcpp/rclcpp/any_executable.hpp:20[m[K,
[5.965s]                  from [01m[K/opt/ros/humble/include/rclcpp/rclcpp/memory_strategy.hpp:25[m[K,
[5.965s]                  from [01m[K/opt/ros/humble/include/rclcpp/rclcpp/memory_strategies.hpp:18[m[K,
[5.965s]                  from [01m[K/opt/ros/humble/include/rclcpp/rclcpp/executor_options.hpp:20[m[K,
[5.965s]                  from [01m[K/opt/ros/humble/include/rclcpp/rclcpp/executor.hpp:37[m[K,
[5.965s]                  from [01m[K/opt/ros/humble/include/rclcpp/rclcpp/executors/multi_threaded_executor.hpp:25[m[K,
[5.965s]                  from [01m[K/opt/ros/humble/include/rclcpp/rclcpp/executors.hpp:21[m[K,
[5.965s]                  from [01m[K/opt/ros/humble/include/rclcpp/rclcpp/rclcpp.hpp:155[m[K,
[5.965s]                  from [01m[K/home/zbt/Upper-main/rc_interaction/src/model_xbox.cpp:1[m[K:
[5.965s] [01m[K/usr/include/c++/11/iomanip:79:5:[m[K [01;36m[Knote: [m[Kcandidate: ‘[01m[Ktemplate<class _CharT, class _Traits> std::basic_ostream<_Ch, _Tr>& std::operator<<(std::basic_ostream<_Ch, _Tr>&, std::_Resetiosflags)[m[K’
[5.965s]    79 |     [01;36m[Koperator[m[K<<(basic_ostream<_CharT, _Traits>& __os, _Resetiosflags __f)
[5.965s]       |     [01;36m[K^~~~~~~~[m[K
[5.965s] [01m[K/usr/include/c++/11/iomanip:79:5:[m[K [01;36m[Knote: [m[K  template argument deduction/substitution failed:
[5.965s] In file included from [01m[K/home/zbt/Upper-main/rc_interaction/src/model_xbox.cpp:4[m[K:
[5.965s] [01m[K/home/zbt/Upper-main/rc_interaction/include/rc_interaction/sbus_node.hpp:215:34:[m[K [01;36m[Knote: [m[K  cannot convert ‘[01m[Kstd::end[m[K’ (type ‘[01m[K<unresolved overloaded function type>[m[K’) to type ‘[01m[Kstd::_Resetiosflags[m[K’
[5.965s]   215 |       cout<<vel_.twist.linear.x<<[01;36m[Kend[m[K;
[5.966s]       |                                  [01;36m[K^~~[m[K
[5.966s] In file included from [01m[K/opt/ros/humble/include/rosidl_runtime_cpp/rosidl_runtime_cpp/traits.hpp:19[m[K,
[5.966s]                  from [01m[K/opt/ros/humble/include/builtin_interfaces/builtin_interfaces/msg/detail/duration__traits.hpp:15[m[K,
[5.966s]                  from [01m[K/opt/ros/humble/include/builtin_interfaces/builtin_interfaces/msg/duration.hpp:9[m[K,
[5.966s]                  from [01m[K/opt/ros/humble/include/rclcpp/rclcpp/duration.hpp:20[m[K,
[5.966s]                  from [01m[K/opt/ros/humble/include/rclcpp/rclcpp/qos.hpp:20[m[K,
[5.966s]                  from [01m[K/opt/ros/humble/include/rclcpp/rclcpp/node_interfaces/node_graph_interface.hpp:32[m[K,
[5.966s]                  from [01m[K/opt/ros/humble/include/rclcpp/rclcpp/client.hpp:42[m[K,
[5.966s]                  from [01m[K/opt/ros/humble/include/rclcpp/rclcpp/callback_group.hpp:24[m[K,
[5.966s]                  from [01m[K/opt/ros/humble/include/rclcpp/rclcpp/any_executable.hpp:20[m[K,
[5.966s]                  from [01m[K/opt/ros/humble/include/rclcpp/rclcpp/memory_strategy.hpp:25[m[K,
[5.966s]                  from [01m[K/opt/ros/humble/include/rclcpp/rclcpp/memory_strategies.hpp:18[m[K,
[5.966s]                  from [01m[K/opt/ros/humble/include/rclcpp/rclcpp/executor_options.hpp:20[m[K,
[5.966s]                  from [01m[K/opt/ros/humble/include/rclcpp/rclcpp/executor.hpp:37[m[K,
[5.966s]                  from [01m[K/opt/ros/humble/include/rclcpp/rclcpp/executors/multi_threaded_executor.hpp:25[m[K,
[5.966s]                  from [01m[K/opt/ros/humble/include/rclcpp/rclcpp/executors.hpp:21[m[K,
[5.966s]                  from [01m[K/opt/ros/humble/include/rclcpp/rclcpp/rclcpp.hpp:155[m[K,
[5.966s]                  from [01m[K/home/zbt/Upper-main/rc_interaction/src/model_xbox.cpp:1[m[K:
[5.966s] [01m[K/usr/include/c++/11/iomanip:109:5:[m[K [01;36m[Knote: [m[Kcandidate: ‘[01m[Ktemplate<class _CharT, class _Traits> std::basic_ostream<_Ch, _Tr>& std::operator<<(std::basic_ostream<_Ch, _Tr>&, std::_Setiosflags)[m[K’
[5.966s]   109 |     [01;36m[Koperator[m[K<<(basic_ostream<_CharT, _Traits>& __os, _Setiosflags __f)
[5.966s]       |     [01;36m[K^~~~~~~~[m[K
[5.966s] [01m[K/usr/include/c++/11/iomanip:109:5:[m[K [01;36m[Knote: [m[K  template argument deduction/substitution failed:
[5.966s] In file included from [01m[K/home/zbt/Upper-main/rc_interaction/src/model_xbox.cpp:4[m[K:
[5.966s] [01m[K/home/zbt/Upper-main/rc_interaction/include/rc_interaction/sbus_node.hpp:215:34:[m[K [01;36m[Knote: [m[K  cannot convert ‘[01m[Kstd::end[m[K’ (type ‘[01m[K<unresolved overloaded function type>[m[K’) to type ‘[01m[Kstd::_Setiosflags[m[K’
[5.966s]   215 |       cout<<vel_.twist.linear.x<<[01;36m[Kend[m[K;
[5.966s]       |                                  [01;36m[K^~~[m[K
[5.966s] In file included from [01m[K/opt/ros/humble/include/rosidl_runtime_cpp/rosidl_runtime_cpp/traits.hpp:19[m[K,
[5.966s]                  from [01m[K/opt/ros/humble/include/builtin_interfaces/builtin_interfaces/msg/detail/duration__traits.hpp:15[m[K,
[5.966s]                  from [01m[K/opt/ros/humble/include/builtin_interfaces/builtin_interfaces/msg/duration.hpp:9[m[K,
[5.966s]                  from [01m[K/opt/ros/humble/include/rclcpp/rclcpp/duration.hpp:20[m[K,
[5.966s]                  from [01m[K/opt/ros/humble/include/rclcpp/rclcpp/qos.hpp:20[m[K,
[5.966s]                  from [01m[K/opt/ros/humble/include/rclcpp/rclcpp/node_interfaces/node_graph_interface.hpp:32[m[K,
[5.966s]                  from [01m[K/opt/ros/humble/include/rclcpp/rclcpp/client.hpp:42[m[K,
[5.966s]                  from [01m[K/opt/ros/humble/include/rclcpp/rclcpp/callback_group.hpp:24[m[K,
[5.966s]                  from [01m[K/opt/ros/humble/include/rclcpp/rclcpp/any_executable.hpp:20[m[K,
[5.966s]                  from [01m[K/opt/ros/humble/include/rclcpp/rclcpp/memory_strategy.hpp:25[m[K,
[5.966s]                  from [01m[K/opt/ros/humble/include/rclcpp/rclcpp/memory_strategies.hpp:18[m[K,
[5.966s]                  from [01m[K/opt/ros/humble/include/rclcpp/rclcpp/executor_options.hpp:20[m[K,
[5.966s]                  from [01m[K/opt/ros/humble/include/rclcpp/rclcpp/executor.hpp:37[m[K,
[5.966s]                  from [01m[K/opt/ros/humble/include/rclcpp/rclcpp/executors/multi_threaded_executor.hpp:25[m[K,
[5.967s]                  from [01m[K/opt/ros/humble/include/rclcpp/rclcpp/executors.hpp:21[m[K,
[5.967s]                  from [01m[K/opt/ros/humble/include/rclcpp/rclcpp/rclcpp.hpp:155[m[K,
[5.967s]                  from [01m[K/home/zbt/Upper-main/rc_interaction/src/model_xbox.cpp:1[m[K:
[5.967s] [01m[K/usr/include/c++/11/iomanip:143:5:[m[K [01;36m[Knote: [m[Kcandidate: ‘[01m[Ktemplate<class _CharT, class _Traits> std::basic_ostream<_Ch, _Tr>& std::operator<<(std::basic_ostream<_Ch, _Tr>&, std::_Setbase)[m[K’
[5.967s]   143 |     [01;36m[Koperator[m[K<<(basic_ostream<_CharT, _Traits>& __os, _Setbase __f)
[5.967s]       |     [01;36m[K^~~~~~~~[m[K
[5.967s] [01m[K/usr/include/c++/11/iomanip:143:5:[m[K [01;36m[Knote: [m[K  template argument deduction/substitution failed:
[5.967s] In file included from [01m[K/home/zbt/Upper-main/rc_interaction/src/model_xbox.cpp:4[m[K:
[5.967s] [01m[K/home/zbt/Upper-main/rc_interaction/include/rc_interaction/sbus_node.hpp:215:34:[m[K [01;36m[Knote: [m[K  cannot convert ‘[01m[Kstd::end[m[K’ (type ‘[01m[K<unresolved overloaded function type>[m[K’) to type ‘[01m[Kstd::_Setbase[m[K’
[5.967s]   215 |       cout<<vel_.twist.linear.x<<[01;36m[Kend[m[K;
[5.967s]       |                                  [01;36m[K^~~[m[K
[5.967s] In file included from [01m[K/opt/ros/humble/include/rosidl_runtime_cpp/rosidl_runtime_cpp/traits.hpp:19[m[K,
[5.967s]                  from [01m[K/opt/ros/humble/include/builtin_interfaces/builtin_interfaces/msg/detail/duration__traits.hpp:15[m[K,
[5.967s]                  from [01m[K/opt/ros/humble/include/builtin_interfaces/builtin_interfaces/msg/duration.hpp:9[m[K,
[5.967s]                  from [01m[K/opt/ros/humble/include/rclcpp/rclcpp/duration.hpp:20[m[K,
[5.967s]                  from [01m[K/opt/ros/humble/include/rclcpp/rclcpp/qos.hpp:20[m[K,
[5.967s]                  from [01m[K/opt/ros/humble/include/rclcpp/rclcpp/node_interfaces/node_graph_interface.hpp:32[m[K,
[5.967s]                  from [01m[K/opt/ros/humble/include/rclcpp/rclcpp/client.hpp:42[m[K,
[5.967s]                  from [01m[K/opt/ros/humble/include/rclcpp/rclcpp/callback_group.hpp:24[m[K,
[5.967s]                  from [01m[K/opt/ros/humble/include/rclcpp/rclcpp/any_executable.hpp:20[m[K,
[5.967s]                  from [01m[K/opt/ros/humble/include/rclcpp/rclcpp/memory_strategy.hpp:25[m[K,
[5.967s]                  from [01m[K/opt/ros/humble/include/rclcpp/rclcpp/memory_strategies.hpp:18[m[K,
[5.967s]                  from [01m[K/opt/ros/humble/include/rclcpp/rclcpp/executor_options.hpp:20[m[K,
[5.967s]                  from [01m[K/opt/ros/humble/include/rclcpp/rclcpp/executor.hpp:37[m[K,
[5.967s]                  from [01m[K/opt/ros/humble/include/rclcpp/rclcpp/executors/multi_threaded_executor.hpp:25[m[K,
[5.967s]                  from [01m[K/opt/ros/humble/include/rclcpp/rclcpp/executors.hpp:21[m[K,
[5.967s]                  from [01m[K/opt/ros/humble/include/rclcpp/rclcpp/rclcpp.hpp:155[m[K,
[5.967s]                  from [01m[K/home/zbt/Upper-main/rc_interaction/src/model_xbox.cpp:1[m[K:
[5.967s] [01m[K/usr/include/c++/11/iomanip:178:5:[m[K [01;36m[Knote: [m[Kcandidate: ‘[01m[Kstd::basic_ostream<_Ch, _Tr>& std::operator<<(std::basic_ostream<_Ch, _Tr>&, std::_Setfill<_CharT>) [with _CharT = char; _Traits = std::char_traits<char>][m[K’
[5.967s]   178 |     [01;36m[Koperator[m[K<<(basic_ostream<_CharT, _Traits>& __os, _Setfill<_CharT> __f)
[5.967s]       |     [01;36m[K^~~~~~~~[m[K
[5.967s] [01m[K/usr/include/c++/11/iomanip:178:71:[m[K [01;36m[Knote: [m[K  no known conversion for argument 2 from ‘[01m[K<unresolved overloaded function type>[m[K’ to ‘[01m[Kstd::_Setfill<char>[m[K’
[5.967s]   178 |     operator<<(basic_ostream<_CharT, _Traits>& __os, [01;36m[K_Setfill<_CharT> __f[m[K)
[5.967s]       |                                                      [01;36m[K~~~~~~~~~~~~~~~~~^~~[m[K
[5.967s] [01m[K/usr/include/c++/11/iomanip:208:5:[m[K [01;36m[Knote: [m[Kcandidate: ‘[01m[Ktemplate<class _CharT, class _Traits> std::basic_ostream<_Ch, _Tr>& std::operator<<(std::basic_ostream<_Ch, _Tr>&, std::_Setprecision)[m[K’
[5.967s]   208 |     [01;36m[Koperator[m[K<<(basic_ostream<_CharT, _Traits>& __os, _Setprecision __f)
[5.967s]       |     [01;36m[K^~~~~~~~[m[K
[5.967s] [01m[K/usr/include/c++/11/iomanip:208:5:[m[K [01;36m[Knote: [m[K  template argument deduction/substitution failed:
[5.967s] In file included from [01m[K/home/zbt/Upper-main/rc_interaction/src/model_xbox.cpp:4[m[K:
[5.967s] [01m[K/home/zbt/Upper-main/rc_interaction/include/rc_interaction/sbus_node.hpp:215:34:[m[K [01;36m[Knote: [m[K  cannot convert ‘[01m[Kstd::end[m[K’ (type ‘[01m[K<unresolved overloaded function type>[m[K’) to type ‘[01m[Kstd::_Setprecision[m[K’
[5.967s]   215 |       cout<<vel_.twist.linear.x<<[01;36m[Kend[m[K;
[5.968s]       |                                  [01;36m[K^~~[m[K
[5.968s] In file included from [01m[K/opt/ros/humble/include/rosidl_runtime_cpp/rosidl_runtime_cpp/traits.hpp:19[m[K,
[5.968s]                  from [01m[K/opt/ros/humble/include/builtin_interfaces/builtin_interfaces/msg/detail/duration__traits.hpp:15[m[K,
[5.968s]                  from [01m[K/opt/ros/humble/include/builtin_interfaces/builtin_interfaces/msg/duration.hpp:9[m[K,
[5.968s]                  from [01m[K/opt/ros/humble/include/rclcpp/rclcpp/duration.hpp:20[m[K,
[5.968s]                  from [01m[K/opt/ros/humble/include/rclcpp/rclcpp/qos.hpp:20[m[K,
[5.968s]                  from [01m[K/opt/ros/humble/include/rclcpp/rclcpp/node_interfaces/node_graph_interface.hpp:32[m[K,
[5.968s]                  from [01m[K/opt/ros/humble/include/rclcpp/rclcpp/client.hpp:42[m[K,
[5.968s]                  from [01m[K/opt/ros/humble/include/rclcpp/rclcpp/callback_group.hpp:24[m[K,
[5.968s]                  from [01m[K/opt/ros/humble/include/rclcpp/rclcpp/any_executable.hpp:20[m[K,
[5.968s]                  from [01m[K/opt/ros/humble/include/rclcpp/rclcpp/memory_strategy.hpp:25[m[K,
[5.968s]                  from [01m[K/opt/ros/humble/include/rclcpp/rclcpp/memory_strategies.hpp:18[m[K,
[5.968s]                  from [01m[K/opt/ros/humble/include/rclcpp/rclcpp/executor_options.hpp:20[m[K,
[5.968s]                  from [01m[K/opt/ros/humble/include/rclcpp/rclcpp/executor.hpp:37[m[K,
[5.968s]                  from [01m[K/opt/ros/humble/include/rclcpp/rclcpp/executors/multi_threaded_executor.hpp:25[m[K,
[5.974s]                  from [01m[K/opt/ros/humble/include/rclcpp/rclcpp/executors.hpp:21[m[K,
[5.974s]                  from [01m[K/opt/ros/humble/include/rclcpp/rclcpp/rclcpp.hpp:155[m[K,
[5.974s]                  from [01m[K/home/zbt/Upper-main/rc_interaction/src/model_xbox.cpp:1[m[K:
[5.974s] [01m[K/usr/include/c++/11/iomanip:238:5:[m[K [01;36m[Knote: [m[Kcandidate: ‘[01m[Ktemplate<class _CharT, class _Traits> std::basic_ostream<_Ch, _Tr>& std::operator<<(std::basic_ostream<_Ch, _Tr>&, std::_Setw)[m[K’
[5.974s]   238 |     [01;36m[Koperator[m[K<<(basic_ostream<_CharT, _Traits>& __os, _Setw __f)
[5.974s]       |     [01;36m[K^~~~~~~~[m[K
[5.974s] [01m[K/usr/include/c++/11/iomanip:238:5:[m[K [01;36m[Knote: [m[K  template argument deduction/substitution failed:
[5.974s] In file included from [01m[K/home/zbt/Upper-main/rc_interaction/src/model_xbox.cpp:4[m[K:
[5.974s] [01m[K/home/zbt/Upper-main/rc_interaction/include/rc_interaction/sbus_node.hpp:215:34:[m[K [01;36m[Knote: [m[K  cannot convert ‘[01m[Kstd::end[m[K’ (type ‘[01m[K<unresolved overloaded function type>[m[K’) to type ‘[01m[Kstd::_Setw[m[K’
[5.974s]   215 |       cout<<vel_.twist.linear.x<<[01;36m[Kend[m[K;
[5.974s]       |                                  [01;36m[K^~~[m[K
[5.974s] In file included from [01m[K/opt/ros/humble/include/rosidl_runtime_cpp/rosidl_runtime_cpp/traits.hpp:19[m[K,
[5.974s]                  from [01m[K/opt/ros/humble/include/builtin_interfaces/builtin_interfaces/msg/detail/duration__traits.hpp:15[m[K,
[5.974s]                  from [01m[K/opt/ros/humble/include/builtin_interfaces/builtin_interfaces/msg/duration.hpp:9[m[K,
[5.974s]                  from [01m[K/opt/ros/humble/include/rclcpp/rclcpp/duration.hpp:20[m[K,
[5.974s]                  from [01m[K/opt/ros/humble/include/rclcpp/rclcpp/qos.hpp:20[m[K,
[5.974s]                  from [01m[K/opt/ros/humble/include/rclcpp/rclcpp/node_interfaces/node_graph_interface.hpp:32[m[K,
[5.974s]                  from [01m[K/opt/ros/humble/include/rclcpp/rclcpp/client.hpp:42[m[K,
[5.974s]                  from [01m[K/opt/ros/humble/include/rclcpp/rclcpp/callback_group.hpp:24[m[K,
[5.974s]                  from [01m[K/opt/ros/humble/include/rclcpp/rclcpp/any_executable.hpp:20[m[K,
[5.974s]                  from [01m[K/opt/ros/humble/include/rclcpp/rclcpp/memory_strategy.hpp:25[m[K,
[5.974s]                  from [01m[K/opt/ros/humble/include/rclcpp/rclcpp/memory_strategies.hpp:18[m[K,
[5.974s]                  from [01m[K/opt/ros/humble/include/rclcpp/rclcpp/executor_options.hpp:20[m[K,
[5.974s]                  from [01m[K/opt/ros/humble/include/rclcpp/rclcpp/executor.hpp:37[m[K,
[5.974s]                  from [01m[K/opt/ros/humble/include/rclcpp/rclcpp/executors/multi_threaded_executor.hpp:25[m[K,
[5.974s]                  from [01m[K/opt/ros/humble/include/rclcpp/rclcpp/executors.hpp:21[m[K,
[5.974s]                  from [01m[K/opt/ros/humble/include/rclcpp/rclcpp/rclcpp.hpp:155[m[K,
[5.974s]                  from [01m[K/home/zbt/Upper-main/rc_interaction/src/model_xbox.cpp:1[m[K:
[5.974s] [01m[K/usr/include/c++/11/iomanip:311:5:[m[K [01;36m[Knote: [m[Kcandidate: ‘[01m[Ktemplate<class _CharT, class _Traits, class _MoneyT> std::basic_ostream<_Ch, _Tr>& std::operator<<(std::basic_ostream<_Ch, _Tr>&, std::_Put_money<_MoneyT>)[m[K’
[5.975s]   311 |     [01;36m[Koperator[m[K<<(basic_ostream<_CharT, _Traits>& __os, _Put_money<_MoneyT> __f)
[5.975s]       |     [01;36m[K^~~~~~~~[m[K
[5.975s] [01m[K/usr/include/c++/11/iomanip:311:5:[m[K [01;36m[Knote: [m[K  template argument deduction/substitution failed:
[5.975s] In file included from [01m[K/home/zbt/Upper-main/rc_interaction/src/model_xbox.cpp:4[m[K:
[5.975s] [01m[K/home/zbt/Upper-main/rc_interaction/include/rc_interaction/sbus_node.hpp:215:34:[m[K [01;36m[Knote: [m[K  couldn’t deduce template parameter ‘[01m[K_MoneyT[m[K’
[5.975s]   215 |       cout<<vel_.twist.linear.x<<[01;36m[Kend[m[K;
[5.975s]       |                                  [01;36m[K^~~[m[K
[5.975s] In file included from [01m[K/opt/ros/humble/include/rosidl_runtime_cpp/rosidl_runtime_cpp/traits.hpp:19[m[K,
[5.975s]                  from [01m[K/opt/ros/humble/include/builtin_interfaces/builtin_interfaces/msg/detail/duration__traits.hpp:15[m[K,
[5.975s]                  from [01m[K/opt/ros/humble/include/builtin_interfaces/builtin_interfaces/msg/duration.hpp:9[m[K,
[5.975s]                  from [01m[K/opt/ros/humble/include/rclcpp/rclcpp/duration.hpp:20[m[K,
[5.975s]                  from [01m[K/opt/ros/humble/include/rclcpp/rclcpp/qos.hpp:20[m[K,
[5.975s]                  from [01m[K/opt/ros/humble/include/rclcpp/rclcpp/node_interfaces/node_graph_interface.hpp:32[m[K,
[5.975s]                  from [01m[K/opt/ros/humble/include/rclcpp/rclcpp/client.hpp:42[m[K,
[5.975s]                  from [01m[K/opt/ros/humble/include/rclcpp/rclcpp/callback_group.hpp:24[m[K,
[5.975s]                  from [01m[K/opt/ros/humble/include/rclcpp/rclcpp/any_executable.hpp:20[m[K,
[5.975s]                  from [01m[K/opt/ros/humble/include/rclcpp/rclcpp/memory_strategy.hpp:25[m[K,
[5.975s]                  from [01m[K/opt/ros/humble/include/rclcpp/rclcpp/memory_strategies.hpp:18[m[K,
[5.975s]                  from [01m[K/opt/ros/humble/include/rclcpp/rclcpp/executor_options.hpp:20[m[K,
[5.975s]                  from [01m[K/opt/ros/humble/include/rclcpp/rclcpp/executor.hpp:37[m[K,
[5.975s]                  from [01m[K/opt/ros/humble/include/rclcpp/rclcpp/executors/multi_threaded_executor.hpp:25[m[K,
[5.975s]                  from [01m[K/opt/ros/humble/include/rclcpp/rclcpp/executors.hpp:21[m[K,
[5.975s]                  from [01m[K/opt/ros/humble/include/rclcpp/rclcpp/rclcpp.hpp:155[m[K,
[5.975s]                  from [01m[K/home/zbt/Upper-main/rc_interaction/src/model_xbox.cpp:1[m[K:
[5.975s] [01m[K/usr/include/c++/11/iomanip:363:5:[m[K [01;36m[Knote: [m[Kcandidate: ‘[01m[Kstd::basic_ostream<_Ch, _Tr>& std::operator<<(std::basic_ostream<_Ch, _Tr>&, std::_Put_time<_CharT>) [with _CharT = char; _Traits = std::char_traits<char>][m[K’
[5.975s]   363 |     [01;36m[Koperator[m[K<<(basic_ostream<_CharT, _Traits>& __os, _Put_time<_CharT> __f)
[5.975s]       |     [01;36m[K^~~~~~~~[m[K
[5.975s] [01m[K/usr/include/c++/11/iomanip:363:72:[m[K [01;36m[Knote: [m[K  no known conversion for argument 2 from ‘[01m[K<unresolved overloaded function type>[m[K’ to ‘[01m[Kstd::_Put_time<char>[m[K’
[5.975s]   363 |     operator<<(basic_ostream<_CharT, _Traits>& __os, [01;36m[K_Put_time<_CharT> __f[m[K)
[5.975s]       |                                                      [01;36m[K~~~~~~~~~~~~~~~~~~^~~[m[K
[5.975s] In file included from [01m[K/usr/include/eigen3/Eigen/Core:50[m[K,
[5.975s]                  from [01m[K/usr/include/eigen3/Eigen/Dense:1[m[K,
[5.975s]                  from [01m[K/usr/include/eigen3/Eigen/Eigen:1[m[K,
[5.975s]                  from [01m[K/opt/ros/humble/include/tf2_sensor_msgs/tf2_sensor_msgs.hpp:44[m[K,
[5.975s]                  from [01m[K/home/zbt/Upper-main/rc_interaction/include/rc_interaction/xbox360_node.hpp:31[m[K,
[5.975s]                  from [01m[K/home/zbt/Upper-main/rc_interaction/src/model_xbox.cpp:3[m[K:
[5.975s] [01m[K/usr/include/c++/11/complex:555:5:[m[K [01;36m[Knote: [m[Kcandidate: ‘[01m[Ktemplate<class _Tp, class _CharT, class _Traits> std::basic_ostream<_CharT, _Traits>& std::operator<<(std::basic_ostream<_CharT, _Traits>&, const std::complex<_Tp>&)[m[K’
[5.975s]   555 |     [01;36m[Koperator[m[K<<(basic_ostream<_CharT, _Traits>& __os, const complex<_Tp>& __x)
[5.975s]       |     [01;36m[K^~~~~~~~[m[K
[5.975s] [01m[K/usr/include/c++/11/complex:555:5:[m[K [01;36m[Knote: [m[K  template argument deduction/substitution failed:
[5.976s] In file included from [01m[K/home/zbt/Upper-main/rc_interaction/src/model_xbox.cpp:4[m[K:
[5.976s] [01m[K/home/zbt/Upper-main/rc_interaction/include/rc_interaction/sbus_node.hpp:215:34:[m[K [01;36m[Knote: [m[K  couldn’t deduce template parameter ‘[01m[K_Tp[m[K’
[5.976s]   215 |       cout<<vel_.twist.linear.x<<[01;36m[Kend[m[K;
[5.976s]       |                                  [01;36m[K^~~[m[K
[5.983s] In file included from [01m[K/usr/include/eigen3/Eigen/Core:81[m[K,
[5.983s]                  from [01m[K/usr/include/eigen3/Eigen/Dense:1[m[K,
[5.983s]                  from [01m[K/usr/include/eigen3/Eigen/Eigen:1[m[K,
[5.983s]                  from [01m[K/opt/ros/humble/include/tf2_sensor_msgs/tf2_sensor_msgs.hpp:44[m[K,
[5.983s]                  from [01m[K/home/zbt/Upper-main/rc_interaction/include/rc_interaction/xbox360_node.hpp:31[m[K,
[5.983s]                  from [01m[K/home/zbt/Upper-main/rc_interaction/src/model_xbox.cpp:3[m[K:
[5.983s] [01m[K/usr/include/c++/11/cstddef:126:5:[m[K [01;36m[Knote: [m[Kcandidate: ‘[01m[Ktemplate<class _IntegerType> constexpr std::__byte_op_t<_IntegerType> std::operator<<(std::byte, _IntegerType)[m[K’
[5.983s]   126 |     [01;36m[Koperator[m[K<<(byte __b, _IntegerType __shift) noexcept
[5.983s]       |     [01;36m[K^~~~~~~~[m[K
[5.983s] [01m[K/usr/include/c++/11/cstddef:126:5:[m[K [01;36m[Knote: [m[K  template argument deduction/substitution failed:
[5.983s] In file included from [01m[K/home/zbt/Upper-main/rc_interaction/src/model_xbox.cpp:4[m[K:
[5.983s] [01m[K/home/zbt/Upper-main/rc_interaction/include/rc_interaction/sbus_node.hpp:215:34:[m[K [01;36m[Knote: [m[K  couldn’t deduce template parameter ‘[01m[K_IntegerType[m[K’
[5.983s]   215 |       cout<<vel_.twist.linear.x<<[01;36m[Kend[m[K;
[5.983s]       |                                  [01;36m[K^~~[m[K
[5.983s] [01m[K/home/zbt/Upper-main/rc_interaction/include/rc_interaction/sbus_node.hpp:216:32:[m[K [01;31m[Kerror: [m[Kno match for ‘[01m[Koperator<<[m[K’ (operand types are ‘[01m[Kstd::basic_ostream<char>::__ostream_type[m[K’ {aka ‘[01m[Kstd::basic_ostream<char>[m[K’} and ‘[01m[K<unresolved overloaded function type>[m[K’)
[5.983s]   216 |       [01;31m[Kcout<<vel_.twist.linear.y<<end[m[K;
[5.983s]       |       [01;31m[K~~~~~~~~~~~~~~~~~~~~~~~~~^~~~~[m[K
[5.983s] In file included from [01m[K/usr/include/c++/11/iostream:39[m[K,
[5.983s]                  from [01m[K/opt/ros/humble/include/rclcpp/rclcpp/executor.hpp:22[m[K,
[5.984s]                  from [01m[K/opt/ros/humble/include/rclcpp/rclcpp/executors/multi_threaded_executor.hpp:25[m[K,
[5.984s]                  from [01m[K/opt/ros/humble/include/rclcpp/rclcpp/executors.hpp:21[m[K,
[5.984s]                  from [01m[K/opt/ros/humble/include/rclcpp/rclcpp/rclcpp.hpp:155[m[K,
[5.984s]                  from [01m[K/home/zbt/Upper-main/rc_interaction/src/model_xbox.cpp:1[m[K:
[5.984s] [01m[K/usr/include/c++/11/ostream:108:7:[m[K [01;36m[Knote: [m[Kcandidate: ‘[01m[Kstd::basic_ostream<_CharT, _Traits>::__ostream_type& std::basic_ostream<_CharT, _Traits>::operator<<(std::basic_ostream<_CharT, _Traits>::__ostream_type& (*)(std::basic_ostream<_CharT, _Traits>::__ostream_type&)) [with _CharT = char; _Traits = std::char_traits<char>; std::basic_ostream<_CharT, _Traits>::__ostream_type = std::basic_ostream<char>][m[K’
[5.984s]   108 |       [01;36m[Koperator[m[K<<(__ostream_type& (*__pf)(__ostream_type&))
[5.984s]       |       [01;36m[K^~~~~~~~[m[K
[5.984s] [01m[K/usr/include/c++/11/ostream:108:36:[m[K [01;36m[Knote: [m[K  no known conversion for argument 1 from ‘[01m[K<unresolved overloaded function type>[m[K’ to ‘[01m[Kstd::basic_ostream<char>::__ostream_type& (*)(std::basic_ostream<char>::__ostream_type&)[m[K’ {aka ‘[01m[Kstd::basic_ostream<char>& (*)(std::basic_ostream<char>&)[m[K’}
[5.984s]   108 |       operator<<([01;36m[K__ostream_type& (*__pf)(__ostream_type&)[m[K)
[5.984s]       |                  [01;36m[K~~~~~~~~~~~~~~~~~~^~~~~~~~~~~~~~~~~~~~~~[m[K
[5.984s] [01m[K/usr/include/c++/11/ostream:117:7:[m[K [01;36m[Knote: [m[Kcandidate: ‘[01m[Kstd::basic_ostream<_CharT, _Traits>::__ostream_type& std::basic_ostream<_CharT, _Traits>::operator<<(std::basic_ostream<_CharT, _Traits>::__ios_type& (*)(std::basic_ostream<_CharT, _Traits>::__ios_type&)) [with _CharT = char; _Traits = std::char_traits<char>; std::basic_ostream<_CharT, _Traits>::__ostream_type = std::basic_ostream<char>; std::basic_ostream<_CharT, _Traits>::__ios_type = std::basic_ios<char>][m[K’
[5.984s]   117 |       [01;36m[Koperator[m[K<<(__ios_type& (*__pf)(__ios_type&))
[5.984s]       |       [01;36m[K^~~~~~~~[m[K
[5.984s] [01m[K/usr/include/c++/11/ostream:117:32:[m[K [01;36m[Knote: [m[K  no known conversion for argument 1 from ‘[01m[K<unresolved overloaded function type>[m[K’ to ‘[01m[Kstd::basic_ostream<char>::__ios_type& (*)(std::basic_ostream<char>::__ios_type&)[m[K’ {aka ‘[01m[Kstd::basic_ios<char>& (*)(std::basic_ios<char>&)[m[K’}
[5.984s]   117 |       operator<<([01;36m[K__ios_type& (*__pf)(__ios_type&)[m[K)
[5.984s]       |                  [01;36m[K~~~~~~~~~~~~~~^~~~~~~~~~~~~~~~~~[m[K
[5.984s] [01m[K/usr/include/c++/11/ostream:127:7:[m[K [01;36m[Knote: [m[Kcandidate: ‘[01m[Kstd::basic_ostream<_CharT, _Traits>::__ostream_type& std::basic_ostream<_CharT, _Traits>::operator<<(std::ios_base& (*)(std::ios_base&)) [with _CharT = char; _Traits = std::char_traits<char>; std::basic_ostream<_CharT, _Traits>::__ostream_type = std::basic_ostream<char>][m[K’
[5.984s]   127 |       [01;36m[Koperator[m[K<<(ios_base& (*__pf) (ios_base&))
[5.984s]       |       [01;36m[K^~~~~~~~[m[K
[5.984s] [01m[K/usr/include/c++/11/ostream:127:30:[m[K [01;36m[Knote: [m[K  no known conversion for argument 1 from ‘[01m[K<unresolved overloaded function type>[m[K’ to ‘[01m[Kstd::ios_base& (*)(std::ios_base&)[m[K’
[5.984s]   127 |       operator<<([01;36m[Kios_base& (*__pf) (ios_base&)[m[K)
[5.984s]       |                  [01;36m[K~~~~~~~~~~~~^~~~~~~~~~~~~~~~~[m[K
[5.984s] [01m[K/usr/include/c++/11/ostream:166:7:[m[K [01;36m[Knote: [m[Kcandidate: ‘[01m[Kstd::basic_ostream<_CharT, _Traits>::__ostream_type& std::basic_ostream<_CharT, _Traits>::operator<<(long int) [with _CharT = char; _Traits = std::char_traits<char>; std::basic_ostream<_CharT, _Traits>::__ostream_type = std::basic_ostream<char>][m[K’
[5.984s]   166 |       [01;36m[Koperator[m[K<<(long __n)
[5.984s]       |       [01;36m[K^~~~~~~~[m[K
[5.984s] [01m[K/usr/include/c++/11/ostream:166:23:[m[K [01;36m[Knote: [m[K  no known conversion for argument 1 from ‘[01m[K<unresolved overloaded function type>[m[K’ to ‘[01m[Klong int[m[K’
[5.984s]   166 |       operator<<([01;36m[Klong __n[m[K)
[5.984s]       |                  [01;36m[K~~~~~^~~[m[K
[5.984s] [01m[K/usr/include/c++/11/ostream:170:7:[m[K [01;36m[Knote: [m[Kcandidate: ‘[01m[Kstd::basic_ostream<_CharT, _Traits>::__ostream_type& std::basic_ostream<_CharT, _Traits>::operator<<(long unsigned int) [with _CharT = char; _Traits = std::char_traits<char>; std::basic_ostream<_CharT, _Traits>::__ostream_type = std::basic_ostream<char>][m[K’
[5.984s]   170 |       [01;36m[Koperator[m[K<<(unsigned long __n)
[5.984s]       |       [01;36m[K^~~~~~~~[m[K
[5.984s] [01m[K/usr/include/c++/11/ostream:170:32:[m[K [01;36m[Knote: [m[K  no known conversion for argument 1 from ‘[01m[K<unresolved overloaded function type>[m[K’ to ‘[01m[Klong unsigned int[m[K’
[5.984s]   170 |       operator<<([01;36m[Kunsigned long __n[m[K)
[5.984s]       |                  [01;36m[K~~~~~~~~~~~~~~^~~[m[K
[5.984s] [01m[K/usr/include/c++/11/ostream:174:7:[m[K [01;36m[Knote: [m[Kcandidate: ‘[01m[Kstd::basic_ostream<_CharT, _Traits>::__ostream_type& std::basic_ostream<_CharT, _Traits>::operator<<(bool) [with _CharT = char; _Traits = std::char_traits<char>; std::basic_ostream<_CharT, _Traits>::__ostream_type = std::basic_ostream<char>][m[K’
[5.984s]   174 |       [01;36m[Koperator[m[K<<(bool __n)
[5.984s]       |       [01;36m[K^~~~~~~~[m[K
[5.984s] [01m[K/usr/include/c++/11/ostream:174:23:[m[K [01;36m[Knote: [m[K  no known conversion for argument 1 from ‘[01m[K<unresolved overloaded function type>[m[K’ to ‘[01m[Kbool[m[K’
[5.984s]   174 |       operator<<([01;36m[Kbool __n[m[K)
[5.984s]       |                  [01;36m[K~~~~~^~~[m[K
[5.985s] In file included from [01m[K/usr/include/c++/11/ostream:829[m[K,
[5.985s]                  from [01m[K/usr/include/c++/11/iostream:39[m[K,
[5.985s]                  from [01m[K/opt/ros/humble/include/rclcpp/rclcpp/executor.hpp:22[m[K,
[5.985s]                  from [01m[K/opt/ros/humble/include/rclcpp/rclcpp/executors/multi_threaded_executor.hpp:25[m[K,
[5.985s]                  from [01m[K/opt/ros/humble/include/rclcpp/rclcpp/executors.hpp:21[m[K,
[5.985s]                  from [01m[K/opt/ros/humble/include/rclcpp/rclcpp/rclcpp.hpp:155[m[K,
[5.985s]                  from [01m[K/home/zbt/Upper-main/rc_interaction/src/model_xbox.cpp:1[m[K:
[5.985s] [01m[K/usr/include/c++/11/bits/ostream.tcc:91:5:[m[K [01;36m[Knote: [m[Kcandidate: ‘[01m[Kstd::basic_ostream<_Ch, _Tr>& std::basic_ostream<_CharT, _Traits>::operator<<(short int) [with _CharT = char; _Traits = std::char_traits<char>][m[K’
[5.985s]    91 |     [01;36m[Kbasic_ostream<_CharT, _Traits>[m[K::
[5.985s]       |     [01;36m[K^~~~~~~~~~~~~~~~~~~~~~~~~~~~~~[m[K
[5.985s] [01m[K/usr/include/c++/11/bits/ostream.tcc:92:22:[m[K [01;36m[Knote: [m[K  no known conversion for argument 1 from ‘[01m[K<unresolved overloaded function type>[m[K’ to ‘[01m[Kshort int[m[K’
[5.985s]    92 |     operator<<([01;36m[Kshort __n[m[K)
[5.985s]       |                [01;36m[K~~~~~~^~~[m[K
[5.985s] In file included from [01m[K/usr/include/c++/11/iostream:39[m[K,
[5.985s]                  from [01m[K/opt/ros/humble/include/rclcpp/rclcpp/executor.hpp:22[m[K,
[5.985s]                  from [01m[K/opt/ros/humble/include/rclcpp/rclcpp/executors/multi_threaded_executor.hpp:25[m[K,
[5.985s]                  from [01m[K/opt/ros/humble/include/rclcpp/rclcpp/executors.hpp:21[m[K,
[5.985s]                  from [01m[K/opt/ros/humble/include/rclcpp/rclcpp/rclcpp.hpp:155[m[K,
[5.985s]                  from [01m[K/home/zbt/Upper-main/rc_interaction/src/model_xbox.cpp:1[m[K:
[5.985s] [01m[K/usr/include/c++/11/ostream:181:7:[m[K [01;36m[Knote: [m[Kcandidate: ‘[01m[Kstd::basic_ostream<_CharT, _Traits>::__ostream_type& std::basic_ostream<_CharT, _Traits>::operator<<(short unsigned int) [with _CharT = char; _Traits = std::char_traits<char>; std::basic_ostream<_CharT, _Traits>::__ostream_type = std::basic_ostream<char>][m[K’
[5.985s]   181 |       [01;36m[Koperator[m[K<<(unsigned short __n)
[5.985s]       |       [01;36m[K^~~~~~~~[m[K
[5.985s] [01m[K/usr/include/c++/11/ostream:181:33:[m[K [01;36m[Knote: [m[K  no known conversion for argument 1 from ‘[01m[K<unresolved overloaded function type>[m[K’ to ‘[01m[Kshort unsigned int[m[K’
[5.985s]   181 |       operator<<([01;36m[Kunsigned short __n[m[K)
[5.985s]       |                  [01;36m[K~~~~~~~~~~~~~~~^~~[m[K
[5.991s] In file included from [01m[K/usr/include/c++/11/ostream:829[m[K,
[5.991s]                  from [01m[K/usr/include/c++/11/iostream:39[m[K,
[5.991s]                  from [01m[K/opt/ros/humble/include/rclcpp/rclcpp/executor.hpp:22[m[K,
[5.991s]                  from [01m[K/opt/ros/humble/include/rclcpp/rclcpp/executors/multi_threaded_executor.hpp:25[m[K,
[5.991s]                  from [01m[K/opt/ros/humble/include/rclcpp/rclcpp/executors.hpp:21[m[K,
[5.991s]                  from [01m[K/opt/ros/humble/include/rclcpp/rclcpp/rclcpp.hpp:155[m[K,
[5.991s]                  from [01m[K/home/zbt/Upper-main/rc_interaction/src/model_xbox.cpp:1[m[K:
[5.991s] [01m[K/usr/include/c++/11/bits/ostream.tcc:105:5:[m[K [01;36m[Knote: [m[Kcandidate: ‘[01m[Kstd::basic_ostream<_Ch, _Tr>& std::basic_ostream<_CharT, _Traits>::operator<<(int) [with _CharT = char; _Traits = std::char_traits<char>][m[K’
[5.991s]   105 |     [01;36m[Kbasic_ostream<_CharT, _Traits>[m[K::
[5.991s]       |     [01;36m[K^~~~~~~~~~~~~~~~~~~~~~~~~~~~~~[m[K
[5.991s] [01m[K/usr/include/c++/11/bits/ostream.tcc:106:20:[m[K [01;36m[Knote: [m[K  no known conversion for argument 1 from ‘[01m[K<unresolved overloaded function type>[m[K’ to ‘[01m[Kint[m[K’
[5.991s]   106 |     operator<<([01;36m[Kint __n[m[K)
[5.991s]       |                [01;36m[K~~~~^~~[m[K
[5.991s] In file included from [01m[K/usr/include/c++/11/iostream:39[m[K,
[5.991s]                  from [01m[K/opt/ros/humble/include/rclcpp/rclcpp/executor.hpp:22[m[K,
[5.991s]                  from [01m[K/opt/ros/humble/include/rclcpp/rclcpp/executors/multi_threaded_executor.hpp:25[m[K,
[5.991s]                  from [01m[K/opt/ros/humble/include/rclcpp/rclcpp/executors.hpp:21[m[K,
[5.991s]                  from [01m[K/opt/ros/humble/include/rclcpp/rclcpp/rclcpp.hpp:155[m[K,
[5.991s]                  from [01m[K/home/zbt/Upper-main/rc_interaction/src/model_xbox.cpp:1[m[K:
[5.991s] [01m[K/usr/include/c++/11/ostream:192:7:[m[K [01;36m[Knote: [m[Kcandidate: ‘[01m[Kstd::basic_ostream<_CharT, _Traits>::__ostream_type& std::basic_ostream<_CharT, _Traits>::operator<<(unsigned int) [with _CharT = char; _Traits = std::char_traits<char>; std::basic_ostream<_CharT, _Traits>::__ostream_type = std::basic_ostream<char>][m[K’
[5.992s]   192 |       [01;36m[Koperator[m[K<<(unsigned int __n)
[5.992s]       |       [01;36m[K^~~~~~~~[m[K
[5.992s] [01m[K/usr/include/c++/11/ostream:192:31:[m[K [01;36m[Knote: [m[K  no known conversion for argument 1 from ‘[01m[K<unresolved overloaded function type>[m[K’ to ‘[01m[Kunsigned int[m[K’
[5.992s]   192 |       operator<<([01;36m[Kunsigned int __n[m[K)
[5.992s]       |                  [01;36m[K~~~~~~~~~~~~~^~~[m[K
[5.992s] [01m[K/usr/include/c++/11/ostream:201:7:[m[K [01;36m[Knote: [m[Kcandidate: ‘[01m[Kstd::basic_ostream<_CharT, _Traits>::__ostream_type& std::basic_ostream<_CharT, _Traits>::operator<<(long long int) [with _CharT = char; _Traits = std::char_traits<char>; std::basic_ostream<_CharT, _Traits>::__ostream_type = std::basic_ostream<char>][m[K’
[5.992s]   201 |       [01;36m[Koperator[m[K<<(long long __n)
[5.992s]       |       [01;36m[K^~~~~~~~[m[K
[5.992s] [01m[K/usr/include/c++/11/ostream:201:28:[m[K [01;36m[Knote: [m[K  no known conversion for argument 1 from ‘[01m[K<unresolved overloaded function type>[m[K’ to ‘[01m[Klong long int[m[K’
[5.992s]   201 |       operator<<([01;36m[Klong long __n[m[K)
[5.992s]       |                  [01;36m[K~~~~~~~~~~^~~[m[K
[5.992s] [01m[K/usr/include/c++/11/ostream:205:7:[m[K [01;36m[Knote: [m[Kcandidate: ‘[01m[Kstd::basic_ostream<_CharT, _Traits>::__ostream_type& std::basic_ostream<_CharT, _Traits>::operator<<(long long unsigned int) [with _CharT = char; _Traits = std::char_traits<char>; std::basic_ostream<_CharT, _Traits>::__ostream_type = std::basic_ostream<char>][m[K’
[5.992s]   205 |       [01;36m[Koperator[m[K<<(unsigned long long __n)
[5.992s]       |       [01;36m[K^~~~~~~~[m[K
[5.992s] [01m[K/usr/include/c++/11/ostream:205:37:[m[K [01;36m[Knote: [m[K  no known conversion for argument 1 from ‘[01m[K<unresolved overloaded function type>[m[K’ to ‘[01m[Klong long unsigned int[m[K’
[5.992s]   205 |       operator<<([01;36m[Kunsigned long long __n[m[K)
[5.992s]       |                  [01;36m[K~~~~~~~~~~~~~~~~~~~^~~[m[K
[5.992s] [01m[K/usr/include/c++/11/ostream:220:7:[m[K [01;36m[Knote: [m[Kcandidate: ‘[01m[Kstd::basic_ostream<_CharT, _Traits>::__ostream_type& std::basic_ostream<_CharT, _Traits>::operator<<(double) [with _CharT = char; _Traits = std::char_traits<char>; std::basic_ostream<_CharT, _Traits>::__ostream_type = std::basic_ostream<char>][m[K’
[5.992s]   220 |       [01;36m[Koperator[m[K<<(double __f)
[5.992s]       |       [01;36m[K^~~~~~~~[m[K
[5.992s] [01m[K/usr/include/c++/11/ostream:220:25:[m[K [01;36m[Knote: [m[K  no known conversion for argument 1 from ‘[01m[K<unresolved overloaded function type>[m[K’ to ‘[01m[Kdouble[m[K’
[5.992s]   220 |       operator<<([01;36m[Kdouble __f[m[K)
[5.992s]       |                  [01;36m[K~~~~~~~^~~[m[K
[5.992s] [01m[K/usr/include/c++/11/ostream:224:7:[m[K [01;36m[Knote: [m[Kcandidate: ‘[01m[Kstd::basic_ostream<_CharT, _Traits>::__ostream_type& std::basic_ostream<_CharT, _Traits>::operator<<(float) [with _CharT = char; _Traits = std::char_traits<char>; std::basic_ostream<_CharT, _Traits>::__ostream_type = std::basic_ostream<char>][m[K’
[5.992s]   224 |       [01;36m[Koperator[m[K<<(float __f)
[5.992s]       |       [01;36m[K^~~~~~~~[m[K
[5.992s] [01m[K/usr/include/c++/11/ostream:224:24:[m[K [01;36m[Knote: [m[K  no known conversion for argument 1 from ‘[01m[K<unresolved overloaded function type>[m[K’ to ‘[01m[Kfloat[m[K’
[5.992s]   224 |       operator<<([01;36m[Kfloat __f[m[K)
[5.992s]       |                  [01;36m[K~~~~~~^~~[m[K
[5.992s] [01m[K/usr/include/c++/11/ostream:232:7:[m[K [01;36m[Knote: [m[Kcandidate: ‘[01m[Kstd::basic_ostream<_CharT, _Traits>::__ostream_type& std::basic_ostream<_CharT, _Traits>::operator<<(long double) [with _CharT = char; _Traits = std::char_traits<char>; std::basic_ostream<_CharT, _Traits>::__ostream_type = std::basic_ostream<char>][m[K’
[5.992s]   232 |       [01;36m[Koperator[m[K<<(long double __f)
[5.992s]       |       [01;36m[K^~~~~~~~[m[K
[5.992s] [01m[K/usr/include/c++/11/ostream:232:30:[m[K [01;36m[Knote: [m[K  no known conversion for argument 1 from ‘[01m[K<unresolved overloaded function type>[m[K’ to ‘[01m[Klong double[m[K’
[5.992s]   232 |       operator<<([01;36m[Klong double __f[m[K)
[5.992s]       |                  [01;36m[K~~~~~~~~~~~~^~~[m[K
[5.992s] [01m[K/usr/include/c++/11/ostream:245:7:[m[K [01;36m[Knote: [m[Kcandidate: ‘[01m[Kstd::basic_ostream<_CharT, _Traits>::__ostream_type& std::basic_ostream<_CharT, _Traits>::operator<<(const void*) [with _CharT = char; _Traits = std::char_traits<char>; std::basic_ostream<_CharT, _Traits>::__ostream_type = std::basic_ostream<char>][m[K’
[5.992s]   245 |       [01;36m[Koperator[m[K<<(const void* __p)
[5.993s]       |       [01;36m[K^~~~~~~~[m[K
[5.993s] [01m[K/usr/include/c++/11/ostream:245:30:[m[K [01;36m[Knote: [m[K  no known conversion for argument 1 from ‘[01m[K<unresolved overloaded function type>[m[K’ to ‘[01m[Kconst void*[m[K’
[5.993s]   245 |       operator<<([01;36m[Kconst void* __p[m[K)
[5.993s]       |                  [01;36m[K~~~~~~~~~~~~^~~[m[K
[5.993s] [01m[K/usr/include/c++/11/ostream:250:7:[m[K [01;36m[Knote: [m[Kcandidate: ‘[01m[Kstd::basic_ostream<_CharT, _Traits>::__ostream_type& std::basic_ostream<_CharT, _Traits>::operator<<(std::nullptr_t) [with _CharT = char; _Traits = std::char_traits<char>; std::basic_ostream<_CharT, _Traits>::__ostream_type = std::basic_ostream<char>; std::nullptr_t = std::nullptr_t][m[K’
[5.993s]   250 |       [01;36m[Koperator[m[K<<(nullptr_t)
[5.993s]       |       [01;36m[K^~~~~~~~[m[K
[5.993s] [01m[K/usr/include/c++/11/ostream:250:18:[m[K [01;36m[Knote: [m[K  no known conversion for argument 1 from ‘[01m[K<unresolved overloaded function type>[m[K’ to ‘[01m[Kstd::nullptr_t[m[K’
[5.993s]   250 |       operator<<([01;36m[Knullptr_t[m[K)
[5.993s]       |                  [01;36m[K^~~~~~~~~[m[K
[5.993s] In file included from [01m[K/usr/include/c++/11/ostream:829[m[K,
[5.993s]                  from [01m[K/usr/include/c++/11/iostream:39[m[K,
[5.993s]                  from [01m[K/opt/ros/humble/include/rclcpp/rclcpp/executor.hpp:22[m[K,
[5.993s]                  from [01m[K/opt/ros/humble/include/rclcpp/rclcpp/executors/multi_threaded_executor.hpp:25[m[K,
[5.993s]                  from [01m[K/opt/ros/humble/include/rclcpp/rclcpp/executors.hpp:21[m[K,
[5.996s]                  from [01m[K/opt/ros/humble/include/rclcpp/rclcpp/rclcpp.hpp:155[m[K,
[5.996s]                  from [01m[K/home/zbt/Upper-main/rc_interaction/src/model_xbox.cpp:1[m[K:
[5.996s] [01m[K/usr/include/c++/11/bits/ostream.tcc:119:5:[m[K [01;36m[Knote: [m[Kcandidate: ‘[01m[Kstd::basic_ostream<_Ch, _Tr>& std::basic_ostream<_CharT, _Traits>::operator<<(std::basic_ostream<_CharT, _Traits>::__streambuf_type*) [with _CharT = char; _Traits = std::char_traits<char>; std::basic_ostream<_CharT, _Traits>::__streambuf_type = std::basic_streambuf<char>][m[K’
[5.997s]   119 |     [01;36m[Kbasic_ostream<_CharT, _Traits>[m[K::
[5.997s]       |     [01;36m[K^~~~~~~~~~~~~~~~~~~~~~~~~~~~~~[m[K
[5.997s] [01m[K/usr/include/c++/11/bits/ostream.tcc:120:34:[m[K [01;36m[Knote: [m[K  no known conversion for argument 1 from ‘[01m[K<unresolved overloaded function type>[m[K’ to ‘[01m[Kstd::basic_ostream<char>::__streambuf_type*[m[K’ {aka ‘[01m[Kstd::basic_streambuf<char>*[m[K’}
[5.997s]   120 |     operator<<([01;36m[K__streambuf_type* __sbin[m[K)
[5.997s]       |                [01;36m[K~~~~~~~~~~~~~~~~~~^~~~~~[m[K
[5.997s] In file included from [01m[K/home/zbt/Upper-main/rc_interaction/include/rc_interaction/xbox360_node.hpp:34[m[K,
[5.997s]                  from [01m[K/home/zbt/Upper-main/rc_interaction/src/model_xbox.cpp:3[m[K:
[5.997s] [01m[K/home/zbt/Upper-main/rc_interaction/include/rc_interaction/utils.hpp:6:15:[m[K [01;36m[Knote: [m[Kcandidate: ‘[01m[Ktemplate<class T> std::ostream& operator<<(std::ostream&, std::vector<BufferT>&)[m[K’
[5.997s]     6 | std::ostream &[01;36m[Koperator[m[K<<(std::ostream &os, std::vector<T> &__vec) {
[5.997s]       |               [01;36m[K^~~~~~~~[m[K
[5.997s] [01m[K/home/zbt/Upper-main/rc_interaction/include/rc_interaction/utils.hpp:6:15:[m[K [01;36m[Knote: [m[K  template argument deduction/substitution failed:
[5.997s] In file included from [01m[K/home/zbt/Upper-main/rc_interaction/src/model_xbox.cpp:4[m[K:
[5.997s] [01m[K/home/zbt/Upper-main/rc_interaction/include/rc_interaction/sbus_node.hpp:216:34:[m[K [01;36m[Knote: [m[K  couldn’t deduce template parameter ‘[01m[KT[m[K’
[5.997s]   216 |       cout<<vel_.twist.linear.y<<[01;36m[Kend[m[K;
[5.997s]       |                                  [01;36m[K^~~[m[K
[5.997s] In file included from [01m[K/usr/include/c++/11/memory:77[m[K,
[5.997s]                  from [01m[K/opt/ros/humble/include/rclcpp/rclcpp/rclcpp.hpp:153[m[K,
[5.997s]                  from [01m[K/home/zbt/Upper-main/rc_interaction/src/model_xbox.cpp:1[m[K:
[5.997s] [01m[K/usr/include/c++/11/bits/shared_ptr.h:70:5:[m[K [01;36m[Knote: [m[Kcandidate: ‘[01m[Ktemplate<class _Ch, class _Tr, class _Tp, __gnu_cxx::_Lock_policy _Lp> std::basic_ostream<_Ch, _Tr>& std::operator<<(std::basic_ostream<_Ch, _Tr>&, const std::__shared_ptr<_Tp, _Lp>&)[m[K’
[5.997s]    70 |     [01;36m[Koperator[m[K<<(std::basic_ostream<_Ch, _Tr>& __os,
[5.997s]       |     [01;36m[K^~~~~~~~[m[K
[5.997s] [01m[K/usr/include/c++/11/bits/shared_ptr.h:70:5:[m[K [01;36m[Knote: [m[K  template argument deduction/substitution failed:
[5.997s] In file included from [01m[K/home/zbt/Upper-main/rc_interaction/src/model_xbox.cpp:4[m[K:
[5.997s] [01m[K/home/zbt/Upper-main/rc_interaction/include/rc_interaction/sbus_node.hpp:216:34:[m[K [01;36m[Knote: [m[K  couldn’t deduce template parameter ‘[01m[K_Tp[m[K’
[5.997s]   216 |       cout<<vel_.twist.linear.y<<[01;36m[Kend[m[K;
[5.997s]       |                                  [01;36m[K^~~[m[K
[5.997s] In file included from [01m[K/usr/include/c++/11/bits/basic_string.h:48[m[K,
[5.997s]                  from [01m[K/usr/include/c++/11/string:55[m[K,
[5.997s]                  from [01m[K/usr/include/c++/11/stdexcept:39[m[K,
[5.997s]                  from [01m[K/usr/include/c++/11/system_error:41[m[K,
[5.997s]                  from [01m[K/usr/include/c++/11/mutex:42[m[K,
[5.997s]                  from [01m[K/usr/include/c++/11/future:38[m[K,
[5.997s]                  from [01m[K/opt/ros/humble/include/rclcpp/rclcpp/executors.hpp:18[m[K,
[5.997s]                  from [01m[K/opt/ros/humble/include/rclcpp/rclcpp/rclcpp.hpp:155[m[K,
[5.997s]                  from [01m[K/home/zbt/Upper-main/rc_interaction/src/model_xbox.cpp:1[m[K:
[5.997s] [01m[K/usr/include/c++/11/string_view:667:5:[m[K [01;36m[Knote: [m[Kcandidate: ‘[01m[Kstd::basic_ostream<_Ch, _Tr>& std::operator<<(std::basic_ostream<_Ch, _Tr>&, std::basic_string_view<_CharT, _Traits>) [with _CharT = char; _Traits = std::char_traits<char>][m[K’
[5.998s]   667 |     [01;36m[Koperator[m[K<<(basic_ostream<_CharT, _Traits>& __os,
[5.998s]       |     [01;36m[K^~~~~~~~[m[K
[5.998s] [01m[K/usr/include/c++/11/string_view:668:50:[m[K [01;36m[Knote: [m[K  no known conversion for argument 2 from ‘[01m[K<unresolved overloaded function type>[m[K’ to ‘[01m[Kstd::basic_string_view<char>[m[K’
[5.998s]   668 |                [01;36m[Kbasic_string_view<_CharT,_Traits> __str[m[K)
[5.998s]       |                [01;36m[K~~~~~~~~~~~~~~~~~~~~~~~~~~~~~~~~~~^~~~~[m[K
[5.998s] In file included from [01m[K/usr/include/c++/11/string:55[m[K,
[5.998s]                  from [01m[K/usr/include/c++/11/stdexcept:39[m[K,
[5.998s]                  from [01m[K/usr/include/c++/11/system_error:41[m[K,
[5.998s]                  from [01m[K/usr/include/c++/11/mutex:42[m[K,
[5.998s]                  from [01m[K/usr/include/c++/11/future:38[m[K,
[5.998s]                  from [01m[K/opt/ros/humble/include/rclcpp/rclcpp/executors.hpp:18[m[K,
[5.998s]                  from [01m[K/opt/ros/humble/include/rclcpp/rclcpp/rclcpp.hpp:155[m[K,
[5.998s]                  from [01m[K/home/zbt/Upper-main/rc_interaction/src/model_xbox.cpp:1[m[K:
[5.998s] [01m[K/usr/include/c++/11/bits/basic_string.h:6531:5:[m[K [01;36m[Knote: [m[Kcandidate: ‘[01m[Ktemplate<class _CharT, class _Traits, class _Alloc> std::basic_ostream<_Ch, _Tr>& std::operator<<(std::basic_ostream<_Ch, _Tr>&, const std::__cxx11::basic_string<_CharT, _Traits, _Allocator>&)[m[K’
[5.998s]  6531 |     [01;36m[Koperator[m[K<<(basic_ostream<_CharT, _Traits>& __os,
[5.998s]       |     [01;36m[K^~~~~~~~[m[K
[5.998s] [01m[K/usr/include/c++/11/bits/basic_string.h:6531:5:[m[K [01;36m[Knote: [m[K  template argument deduction/substitution failed:
[5.998s] In file included from [01m[K/home/zbt/Upper-main/rc_interaction/src/model_xbox.cpp:4[m[K:
[5.998s] [01m[K/home/zbt/Upper-main/rc_interaction/include/rc_interaction/sbus_node.hpp:216:34:[m[K [01;36m[Knote: [m[K  couldn’t deduce template parameter ‘[01m[K_Alloc[m[K’
[5.998s]   216 |       cout<<vel_.twist.linear.y<<[01;36m[Kend[m[K;
[5.998s]       |                                  [01;36m[K^~~[m[K
[5.998s] In file included from [01m[K/usr/include/c++/11/mutex:42[m[K,
[5.998s]                  from [01m[K/usr/include/c++/11/future:38[m[K,
[5.998s]                  from [01m[K/opt/ros/humble/include/rclcpp/rclcpp/executors.hpp:18[m[K,
[5.998s]                  from [01m[K/opt/ros/humble/include/rclcpp/rclcpp/rclcpp.hpp:155[m[K,
[5.998s]                  from [01m[K/home/zbt/Upper-main/rc_interaction/src/model_xbox.cpp:1[m[K:
[5.998s] [01m[K/usr/include/c++/11/system_error:279:5:[m[K [01;36m[Knote: [m[Kcandidate: ‘[01m[Ktemplate<class _CharT, class _Traits> std::basic_ostream<_Ch, _Tr>& std::operator<<(std::basic_ostream<_Ch, _Tr>&, const std::error_code&)[m[K’
[5.998s]   279 |     [01;36m[Koperator[m[K<<(basic_ostream<_CharT, _Traits>& __os, const error_code& __e)
[5.998s]       |     [01;36m[K^~~~~~~~[m[K
[5.998s] [01m[K/usr/include/c++/11/system_error:279:5:[m[K [01;36m[Knote: [m[K  template argument deduction/substitution failed:
[5.998s] In file included from [01m[K/home/zbt/Upper-main/rc_interaction/src/model_xbox.cpp:4[m[K:
[5.998s] [01m[K/home/zbt/Upper-main/rc_interaction/include/rc_interaction/sbus_node.hpp:216:34:[m[K [01;36m[Knote: [m[K  cannot convert ‘[01m[Kstd::end[m[K’ (type ‘[01m[K<unresolved overloaded function type>[m[K’) to type ‘[01m[Kconst std::error_code&[m[K’
[5.998s]   216 |       cout<<vel_.twist.linear.y<<[01;36m[Kend[m[K;
[5.998s]       |                                  [01;36m[K^~~[m[K
[5.998s] In file included from [01m[K/opt/ros/humble/include/rclcpp/rclcpp/executors/multi_threaded_executor.hpp:22[m[K,
[5.998s]                  from [01m[K/opt/ros/humble/include/rclcpp/rclcpp/executors.hpp:21[m[K,
[5.998s]                  from [01m[K/opt/ros/humble/include/rclcpp/rclcpp/rclcpp.hpp:155[m[K,
[5.998s]                  from [01m[K/home/zbt/Upper-main/rc_interaction/src/model_xbox.cpp:1[m[K:
[5.998s] [01m[K/usr/include/c++/11/thread:92:5:[m[K [01;36m[Knote: [m[Kcandidate: ‘[01m[Ktemplate<class _CharT, class _Traits> std::basic_ostream<_Ch, _Tr>& std::operator<<(std::basic_ostream<_Ch, _Tr>&, std::thread::id)[m[K’
[5.999s]    92 |     [01;36m[Koperator[m[K<<(basic_ostream<_CharT, _Traits>& __out, thread::id __id)
[5.999s]       |     [01;36m[K^~~~~~~~[m[K
[5.999s] [01m[K/usr/include/c++/11/thread:92:5:[m[K [01;36m[Knote: [m[K  template argument deduction/substitution failed:
[5.999s] In file included from [01m[K/home/zbt/Upper-main/rc_interaction/src/model_xbox.cpp:4[m[K:
[5.999s] [01m[K/home/zbt/Upper-main/rc_interaction/include/rc_interaction/sbus_node.hpp:216:34:[m[K [01;36m[Knote: [m[K  cannot convert ‘[01m[Kstd::end[m[K’ (type ‘[01m[K<unresolved overloaded function type>[m[K’) to type ‘[01m[Kstd::thread::id[m[K’
[5.999s]   216 |       cout<<vel_.twist.linear.y<<[01;36m[Kend[m[K;
[5.999s]       |                                  [01;36m[K^~~[m[K
[5.999s] In file included from [01m[K/usr/include/c++/11/iostream:39[m[K,
[6.006s]                  from [01m[K/opt/ros/humble/include/rclcpp/rclcpp/executor.hpp:22[m[K,
[6.006s]                  from [01m[K/opt/ros/humble/include/rclcpp/rclcpp/executors/multi_threaded_executor.hpp:25[m[K,
[6.006s]                  from [01m[K/opt/ros/humble/include/rclcpp/rclcpp/executors.hpp:21[m[K,
[6.006s]                  from [01m[K/opt/ros/humble/include/rclcpp/rclcpp/rclcpp.hpp:155[m[K,
[6.006s]                  from [01m[K/home/zbt/Upper-main/rc_interaction/src/model_xbox.cpp:1[m[K:
[6.006s] [01m[K/usr/include/c++/11/ostream:513:5:[m[K [01;36m[Knote: [m[Kcandidate: ‘[01m[Kstd::basic_ostream<_Ch, _Tr>& std::operator<<(std::basic_ostream<_Ch, _Tr>&, _CharT) [with _CharT = char; _Traits = std::char_traits<char>][m[K’
[6.006s]   513 |     [01;36m[Koperator[m[K<<(basic_ostream<_CharT, _Traits>& __out, _CharT __c)
[6.006s]       |     [01;36m[K^~~~~~~~[m[K
[6.006s] [01m[K/usr/include/c++/11/ostream:513:62:[m[K [01;36m[Knote: [m[K  no known conversion for argument 2 from ‘[01m[K<unresolved overloaded function type>[m[K’ to ‘[01m[Kchar[m[K’
[6.006s]   513 |     operator<<(basic_ostream<_CharT, _Traits>& __out, [01;36m[K_CharT __c[m[K)
[6.006s]       |                                                       [01;36m[K~~~~~~~^~~[m[K
[6.006s] [01m[K/usr/include/c++/11/ostream:518:5:[m[K [01;36m[Knote: [m[Kcandidate: ‘[01m[Ktemplate<class _CharT, class _Traits> std::basic_ostream<_Ch, _Tr>& std::operator<<(std::basic_ostream<_Ch, _Tr>&, char)[m[K’
[6.006s]   518 |     [01;36m[Koperator[m[K<<(basic_ostream<_CharT, _Traits>& __out, char __c)
[6.006s]       |     [01;36m[K^~~~~~~~[m[K
[6.006s] [01m[K/usr/include/c++/11/ostream:518:5:[m[K [01;36m[Knote: [m[K  template argument deduction/substitution failed:
[6.006s] In file included from [01m[K/home/zbt/Upper-main/rc_interaction/src/model_xbox.cpp:4[m[K:
[6.006s] [01m[K/home/zbt/Upper-main/rc_interaction/include/rc_interaction/sbus_node.hpp:216:34:[m[K [01;36m[Knote: [m[K  cannot convert ‘[01m[Kstd::end[m[K’ (type ‘[01m[K<unresolved overloaded function type>[m[K’) to type ‘[01m[Kchar[m[K’
[6.007s]   216 |       cout<<vel_.twist.linear.y<<[01;36m[Kend[m[K;
[6.007s]       |                                  [01;36m[K^~~[m[K
[6.007s] In file included from [01m[K/usr/include/c++/11/iostream:39[m[K,
[6.007s]                  from [01m[K/opt/ros/humble/include/rclcpp/rclcpp/executor.hpp:22[m[K,
[6.010s]                  from [01m[K/opt/ros/humble/include/rclcpp/rclcpp/executors/multi_threaded_executor.hpp:25[m[K,
[6.010s]                  from [01m[K/opt/ros/humble/include/rclcpp/rclcpp/executors.hpp:21[m[K,
[6.010s]                  from [01m[K/opt/ros/humble/include/rclcpp/rclcpp/rclcpp.hpp:155[m[K,
[6.010s]                  from [01m[K/home/zbt/Upper-main/rc_interaction/src/model_xbox.cpp:1[m[K:
[6.010s] [01m[K/usr/include/c++/11/ostream:524:5:[m[K [01;36m[Knote: [m[Kcandidate: ‘[01m[Ktemplate<class _Traits> std::basic_ostream<char, _Traits>& std::operator<<(std::basic_ostream<char, _Traits>&, char)[m[K’
[6.010s]   524 |     [01;36m[Koperator[m[K<<(basic_ostream<char, _Traits>& __out, char __c)
[6.010s]       |     [01;36m[K^~~~~~~~[m[K
[6.010s] [01m[K/usr/include/c++/11/ostream:524:5:[m[K [01;36m[Knote: [m[K  template argument deduction/substitution failed:
[6.010s] In file included from [01m[K/home/zbt/Upper-main/rc_interaction/src/model_xbox.cpp:4[m[K:
[6.010s] [01m[K/home/zbt/Upper-main/rc_interaction/include/rc_interaction/sbus_node.hpp:216:34:[m[K [01;36m[Knote: [m[K  cannot convert ‘[01m[Kstd::end[m[K’ (type ‘[01m[K<unresolved overloaded function type>[m[K’) to type ‘[01m[Kchar[m[K’
[6.010s]   216 |       cout<<vel_.twist.linear.y<<[01;36m[Kend[m[K;
[6.010s]       |                                  [01;36m[K^~~[m[K
[6.010s] In file included from [01m[K/usr/include/c++/11/iostream:39[m[K,
[6.013s]                  from [01m[K/opt/ros/humble/include/rclcpp/rclcpp/executor.hpp:22[m[K,
[6.013s]                  from [01m[K/opt/ros/humble/include/rclcpp/rclcpp/executors/multi_threaded_executor.hpp:25[m[K,
[6.013s]                  from [01m[K/opt/ros/humble/include/rclcpp/rclcpp/executors.hpp:21[m[K,
[6.013s]                  from [01m[K/opt/ros/humble/include/rclcpp/rclcpp/rclcpp.hpp:155[m[K,
[6.013s]                  from [01m[K/home/zbt/Upper-main/rc_interaction/src/model_xbox.cpp:1[m[K:
[6.013s] [01m[K/usr/include/c++/11/ostream:530:5:[m[K [01;36m[Knote: [m[Kcandidate: ‘[01m[Ktemplate<class _Traits> std::basic_ostream<char, _Traits>& std::operator<<(std::basic_ostream<char, _Traits>&, signed char)[m[K’
[6.013s]   530 |     [01;36m[Koperator[m[K<<(basic_ostream<char, _Traits>& __out, signed char __c)
[6.013s]       |     [01;36m[K^~~~~~~~[m[K
[6.013s] [01m[K/usr/include/c++/11/ostream:530:5:[m[K [01;36m[Knote: [m[K  template argument deduction/substitution failed:
[6.013s] In file included from [01m[K/home/zbt/Upper-main/rc_interaction/src/model_xbox.cpp:4[m[K:
[6.014s] [01m[K/home/zbt/Upper-main/rc_interaction/include/rc_interaction/sbus_node.hpp:216:34:[m[K [01;36m[Knote: [m[K  cannot convert ‘[01m[Kstd::end[m[K’ (type ‘[01m[K<unresolved overloaded function type>[m[K’) to type ‘[01m[Ksigned char[m[K’
[6.014s]   216 |       cout<<vel_.twist.linear.y<<[01;36m[Kend[m[K;
[6.014s]       |                                  [01;36m[K^~~[m[K
[6.014s] In file included from [01m[K/usr/include/c++/11/iostream:39[m[K,
[6.014s]                  from [01m[K/opt/ros/humble/include/rclcpp/rclcpp/executor.hpp:22[m[K,
[6.017s]                  from [01m[K/opt/ros/humble/include/rclcpp/rclcpp/executors/multi_threaded_executor.hpp:25[m[K,
[6.017s]                  from [01m[K/opt/ros/humble/include/rclcpp/rclcpp/executors.hpp:21[m[K,
[6.017s]                  from [01m[K/opt/ros/humble/include/rclcpp/rclcpp/rclcpp.hpp:155[m[K,
[6.017s]                  from [01m[K/home/zbt/Upper-main/rc_interaction/src/model_xbox.cpp:1[m[K:
[6.017s] [01m[K/usr/include/c++/11/ostream:535:5:[m[K [01;36m[Knote: [m[Kcandidate: ‘[01m[Ktemplate<class _Traits> std::basic_ostream<char, _Traits>& std::operator<<(std::basic_ostream<char, _Traits>&, unsigned char)[m[K’
[6.017s]   535 |     [01;36m[Koperator[m[K<<(basic_ostream<char, _Traits>& __out, unsigned char __c)
[6.017s]       |     [01;36m[K^~~~~~~~[m[K
[6.017s] [01m[K/usr/include/c++/11/ostream:535:5:[m[K [01;36m[Knote: [m[K  template argument deduction/substitution failed:
[6.017s] In file included from [01m[K/home/zbt/Upper-main/rc_interaction/src/model_xbox.cpp:4[m[K:
[6.017s] [01m[K/home/zbt/Upper-main/rc_interaction/include/rc_interaction/sbus_node.hpp:216:34:[m[K [01;36m[Knote: [m[K  cannot convert ‘[01m[Kstd::end[m[K’ (type ‘[01m[K<unresolved overloaded function type>[m[K’) to type ‘[01m[Kunsigned char[m[K’
[6.017s]   216 |       cout<<vel_.twist.linear.y<<[01;36m[Kend[m[K;
[6.017s]       |                                  [01;36m[K^~~[m[K
[6.017s] In file included from [01m[K/usr/include/c++/11/iostream:39[m[K,
[6.017s]                  from [01m[K/opt/ros/humble/include/rclcpp/rclcpp/executor.hpp:22[m[K,
[6.017s]                  from [01m[K/opt/ros/humble/include/rclcpp/rclcpp/executors/multi_threaded_executor.hpp:25[m[K,
[6.017s]                  from [01m[K/opt/ros/humble/include/rclcpp/rclcpp/executors.hpp:21[m[K,
[6.017s]                  from [01m[K/opt/ros/humble/include/rclcpp/rclcpp/rclcpp.hpp:155[m[K,
[6.017s]                  from [01m[K/home/zbt/Upper-main/rc_interaction/src/model_xbox.cpp:1[m[K:
[6.017s] [01m[K/usr/include/c++/11/ostream:594:5:[m[K [01;36m[Knote: [m[Kcandidate: ‘[01m[Kstd::basic_ostream<_Ch, _Tr>& std::operator<<(std::basic_ostream<_Ch, _Tr>&, const _CharT*) [with _CharT = char; _Traits = std::char_traits<char>][m[K’
[6.017s]   594 |     [01;36m[Koperator[m[K<<(basic_ostream<_CharT, _Traits>& __out, const _CharT* __s)
[6.017s]       |     [01;36m[K^~~~~~~~[m[K
[6.017s] [01m[K/usr/include/c++/11/ostream:594:69:[m[K [01;36m[Knote: [m[K  no known conversion for argument 2 from ‘[01m[K<unresolved overloaded function type>[m[K’ to ‘[01m[Kconst char*[m[K’
[6.017s]   594 |     operator<<(basic_ostream<_CharT, _Traits>& __out, [01;36m[Kconst _CharT* __s[m[K)
[6.017s]       |                                                       [01;36m[K~~~~~~~~~~~~~~^~~[m[K
[6.017s] In file included from [01m[K/usr/include/c++/11/ostream:829[m[K,
[6.017s]                  from [01m[K/usr/include/c++/11/iostream:39[m[K,
[6.017s]                  from [01m[K/opt/ros/humble/include/rclcpp/rclcpp/executor.hpp:22[m[K,
[6.018s]                  from [01m[K/opt/ros/humble/include/rclcpp/rclcpp/executors/multi_threaded_executor.hpp:25[m[K,
[6.018s]                  from [01m[K/opt/ros/humble/include/rclcpp/rclcpp/executors.hpp:21[m[K,
[6.018s]                  from [01m[K/opt/ros/humble/include/rclcpp/rclcpp/rclcpp.hpp:155[m[K,
[6.018s]                  from [01m[K/home/zbt/Upper-main/rc_interaction/src/model_xbox.cpp:1[m[K:
[6.018s] [01m[K/usr/include/c++/11/bits/ostream.tcc:321:5:[m[K [01;36m[Knote: [m[Kcandidate: ‘[01m[Ktemplate<class _CharT, class _Traits> std::basic_ostream<_Ch, _Tr>& std::operator<<(std::basic_ostream<_Ch, _Tr>&, const char*)[m[K’
[6.018s]   321 |     [01;36m[Koperator[m[K<<(basic_ostream<_CharT, _Traits>& __out, const char* __s)
[6.018s]       |     [01;36m[K^~~~~~~~[m[K
[6.018s] [01m[K/usr/include/c++/11/bits/ostream.tcc:321:5:[m[K [01;36m[Knote: [m[K  template argument deduction/substitution failed:
[6.018s] In file included from [01m[K/home/zbt/Upper-main/rc_interaction/src/model_xbox.cpp:4[m[K:
[6.018s] [01m[K/home/zbt/Upper-main/rc_interaction/include/rc_interaction/sbus_node.hpp:216:34:[m[K [01;36m[Knote: [m[K  cannot convert ‘[01m[Kstd::end[m[K’ (type ‘[01m[K<unresolved overloaded function type>[m[K’) to type ‘[01m[Kconst char*[m[K’
[6.018s]   216 |       cout<<vel_.twist.linear.y<<[01;36m[Kend[m[K;
[6.018s]       |                                  [01;36m[K^~~[m[K
[6.018s] In file included from [01m[K/usr/include/c++/11/iostream:39[m[K,
[6.018s]                  from [01m[K/opt/ros/humble/include/rclcpp/rclcpp/executor.hpp:22[m[K,
[6.018s]                  from [01m[K/opt/ros/humble/include/rclcpp/rclcpp/executors/multi_threaded_executor.hpp:25[m[K,
[6.018s]                  from [01m[K/opt/ros/humble/include/rclcpp/rclcpp/executors.hpp:21[m[K,
[6.018s]                  from [01m[K/opt/ros/humble/include/rclcpp/rclcpp/rclcpp.hpp:155[m[K,
[6.018s]                  from [01m[K/home/zbt/Upper-main/rc_interaction/src/model_xbox.cpp:1[m[K:
[6.018s] [01m[K/usr/include/c++/11/ostream:611:5:[m[K [01;36m[Knote: [m[Kcandidate: ‘[01m[Ktemplate<class _Traits> std::basic_ostream<char, _Traits>& std::operator<<(std::basic_ostream<char, _Traits>&, const char*)[m[K’
[6.018s]   611 |     [01;36m[Koperator[m[K<<(basic_ostream<char, _Traits>& __out, const char* __s)
[6.018s]       |     [01;36m[K^~~~~~~~[m[K
[6.018s] [01m[K/usr/include/c++/11/ostream:611:5:[m[K [01;36m[Knote: [m[K  template argument deduction/substitution failed:
[6.018s] In file included from [01m[K/home/zbt/Upper-main/rc_interaction/src/model_xbox.cpp:4[m[K:
[6.018s] [01m[K/home/zbt/Upper-main/rc_interaction/include/rc_interaction/sbus_node.hpp:216:34:[m[K [01;36m[Knote: [m[K  cannot convert ‘[01m[Kstd::end[m[K’ (type ‘[01m[K<unresolved overloaded function type>[m[K’) to type ‘[01m[Kconst char*[m[K’
[6.018s]   216 |       cout<<vel_.twist.linear.y<<[01;36m[Kend[m[K;
[6.018s]       |                                  [01;36m[K^~~[m[K
[6.018s] In file included from [01m[K/usr/include/c++/11/iostream:39[m[K,
[6.018s]                  from [01m[K/opt/ros/humble/include/rclcpp/rclcpp/executor.hpp:22[m[K,
[6.020s]                  from [01m[K/opt/ros/humble/include/rclcpp/rclcpp/executors/multi_threaded_executor.hpp:25[m[K,
[6.021s]                  from [01m[K/opt/ros/humble/include/rclcpp/rclcpp/executors.hpp:21[m[K,
[6.021s]                  from [01m[K/opt/ros/humble/include/rclcpp/rclcpp/rclcpp.hpp:155[m[K,
[6.021s]                  from [01m[K/home/zbt/Upper-main/rc_interaction/src/model_xbox.cpp:1[m[K:
[6.021s] [01m[K/usr/include/c++/11/ostream:624:5:[m[K [01;36m[Knote: [m[Kcandidate: ‘[01m[Ktemplate<class _Traits> std::basic_ostream<char, _Traits>& std::operator<<(std::basic_ostream<char, _Traits>&, const signed char*)[m[K’
[6.021s]   624 |     [01;36m[Koperator[m[K<<(basic_ostream<char, _Traits>& __out, const signed char* __s)
[6.021s]       |     [01;36m[K^~~~~~~~[m[K
[6.021s] [01m[K/usr/include/c++/11/ostream:624:5:[m[K [01;36m[Knote: [m[K  template argument deduction/substitution failed:
[6.021s] In file included from [01m[K/home/zbt/Upper-main/rc_interaction/src/model_xbox.cpp:4[m[K:
[6.021s] [01m[K/home/zbt/Upper-main/rc_interaction/include/rc_interaction/sbus_node.hpp:216:34:[m[K [01;36m[Knote: [m[K  cannot convert ‘[01m[Kstd::end[m[K’ (type ‘[01m[K<unresolved overloaded function type>[m[K’) to type ‘[01m[Kconst signed char*[m[K’
[6.021s]   216 |       cout<<vel_.twist.linear.y<<[01;36m[Kend[m[K;
[6.021s]       |                                  [01;36m[K^~~[m[K
[6.021s] In file included from [01m[K/usr/include/c++/11/iostream:39[m[K,
[6.021s]                  from [01m[K/opt/ros/humble/include/rclcpp/rclcpp/executor.hpp:22[m[K,
[6.021s]                  from [01m[K/opt/ros/humble/include/rclcpp/rclcpp/executors/multi_threaded_executor.hpp:25[m[K,
[6.021s]                  from [01m[K/opt/ros/humble/include/rclcpp/rclcpp/executors.hpp:21[m[K,
[6.021s]                  from [01m[K/opt/ros/humble/include/rclcpp/rclcpp/rclcpp.hpp:155[m[K,
[6.021s]                  from [01m[K/home/zbt/Upper-main/rc_interaction/src/model_xbox.cpp:1[m[K:
[6.021s] [01m[K/usr/include/c++/11/ostream:629:5:[m[K [01;36m[Knote: [m[Kcandidate: ‘[01m[Ktemplate<class _Traits> std::basic_ostream<char, _Traits>& std::operator<<(std::basic_ostream<char, _Traits>&, const unsigned char*)[m[K’
[6.021s]   629 |     [01;36m[Koperator[m[K<<(basic_ostream<char, _Traits>& __out, const unsigned char* __s)
[6.021s]       |     [01;36m[K^~~~~~~~[m[K
[6.021s] [01m[K/usr/include/c++/11/ostream:629:5:[m[K [01;36m[Knote: [m[K  template argument deduction/substitution failed:
[6.022s] In file included from [01m[K/home/zbt/Upper-main/rc_interaction/src/model_xbox.cpp:4[m[K:
[6.022s] [01m[K/home/zbt/Upper-main/rc_interaction/include/rc_interaction/sbus_node.hpp:216:34:[m[K [01;36m[Knote: [m[K  cannot convert ‘[01m[Kstd::end[m[K’ (type ‘[01m[K<unresolved overloaded function type>[m[K’) to type ‘[01m[Kconst unsigned char*[m[K’
[6.022s]   216 |       cout<<vel_.twist.linear.y<<[01;36m[Kend[m[K;
[6.022s]       |                                  [01;36m[K^~~[m[K
[6.022s] In file included from [01m[K/usr/include/c++/11/iostream:39[m[K,
[6.022s]                  from [01m[K/opt/ros/humble/include/rclcpp/rclcpp/executor.hpp:22[m[K,
[6.022s]                  from [01m[K/opt/ros/humble/include/rclcpp/rclcpp/executors/multi_threaded_executor.hpp:25[m[K,
[6.022s]                  from [01m[K/opt/ros/humble/include/rclcpp/rclcpp/executors.hpp:21[m[K,
[6.022s]                  from [01m[K/opt/ros/humble/include/rclcpp/rclcpp/rclcpp.hpp:155[m[K,
[6.022s]                  from [01m[K/home/zbt/Upper-main/rc_interaction/src/model_xbox.cpp:1[m[K:
[6.022s] [01m[K/usr/include/c++/11/ostream:750:5:[m[K [01;36m[Knote: [m[Kcandidate: ‘[01m[Ktemplate<class _Ostream, class _Tp> _Ostream&& std::operator<<(_Ostream&&, const _Tp&)[m[K’
[6.022s]   750 |     [01;36m[Koperator[m[K<<(_Ostream&& __os, const _Tp& __x)
[6.022s]       |     [01;36m[K^~~~~~~~[m[K
[6.022s] [01m[K/usr/include/c++/11/ostream:750:5:[m[K [01;36m[Knote: [m[K  template argument deduction/substitution failed:
[6.022s] In file included from [01m[K/home/zbt/Upper-main/rc_interaction/src/model_xbox.cpp:4[m[K:
[6.022s] [01m[K/home/zbt/Upper-main/rc_interaction/include/rc_interaction/sbus_node.hpp:216:34:[m[K [01;36m[Knote: [m[K  couldn’t deduce template parameter ‘[01m[K_Tp[m[K’
[6.022s]   216 |       cout<<vel_.twist.linear.y<<[01;36m[Kend[m[K;
[6.022s]       |                                  [01;36m[K^~~[m[K
[6.022s] In file included from [01m[K/opt/ros/humble/include/rosidl_runtime_cpp/rosidl_runtime_cpp/traits.hpp:19[m[K,
[6.022s]                  from [01m[K/opt/ros/humble/include/builtin_interfaces/builtin_interfaces/msg/detail/duration__traits.hpp:15[m[K,
[6.022s]                  from [01m[K/opt/ros/humble/include/builtin_interfaces/builtin_interfaces/msg/duration.hpp:9[m[K,
[6.022s]                  from [01m[K/opt/ros/humble/include/rclcpp/rclcpp/duration.hpp:20[m[K,
[6.022s]                  from [01m[K/opt/ros/humble/include/rclcpp/rclcpp/qos.hpp:20[m[K,
[6.022s]                  from [01m[K/opt/ros/humble/include/rclcpp/rclcpp/node_interfaces/node_graph_interface.hpp:32[m[K,
[6.022s]                  from [01m[K/opt/ros/humble/include/rclcpp/rclcpp/client.hpp:42[m[K,
[6.022s]                  from [01m[K/opt/ros/humble/include/rclcpp/rclcpp/callback_group.hpp:24[m[K,
[6.022s]                  from [01m[K/opt/ros/humble/include/rclcpp/rclcpp/any_executable.hpp:20[m[K,
[6.022s]                  from [01m[K/opt/ros/humble/include/rclcpp/rclcpp/memory_strategy.hpp:25[m[K,
[6.022s]                  from [01m[K/opt/ros/humble/include/rclcpp/rclcpp/memory_strategies.hpp:18[m[K,
[6.022s]                  from [01m[K/opt/ros/humble/include/rclcpp/rclcpp/executor_options.hpp:20[m[K,
[6.022s]                  from [01m[K/opt/ros/humble/include/rclcpp/rclcpp/executor.hpp:37[m[K,
[6.022s]                  from [01m[K/opt/ros/humble/include/rclcpp/rclcpp/executors/multi_threaded_executor.hpp:25[m[K,
[6.022s]                  from [01m[K/opt/ros/humble/include/rclcpp/rclcpp/executors.hpp:21[m[K,
[6.022s]                  from [01m[K/opt/ros/humble/include/rclcpp/rclcpp/rclcpp.hpp:155[m[K,
[6.022s]                  from [01m[K/home/zbt/Upper-main/rc_interaction/src/model_xbox.cpp:1[m[K:
[6.023s] [01m[K/usr/include/c++/11/iomanip:79:5:[m[K [01;36m[Knote: [m[Kcandidate: ‘[01m[Ktemplate<class _CharT, class _Traits> std::basic_ostream<_Ch, _Tr>& std::operator<<(std::basic_ostream<_Ch, _Tr>&, std::_Resetiosflags)[m[K’
[6.023s]    79 |     [01;36m[Koperator[m[K<<(basic_ostream<_CharT, _Traits>& __os, _Resetiosflags __f)
[6.023s]       |     [01;36m[K^~~~~~~~[m[K
[6.023s] [01m[K/usr/include/c++/11/iomanip:79:5:[m[K [01;36m[Knote: [m[K  template argument deduction/substitution failed:
[6.023s] In file included from [01m[K/home/zbt/Upper-main/rc_interaction/src/model_xbox.cpp:4[m[K:
[6.023s] [01m[K/home/zbt/Upper-main/rc_interaction/include/rc_interaction/sbus_node.hpp:216:34:[m[K [01;36m[Knote: [m[K  cannot convert ‘[01m[Kstd::end[m[K’ (type ‘[01m[K<unresolved overloaded function type>[m[K’) to type ‘[01m[Kstd::_Resetiosflags[m[K’
[6.023s]   216 |       cout<<vel_.twist.linear.y<<[01;36m[Kend[m[K;
[6.023s]       |                                  [01;36m[K^~~[m[K
[6.027s] In file included from [01m[K/opt/ros/humble/include/rosidl_runtime_cpp/rosidl_runtime_cpp/traits.hpp:19[m[K,
[6.027s]                  from [01m[K/opt/ros/humble/include/builtin_interfaces/builtin_interfaces/msg/detail/duration__traits.hpp:15[m[K,
[6.027s]                  from [01m[K/opt/ros/humble/include/builtin_interfaces/builtin_interfaces/msg/duration.hpp:9[m[K,
[6.027s]                  from [01m[K/opt/ros/humble/include/rclcpp/rclcpp/duration.hpp:20[m[K,
[6.027s]                  from [01m[K/opt/ros/humble/include/rclcpp/rclcpp/qos.hpp:20[m[K,
[6.027s]                  from [01m[K/opt/ros/humble/include/rclcpp/rclcpp/node_interfaces/node_graph_interface.hpp:32[m[K,
[6.027s]                  from [01m[K/opt/ros/humble/include/rclcpp/rclcpp/client.hpp:42[m[K,
[6.027s]                  from [01m[K/opt/ros/humble/include/rclcpp/rclcpp/callback_group.hpp:24[m[K,
[6.027s]                  from [01m[K/opt/ros/humble/include/rclcpp/rclcpp/any_executable.hpp:20[m[K,
[6.027s]                  from [01m[K/opt/ros/humble/include/rclcpp/rclcpp/memory_strategy.hpp:25[m[K,
[6.027s]                  from [01m[K/opt/ros/humble/include/rclcpp/rclcpp/memory_strategies.hpp:18[m[K,
[6.027s]                  from [01m[K/opt/ros/humble/include/rclcpp/rclcpp/executor_options.hpp:20[m[K,
[6.027s]                  from [01m[K/opt/ros/humble/include/rclcpp/rclcpp/executor.hpp:37[m[K,
[6.027s]                  from [01m[K/opt/ros/humble/include/rclcpp/rclcpp/executors/multi_threaded_executor.hpp:25[m[K,
[6.027s]                  from [01m[K/opt/ros/humble/include/rclcpp/rclcpp/executors.hpp:21[m[K,
[6.027s]                  from [01m[K/opt/ros/humble/include/rclcpp/rclcpp/rclcpp.hpp:155[m[K,
[6.027s]                  from [01m[K/home/zbt/Upper-main/rc_interaction/src/model_xbox.cpp:1[m[K:
[6.027s] [01m[K/usr/include/c++/11/iomanip:109:5:[m[K [01;36m[Knote: [m[Kcandidate: ‘[01m[Ktemplate<class _CharT, class _Traits> std::basic_ostream<_Ch, _Tr>& std::operator<<(std::basic_ostream<_Ch, _Tr>&, std::_Setiosflags)[m[K’
[6.027s]   109 |     [01;36m[Koperator[m[K<<(basic_ostream<_CharT, _Traits>& __os, _Setiosflags __f)
[6.027s]       |     [01;36m[K^~~~~~~~[m[K
[6.027s] [01m[K/usr/include/c++/11/iomanip:109:5:[m[K [01;36m[Knote: [m[K  template argument deduction/substitution failed:
[6.027s] In file included from [01m[K/home/zbt/Upper-main/rc_interaction/src/model_xbox.cpp:4[m[K:
[6.027s] [01m[K/home/zbt/Upper-main/rc_interaction/include/rc_interaction/sbus_node.hpp:216:34:[m[K [01;36m[Knote: [m[K  cannot convert ‘[01m[Kstd::end[m[K’ (type ‘[01m[K<unresolved overloaded function type>[m[K’) to type ‘[01m[Kstd::_Setiosflags[m[K’
[6.027s]   216 |       cout<<vel_.twist.linear.y<<[01;36m[Kend[m[K;
[6.027s]       |                                  [01;36m[K^~~[m[K
[6.027s] In file included from [01m[K/opt/ros/humble/include/rosidl_runtime_cpp/rosidl_runtime_cpp/traits.hpp:19[m[K,
[6.027s]                  from [01m[K/opt/ros/humble/include/builtin_interfaces/builtin_interfaces/msg/detail/duration__traits.hpp:15[m[K,
[6.028s]                  from [01m[K/opt/ros/humble/include/builtin_interfaces/builtin_interfaces/msg/duration.hpp:9[m[K,
[6.028s]                  from [01m[K/opt/ros/humble/include/rclcpp/rclcpp/duration.hpp:20[m[K,
[6.028s]                  from [01m[K/opt/ros/humble/include/rclcpp/rclcpp/qos.hpp:20[m[K,
[6.028s]                  from [01m[K/opt/ros/humble/include/rclcpp/rclcpp/node_interfaces/node_graph_interface.hpp:32[m[K,
[6.028s]                  from [01m[K/opt/ros/humble/include/rclcpp/rclcpp/client.hpp:42[m[K,
[6.028s]                  from [01m[K/opt/ros/humble/include/rclcpp/rclcpp/callback_group.hpp:24[m[K,
[6.028s]                  from [01m[K/opt/ros/humble/include/rclcpp/rclcpp/any_executable.hpp:20[m[K,
[6.028s]                  from [01m[K/opt/ros/humble/include/rclcpp/rclcpp/memory_strategy.hpp:25[m[K,
[6.028s]                  from [01m[K/opt/ros/humble/include/rclcpp/rclcpp/memory_strategies.hpp:18[m[K,
[6.028s]                  from [01m[K/opt/ros/humble/include/rclcpp/rclcpp/executor_options.hpp:20[m[K,
[6.028s]                  from [01m[K/opt/ros/humble/include/rclcpp/rclcpp/executor.hpp:37[m[K,
[6.028s]                  from [01m[K/opt/ros/humble/include/rclcpp/rclcpp/executors/multi_threaded_executor.hpp:25[m[K,
[6.028s]                  from [01m[K/opt/ros/humble/include/rclcpp/rclcpp/executors.hpp:21[m[K,
[6.028s]                  from [01m[K/opt/ros/humble/include/rclcpp/rclcpp/rclcpp.hpp:155[m[K,
[6.028s]                  from [01m[K/home/zbt/Upper-main/rc_interaction/src/model_xbox.cpp:1[m[K:
[6.028s] [01m[K/usr/include/c++/11/iomanip:143:5:[m[K [01;36m[Knote: [m[Kcandidate: ‘[01m[Ktemplate<class _CharT, class _Traits> std::basic_ostream<_Ch, _Tr>& std::operator<<(std::basic_ostream<_Ch, _Tr>&, std::_Setbase)[m[K’
[6.028s]   143 |     [01;36m[Koperator[m[K<<(basic_ostream<_CharT, _Traits>& __os, _Setbase __f)
[6.028s]       |     [01;36m[K^~~~~~~~[m[K
[6.028s] [01m[K/usr/include/c++/11/iomanip:143:5:[m[K [01;36m[Knote: [m[K  template argument deduction/substitution failed:
[6.028s] In file included from [01m[K/home/zbt/Upper-main/rc_interaction/src/model_xbox.cpp:4[m[K:
[6.028s] [01m[K/home/zbt/Upper-main/rc_interaction/include/rc_interaction/sbus_node.hpp:216:34:[m[K [01;36m[Knote: [m[K  cannot convert ‘[01m[Kstd::end[m[K’ (type ‘[01m[K<unresolved overloaded function type>[m[K’) to type ‘[01m[Kstd::_Setbase[m[K’
[6.028s]   216 |       cout<<vel_.twist.linear.y<<[01;36m[Kend[m[K;
[6.028s]       |                                  [01;36m[K^~~[m[K
[6.028s] In file included from [01m[K/opt/ros/humble/include/rosidl_runtime_cpp/rosidl_runtime_cpp/traits.hpp:19[m[K,
[6.028s]                  from [01m[K/opt/ros/humble/include/builtin_interfaces/builtin_interfaces/msg/detail/duration__traits.hpp:15[m[K,
[6.028s]                  from [01m[K/opt/ros/humble/include/builtin_interfaces/builtin_interfaces/msg/duration.hpp:9[m[K,
[6.028s]                  from [01m[K/opt/ros/humble/include/rclcpp/rclcpp/duration.hpp:20[m[K,
[6.028s]                  from [01m[K/opt/ros/humble/include/rclcpp/rclcpp/qos.hpp:20[m[K,
[6.028s]                  from [01m[K/opt/ros/humble/include/rclcpp/rclcpp/node_interfaces/node_graph_interface.hpp:32[m[K,
[6.028s]                  from [01m[K/opt/ros/humble/include/rclcpp/rclcpp/client.hpp:42[m[K,
[6.028s]                  from [01m[K/opt/ros/humble/include/rclcpp/rclcpp/callback_group.hpp:24[m[K,
[6.028s]                  from [01m[K/opt/ros/humble/include/rclcpp/rclcpp/any_executable.hpp:20[m[K,
[6.028s]                  from [01m[K/opt/ros/humble/include/rclcpp/rclcpp/memory_strategy.hpp:25[m[K,
[6.028s]                  from [01m[K/opt/ros/humble/include/rclcpp/rclcpp/memory_strategies.hpp:18[m[K,
[6.028s]                  from [01m[K/opt/ros/humble/include/rclcpp/rclcpp/executor_options.hpp:20[m[K,
[6.028s]                  from [01m[K/opt/ros/humble/include/rclcpp/rclcpp/executor.hpp:37[m[K,
[6.028s]                  from [01m[K/opt/ros/humble/include/rclcpp/rclcpp/executors/multi_threaded_executor.hpp:25[m[K,
[6.028s]                  from [01m[K/opt/ros/humble/include/rclcpp/rclcpp/executors.hpp:21[m[K,
[6.028s]                  from [01m[K/opt/ros/humble/include/rclcpp/rclcpp/rclcpp.hpp:155[m[K,
[6.028s]                  from [01m[K/home/zbt/Upper-main/rc_interaction/src/model_xbox.cpp:1[m[K:
[6.028s] [01m[K/usr/include/c++/11/iomanip:178:5:[m[K [01;36m[Knote: [m[Kcandidate: ‘[01m[Kstd::basic_ostream<_Ch, _Tr>& std::operator<<(std::basic_ostream<_Ch, _Tr>&, std::_Setfill<_CharT>) [with _CharT = char; _Traits = std::char_traits<char>][m[K’
[6.028s]   178 |     [01;36m[Koperator[m[K<<(basic_ostream<_CharT, _Traits>& __os, _Setfill<_CharT> __f)
[6.029s]       |     [01;36m[K^~~~~~~~[m[K
[6.029s] [01m[K/usr/include/c++/11/iomanip:178:71:[m[K [01;36m[Knote: [m[K  no known conversion for argument 2 from ‘[01m[K<unresolved overloaded function type>[m[K’ to ‘[01m[Kstd::_Setfill<char>[m[K’
[6.029s]   178 |     operator<<(basic_ostream<_CharT, _Traits>& __os, [01;36m[K_Setfill<_CharT> __f[m[K)
[6.029s]       |                                                      [01;36m[K~~~~~~~~~~~~~~~~~^~~[m[K
[6.029s] [01m[K/usr/include/c++/11/iomanip:208:5:[m[K [01;36m[Knote: [m[Kcandidate: ‘[01m[Ktemplate<class _CharT, class _Traits> std::basic_ostream<_Ch, _Tr>& std::operator<<(std::basic_ostream<_Ch, _Tr>&, std::_Setprecision)[m[K’
[6.029s]   208 |     [01;36m[Koperator[m[K<<(basic_ostream<_CharT, _Traits>& __os, _Setprecision __f)
[6.029s]       |     [01;36m[K^~~~~~~~[m[K
[6.029s] [01m[K/usr/include/c++/11/iomanip:208:5:[m[K [01;36m[Knote: [m[K  template argument deduction/substitution failed:
[6.035s] In file included from [01m[K/home/zbt/Upper-main/rc_interaction/src/model_xbox.cpp:4[m[K:
[6.035s] [01m[K/home/zbt/Upper-main/rc_interaction/include/rc_interaction/sbus_node.hpp:216:34:[m[K [01;36m[Knote: [m[K  cannot convert ‘[01m[Kstd::end[m[K’ (type ‘[01m[K<unresolved overloaded function type>[m[K’) to type ‘[01m[Kstd::_Setprecision[m[K’
[6.035s]   216 |       cout<<vel_.twist.linear.y<<[01;36m[Kend[m[K;
[6.035s]       |                                  [01;36m[K^~~[m[K
[6.035s] In file included from [01m[K/opt/ros/humble/include/rosidl_runtime_cpp/rosidl_runtime_cpp/traits.hpp:19[m[K,
[6.035s]                  from [01m[K/opt/ros/humble/include/builtin_interfaces/builtin_interfaces/msg/detail/duration__traits.hpp:15[m[K,
[6.035s]                  from [01m[K/opt/ros/humble/include/builtin_interfaces/builtin_interfaces/msg/duration.hpp:9[m[K,
[6.035s]                  from [01m[K/opt/ros/humble/include/rclcpp/rclcpp/duration.hpp:20[m[K,
[6.035s]                  from [01m[K/opt/ros/humble/include/rclcpp/rclcpp/qos.hpp:20[m[K,
[6.035s]                  from [01m[K/opt/ros/humble/include/rclcpp/rclcpp/node_interfaces/node_graph_interface.hpp:32[m[K,
[6.035s]                  from [01m[K/opt/ros/humble/include/rclcpp/rclcpp/client.hpp:42[m[K,
[6.035s]                  from [01m[K/opt/ros/humble/include/rclcpp/rclcpp/callback_group.hpp:24[m[K,
[6.035s]                  from [01m[K/opt/ros/humble/include/rclcpp/rclcpp/any_executable.hpp:20[m[K,
[6.035s]                  from [01m[K/opt/ros/humble/include/rclcpp/rclcpp/memory_strategy.hpp:25[m[K,
[6.035s]                  from [01m[K/opt/ros/humble/include/rclcpp/rclcpp/memory_strategies.hpp:18[m[K,
[6.035s]                  from [01m[K/opt/ros/humble/include/rclcpp/rclcpp/executor_options.hpp:20[m[K,
[6.035s]                  from [01m[K/opt/ros/humble/include/rclcpp/rclcpp/executor.hpp:37[m[K,
[6.035s]                  from [01m[K/opt/ros/humble/include/rclcpp/rclcpp/executors/multi_threaded_executor.hpp:25[m[K,
[6.035s]                  from [01m[K/opt/ros/humble/include/rclcpp/rclcpp/executors.hpp:21[m[K,
[6.035s]                  from [01m[K/opt/ros/humble/include/rclcpp/rclcpp/rclcpp.hpp:155[m[K,
[6.035s]                  from [01m[K/home/zbt/Upper-main/rc_interaction/src/model_xbox.cpp:1[m[K:
[6.035s] [01m[K/usr/include/c++/11/iomanip:238:5:[m[K [01;36m[Knote: [m[Kcandidate: ‘[01m[Ktemplate<class _CharT, class _Traits> std::basic_ostream<_Ch, _Tr>& std::operator<<(std::basic_ostream<_Ch, _Tr>&, std::_Setw)[m[K’
[6.035s]   238 |     [01;36m[Koperator[m[K<<(basic_ostream<_CharT, _Traits>& __os, _Setw __f)
[6.035s]       |     [01;36m[K^~~~~~~~[m[K
[6.035s] [01m[K/usr/include/c++/11/iomanip:238:5:[m[K [01;36m[Knote: [m[K  template argument deduction/substitution failed:
[6.035s] In file included from [01m[K/home/zbt/Upper-main/rc_interaction/src/model_xbox.cpp:4[m[K:
[6.035s] [01m[K/home/zbt/Upper-main/rc_interaction/include/rc_interaction/sbus_node.hpp:216:34:[m[K [01;36m[Knote: [m[K  cannot convert ‘[01m[Kstd::end[m[K’ (type ‘[01m[K<unresolved overloaded function type>[m[K’) to type ‘[01m[Kstd::_Setw[m[K’
[6.035s]   216 |       cout<<vel_.twist.linear.y<<[01;36m[Kend[m[K;
[6.036s]       |                                  [01;36m[K^~~[m[K
[6.036s] In file included from [01m[K/opt/ros/humble/include/rosidl_runtime_cpp/rosidl_runtime_cpp/traits.hpp:19[m[K,
[6.036s]                  from [01m[K/opt/ros/humble/include/builtin_interfaces/builtin_interfaces/msg/detail/duration__traits.hpp:15[m[K,
[6.036s]                  from [01m[K/opt/ros/humble/include/builtin_interfaces/builtin_interfaces/msg/duration.hpp:9[m[K,
[6.036s]                  from [01m[K/opt/ros/humble/include/rclcpp/rclcpp/duration.hpp:20[m[K,
[6.036s]                  from [01m[K/opt/ros/humble/include/rclcpp/rclcpp/qos.hpp:20[m[K,
[6.036s]                  from [01m[K/opt/ros/humble/include/rclcpp/rclcpp/node_interfaces/node_graph_interface.hpp:32[m[K,
[6.036s]                  from [01m[K/opt/ros/humble/include/rclcpp/rclcpp/client.hpp:42[m[K,
[6.036s]                  from [01m[K/opt/ros/humble/include/rclcpp/rclcpp/callback_group.hpp:24[m[K,
[6.036s]                  from [01m[K/opt/ros/humble/include/rclcpp/rclcpp/any_executable.hpp:20[m[K,
[6.036s]                  from [01m[K/opt/ros/humble/include/rclcpp/rclcpp/memory_strategy.hpp:25[m[K,
[6.036s]                  from [01m[K/opt/ros/humble/include/rclcpp/rclcpp/memory_strategies.hpp:18[m[K,
[6.036s]                  from [01m[K/opt/ros/humble/include/rclcpp/rclcpp/executor_options.hpp:20[m[K,
[6.036s]                  from [01m[K/opt/ros/humble/include/rclcpp/rclcpp/executor.hpp:37[m[K,
[6.038s]                  from [01m[K/opt/ros/humble/include/rclcpp/rclcpp/executors/multi_threaded_executor.hpp:25[m[K,
[6.038s]                  from [01m[K/opt/ros/humble/include/rclcpp/rclcpp/executors.hpp:21[m[K,
[6.038s]                  from [01m[K/opt/ros/humble/include/rclcpp/rclcpp/rclcpp.hpp:155[m[K,
[6.038s]                  from [01m[K/home/zbt/Upper-main/rc_interaction/src/model_xbox.cpp:1[m[K:
[6.038s] [01m[K/usr/include/c++/11/iomanip:311:5:[m[K [01;36m[Knote: [m[Kcandidate: ‘[01m[Ktemplate<class _CharT, class _Traits, class _MoneyT> std::basic_ostream<_Ch, _Tr>& std::operator<<(std::basic_ostream<_Ch, _Tr>&, std::_Put_money<_MoneyT>)[m[K’
[6.038s]   311 |     [01;36m[Koperator[m[K<<(basic_ostream<_CharT, _Traits>& __os, _Put_money<_MoneyT> __f)
[6.039s]       |     [01;36m[K^~~~~~~~[m[K
[6.039s] [01m[K/usr/include/c++/11/iomanip:311:5:[m[K [01;36m[Knote: [m[K  template argument deduction/substitution failed:
[6.039s] In file included from [01m[K/home/zbt/Upper-main/rc_interaction/src/model_xbox.cpp:4[m[K:
[6.039s] [01m[K/home/zbt/Upper-main/rc_interaction/include/rc_interaction/sbus_node.hpp:216:34:[m[K [01;36m[Knote: [m[K  couldn’t deduce template parameter ‘[01m[K_MoneyT[m[K’
[6.039s]   216 |       cout<<vel_.twist.linear.y<<[01;36m[Kend[m[K;
[6.039s]       |                                  [01;36m[K^~~[m[K
[6.039s] In file included from [01m[K/opt/ros/humble/include/rosidl_runtime_cpp/rosidl_runtime_cpp/traits.hpp:19[m[K,
[6.039s]                  from [01m[K/opt/ros/humble/include/builtin_interfaces/builtin_interfaces/msg/detail/duration__traits.hpp:15[m[K,
[6.039s]                  from [01m[K/opt/ros/humble/include/builtin_interfaces/builtin_interfaces/msg/duration.hpp:9[m[K,
[6.039s]                  from [01m[K/opt/ros/humble/include/rclcpp/rclcpp/duration.hpp:20[m[K,
[6.039s]                  from [01m[K/opt/ros/humble/include/rclcpp/rclcpp/qos.hpp:20[m[K,
[6.039s]                  from [01m[K/opt/ros/humble/include/rclcpp/rclcpp/node_interfaces/node_graph_interface.hpp:32[m[K,
[6.039s]                  from [01m[K/opt/ros/humble/include/rclcpp/rclcpp/client.hpp:42[m[K,
[6.039s]                  from [01m[K/opt/ros/humble/include/rclcpp/rclcpp/callback_group.hpp:24[m[K,
[6.039s]                  from [01m[K/opt/ros/humble/include/rclcpp/rclcpp/any_executable.hpp:20[m[K,
[6.039s]                  from [01m[K/opt/ros/humble/include/rclcpp/rclcpp/memory_strategy.hpp:25[m[K,
[6.039s]                  from [01m[K/opt/ros/humble/include/rclcpp/rclcpp/memory_strategies.hpp:18[m[K,
[6.039s]                  from [01m[K/opt/ros/humble/include/rclcpp/rclcpp/executor_options.hpp:20[m[K,
[6.039s]                  from [01m[K/opt/ros/humble/include/rclcpp/rclcpp/executor.hpp:37[m[K,
[6.039s]                  from [01m[K/opt/ros/humble/include/rclcpp/rclcpp/executors/multi_threaded_executor.hpp:25[m[K,
[6.039s]                  from [01m[K/opt/ros/humble/include/rclcpp/rclcpp/executors.hpp:21[m[K,
[6.039s]                  from [01m[K/opt/ros/humble/include/rclcpp/rclcpp/rclcpp.hpp:155[m[K,
[6.039s]                  from [01m[K/home/zbt/Upper-main/rc_interaction/src/model_xbox.cpp:1[m[K:
[6.039s] [01m[K/usr/include/c++/11/iomanip:363:5:[m[K [01;36m[Knote: [m[Kcandidate: ‘[01m[Kstd::basic_ostream<_Ch, _Tr>& std::operator<<(std::basic_ostream<_Ch, _Tr>&, std::_Put_time<_CharT>) [with _CharT = char; _Traits = std::char_traits<char>][m[K’
[6.039s]   363 |     [01;36m[Koperator[m[K<<(basic_ostream<_CharT, _Traits>& __os, _Put_time<_CharT> __f)
[6.039s]       |     [01;36m[K^~~~~~~~[m[K
[6.039s] [01m[K/usr/include/c++/11/iomanip:363:72:[m[K [01;36m[Knote: [m[K  no known conversion for argument 2 from ‘[01m[K<unresolved overloaded function type>[m[K’ to ‘[01m[Kstd::_Put_time<char>[m[K’
[6.039s]   363 |     operator<<(basic_ostream<_CharT, _Traits>& __os, [01;36m[K_Put_time<_CharT> __f[m[K)
[6.039s]       |                                                      [01;36m[K~~~~~~~~~~~~~~~~~~^~~[m[K
[6.039s] In file included from [01m[K/usr/include/eigen3/Eigen/Core:50[m[K,
[6.039s]                  from [01m[K/usr/include/eigen3/Eigen/Dense:1[m[K,
[6.039s]                  from [01m[K/usr/include/eigen3/Eigen/Eigen:1[m[K,
[6.039s]                  from [01m[K/opt/ros/humble/include/tf2_sensor_msgs/tf2_sensor_msgs.hpp:44[m[K,
[6.039s]                  from [01m[K/home/zbt/Upper-main/rc_interaction/include/rc_interaction/xbox360_node.hpp:31[m[K,
[6.039s]                  from [01m[K/home/zbt/Upper-main/rc_interaction/src/model_xbox.cpp:3[m[K:
[6.039s] [01m[K/usr/include/c++/11/complex:555:5:[m[K [01;36m[Knote: [m[Kcandidate: ‘[01m[Ktemplate<class _Tp, class _CharT, class _Traits> std::basic_ostream<_CharT, _Traits>& std::operator<<(std::basic_ostream<_CharT, _Traits>&, const std::complex<_Tp>&)[m[K’
[6.039s]   555 |     [01;36m[Koperator[m[K<<(basic_ostream<_CharT, _Traits>& __os, const complex<_Tp>& __x)
[6.039s]       |     [01;36m[K^~~~~~~~[m[K
[6.039s] [01m[K/usr/include/c++/11/complex:555:5:[m[K [01;36m[Knote: [m[K  template argument deduction/substitution failed:
[6.039s] In file included from [01m[K/home/zbt/Upper-main/rc_interaction/src/model_xbox.cpp:4[m[K:
[6.040s] [01m[K/home/zbt/Upper-main/rc_interaction/include/rc_interaction/sbus_node.hpp:216:34:[m[K [01;36m[Knote: [m[K  couldn’t deduce template parameter ‘[01m[K_Tp[m[K’
[6.040s]   216 |       cout<<vel_.twist.linear.y<<[01;36m[Kend[m[K;
[6.040s]       |                                  [01;36m[K^~~[m[K
[6.040s] In file included from [01m[K/usr/include/eigen3/Eigen/Core:81[m[K,
[6.040s]                  from [01m[K/usr/include/eigen3/Eigen/Dense:1[m[K,
[6.040s]                  from [01m[K/usr/include/eigen3/Eigen/Eigen:1[m[K,
[6.040s]                  from [01m[K/opt/ros/humble/include/tf2_sensor_msgs/tf2_sensor_msgs.hpp:44[m[K,
[6.040s]                  from [01m[K/home/zbt/Upper-main/rc_interaction/include/rc_interaction/xbox360_node.hpp:31[m[K,
[6.040s]                  from [01m[K/home/zbt/Upper-main/rc_interaction/src/model_xbox.cpp:3[m[K:
[6.040s] [01m[K/usr/include/c++/11/cstddef:126:5:[m[K [01;36m[Knote: [m[Kcandidate: ‘[01m[Ktemplate<class _IntegerType> constexpr std::__byte_op_t<_IntegerType> std::operator<<(std::byte, _IntegerType)[m[K’
[6.040s]   126 |     [01;36m[Koperator[m[K<<(byte __b, _IntegerType __shift) noexcept
[6.040s]       |     [01;36m[K^~~~~~~~[m[K
[6.047s] [01m[K/usr/include/c++/11/cstddef:126:5:[m[K [01;36m[Knote: [m[K  template argument deduction/substitution failed:
[6.047s] In file included from [01m[K/home/zbt/Upper-main/rc_interaction/src/model_xbox.cpp:4[m[K:
[6.047s] [01m[K/home/zbt/Upper-main/rc_interaction/include/rc_interaction/sbus_node.hpp:216:34:[m[K [01;36m[Knote: [m[K  couldn’t deduce template parameter ‘[01m[K_IntegerType[m[K’
[6.047s]   216 |       cout<<vel_.twist.linear.y<<[01;36m[Kend[m[K;
[6.047s]       |                                  [01;36m[K^~~[m[K
[6.047s] In file included from [01m[K/home/zbt/Upper-main/rc_interaction/src/model_sbus.cpp:4[m[K:
[6.047s] [01m[K/home/zbt/Upper-main/rc_interaction/include/rc_interaction/sbus_node.hpp:[m[K In lambda function:
[6.047s] [01m[K/home/zbt/Upper-main/rc_interaction/include/rc_interaction/sbus_node.hpp:215:32:[m[K [01;31m[Kerror: [m[Kno match for ‘[01m[Koperator<<[m[K’ (operand types are ‘[01m[Kstd::basic_ostream<char>::__ostream_type[m[K’ {aka ‘[01m[Kstd::basic_ostream<char>[m[K’} and ‘[01m[K<unresolved overloaded function type>[m[K’)
[6.047s]   215 |       [01;31m[Kcout<<vel_.twist.linear.x<<end[m[K;
[6.047s]       |       [01;31m[K~~~~~~~~~~~~~~~~~~~~~~~~~^~~~~[m[K
[6.047s] In file included from [01m[K/usr/include/c++/11/iostream:39[m[K,
[6.047s]                  from [01m[K/opt/ros/humble/include/rclcpp/rclcpp/executor.hpp:22[m[K,
[6.047s]                  from [01m[K/opt/ros/humble/include/rclcpp/rclcpp/executors/multi_threaded_executor.hpp:25[m[K,
[6.047s]                  from [01m[K/opt/ros/humble/include/rclcpp/rclcpp/executors.hpp:21[m[K,
[6.047s]                  from [01m[K/opt/ros/humble/include/rclcpp/rclcpp/rclcpp.hpp:155[m[K,
[6.047s]                  from [01m[K/home/zbt/Upper-main/rc_interaction/src/model_sbus.cpp:1[m[K:
[6.047s] [01m[K/usr/include/c++/11/ostream:108:7:[m[K [01;36m[Knote: [m[Kcandidate: ‘[01m[Kstd::basic_ostream<_CharT, _Traits>::__ostream_type& std::basic_ostream<_CharT, _Traits>::operator<<(std::basic_ostream<_CharT, _Traits>::__ostream_type& (*)(std::basic_ostream<_CharT, _Traits>::__ostream_type&)) [with _CharT = char; _Traits = std::char_traits<char>; std::basic_ostream<_CharT, _Traits>::__ostream_type = std::basic_ostream<char>][m[K’
[6.047s]   108 |       [01;36m[Koperator[m[K<<(__ostream_type& (*__pf)(__ostream_type&))
[6.047s]       |       [01;36m[K^~~~~~~~[m[K
[6.047s] [01m[K/usr/include/c++/11/ostream:108:36:[m[K [01;36m[Knote: [m[K  no known conversion for argument 1 from ‘[01m[K<unresolved overloaded function type>[m[K’ to ‘[01m[Kstd::basic_ostream<char>::__ostream_type& (*)(std::basic_ostream<char>::__ostream_type&)[m[K’ {aka ‘[01m[Kstd::basic_ostream<char>& (*)(std::basic_ostream<char>&)[m[K’}
[6.047s]   108 |       operator<<([01;36m[K__ostream_type& (*__pf)(__ostream_type&)[m[K)
[6.047s]       |                  [01;36m[K~~~~~~~~~~~~~~~~~~^~~~~~~~~~~~~~~~~~~~~~[m[K
[6.047s] [01m[K/usr/include/c++/11/ostream:117:7:[m[K [01;36m[Knote: [m[Kcandidate: ‘[01m[Kstd::basic_ostream<_CharT, _Traits>::__ostream_type& std::basic_ostream<_CharT, _Traits>::operator<<(std::basic_ostream<_CharT, _Traits>::__ios_type& (*)(std::basic_ostream<_CharT, _Traits>::__ios_type&)) [with _CharT = char; _Traits = std::char_traits<char>; std::basic_ostream<_CharT, _Traits>::__ostream_type = std::basic_ostream<char>; std::basic_ostream<_CharT, _Traits>::__ios_type = std::basic_ios<char>][m[K’
[6.047s]   117 |       [01;36m[Koperator[m[K<<(__ios_type& (*__pf)(__ios_type&))
[6.047s]       |       [01;36m[K^~~~~~~~[m[K
[6.047s] [01m[K/usr/include/c++/11/ostream:117:32:[m[K [01;36m[Knote: [m[K  no known conversion for argument 1 from ‘[01m[K<unresolved overloaded function type>[m[K’ to ‘[01m[Kstd::basic_ostream<char>::__ios_type& (*)(std::basic_ostream<char>::__ios_type&)[m[K’ {aka ‘[01m[Kstd::basic_ios<char>& (*)(std::basic_ios<char>&)[m[K’}
[6.047s]   117 |       operator<<([01;36m[K__ios_type& (*__pf)(__ios_type&)[m[K)
[6.047s]       |                  [01;36m[K~~~~~~~~~~~~~~^~~~~~~~~~~~~~~~~~[m[K
[6.047s] [01m[K/usr/include/c++/11/ostream:127:7:[m[K [01;36m[Knote: [m[Kcandidate: ‘[01m[Kstd::basic_ostream<_CharT, _Traits>::__ostream_type& std::basic_ostream<_CharT, _Traits>::operator<<(std::ios_base& (*)(std::ios_base&)) [with _CharT = char; _Traits = std::char_traits<char>; std::basic_ostream<_CharT, _Traits>::__ostream_type = std::basic_ostream<char>][m[K’
[6.047s]   127 |       [01;36m[Koperator[m[K<<(ios_base& (*__pf) (ios_base&))
[6.047s]       |       [01;36m[K^~~~~~~~[m[K
[6.047s] [01m[K/usr/include/c++/11/ostream:127:30:[m[K [01;36m[Knote: [m[K  no known conversion for argument 1 from ‘[01m[K<unresolved overloaded function type>[m[K’ to ‘[01m[Kstd::ios_base& (*)(std::ios_base&)[m[K’
[6.047s]   127 |       operator<<([01;36m[Kios_base& (*__pf) (ios_base&)[m[K)
[6.047s]       |                  [01;36m[K~~~~~~~~~~~~^~~~~~~~~~~~~~~~~[m[K
[6.047s] [01m[K/usr/include/c++/11/ostream:166:7:[m[K [01;36m[Knote: [m[Kcandidate: ‘[01m[Kstd::basic_ostream<_CharT, _Traits>::__ostream_type& std::basic_ostream<_CharT, _Traits>::operator<<(long int) [with _CharT = char; _Traits = std::char_traits<char>; std::basic_ostream<_CharT, _Traits>::__ostream_type = std::basic_ostream<char>][m[K’
[6.048s]   166 |       [01;36m[Koperator[m[K<<(long __n)
[6.048s]       |       [01;36m[K^~~~~~~~[m[K
[6.048s] [01m[K/usr/include/c++/11/ostream:166:23:[m[K [01;36m[Knote: [m[K  no known conversion for argument 1 from ‘[01m[K<unresolved overloaded function type>[m[K’ to ‘[01m[Klong int[m[K’
[6.048s]   166 |       operator<<([01;36m[Klong __n[m[K)
[6.048s]       |                  [01;36m[K~~~~~^~~[m[K
[6.048s] [01m[K/usr/include/c++/11/ostream:170:7:[m[K [01;36m[Knote: [m[Kcandidate: ‘[01m[Kstd::basic_ostream<_CharT, _Traits>::__ostream_type& std::basic_ostream<_CharT, _Traits>::operator<<(long unsigned int) [with _CharT = char; _Traits = std::char_traits<char>; std::basic_ostream<_CharT, _Traits>::__ostream_type = std::basic_ostream<char>][m[K’
[6.048s]   170 |       [01;36m[Koperator[m[K<<(unsigned long __n)
[6.048s]       |       [01;36m[K^~~~~~~~[m[K
[6.048s] [01m[K/usr/include/c++/11/ostream:170:32:[m[K [01;36m[Knote: [m[K  no known conversion for argument 1 from ‘[01m[K<unresolved overloaded function type>[m[K’ to ‘[01m[Klong unsigned int[m[K’
[6.048s]   170 |       operator<<([01;36m[Kunsigned long __n[m[K)
[6.048s]       |                  [01;36m[K~~~~~~~~~~~~~~^~~[m[K
[6.048s] [01m[K/usr/include/c++/11/ostream:174:7:[m[K [01;36m[Knote: [m[Kcandidate: ‘[01m[Kstd::basic_ostream<_CharT, _Traits>::__ostream_type& std::basic_ostream<_CharT, _Traits>::operator<<(bool) [with _CharT = char; _Traits = std::char_traits<char>; std::basic_ostream<_CharT, _Traits>::__ostream_type = std::basic_ostream<char>][m[K’
[6.048s]   174 |       [01;36m[Koperator[m[K<<(bool __n)
[6.048s]       |       [01;36m[K^~~~~~~~[m[K
[6.048s] [01m[K/usr/include/c++/11/ostream:174:23:[m[K [01;36m[Knote: [m[K  no known conversion for argument 1 from ‘[01m[K<unresolved overloaded function type>[m[K’ to ‘[01m[Kbool[m[K’
[6.048s]   174 |       operator<<([01;36m[Kbool __n[m[K)
[6.048s]       |                  [01;36m[K~~~~~^~~[m[K
[6.048s] In file included from [01m[K/usr/include/c++/11/ostream:829[m[K,
[6.048s]                  from [01m[K/usr/include/c++/11/iostream:39[m[K,
[6.048s]                  from [01m[K/opt/ros/humble/include/rclcpp/rclcpp/executor.hpp:22[m[K,
[6.048s]                  from [01m[K/opt/ros/humble/include/rclcpp/rclcpp/executors/multi_threaded_executor.hpp:25[m[K,
[6.048s]                  from [01m[K/opt/ros/humble/include/rclcpp/rclcpp/executors.hpp:21[m[K,
[6.048s]                  from [01m[K/opt/ros/humble/include/rclcpp/rclcpp/rclcpp.hpp:155[m[K,
[6.048s]                  from [01m[K/home/zbt/Upper-main/rc_interaction/src/model_sbus.cpp:1[m[K:
[6.048s] [01m[K/usr/include/c++/11/bits/ostream.tcc:91:5:[m[K [01;36m[Knote: [m[Kcandidate: ‘[01m[Kstd::basic_ostream<_Ch, _Tr>& std::basic_ostream<_CharT, _Traits>::operator<<(short int) [with _CharT = char; _Traits = std::char_traits<char>][m[K’
[6.048s]    91 |     [01;36m[Kbasic_ostream<_CharT, _Traits>[m[K::
[6.048s]       |     [01;36m[K^~~~~~~~~~~~~~~~~~~~~~~~~~~~~~[m[K
[6.048s] [01m[K/usr/include/c++/11/bits/ostream.tcc:92:22:[m[K [01;36m[Knote: [m[K  no known conversion for argument 1 from ‘[01m[K<unresolved overloaded function type>[m[K’ to ‘[01m[Kshort int[m[K’
[6.048s]    92 |     operator<<([01;36m[Kshort __n[m[K)
[6.048s]       |                [01;36m[K~~~~~~^~~[m[K
[6.052s] In file included from [01m[K/usr/include/c++/11/iostream:39[m[K,
[6.052s]                  from [01m[K/opt/ros/humble/include/rclcpp/rclcpp/executor.hpp:22[m[K,
[6.052s]                  from [01m[K/opt/ros/humble/include/rclcpp/rclcpp/executors/multi_threaded_executor.hpp:25[m[K,
[6.052s]                  from [01m[K/opt/ros/humble/include/rclcpp/rclcpp/executors.hpp:21[m[K,
[6.052s]                  from [01m[K/opt/ros/humble/include/rclcpp/rclcpp/rclcpp.hpp:155[m[K,
[6.052s]                  from [01m[K/home/zbt/Upper-main/rc_interaction/src/model_sbus.cpp:1[m[K:
[6.052s] [01m[K/usr/include/c++/11/ostream:181:7:[m[K [01;36m[Knote: [m[Kcandidate: ‘[01m[Kstd::basic_ostream<_CharT, _Traits>::__ostream_type& std::basic_ostream<_CharT, _Traits>::operator<<(short unsigned int) [with _CharT = char; _Traits = std::char_traits<char>; std::basic_ostream<_CharT, _Traits>::__ostream_type = std::basic_ostream<char>][m[K’
[6.052s]   181 |       [01;36m[Koperator[m[K<<(unsigned short __n)
[6.052s]       |       [01;36m[K^~~~~~~~[m[K
[6.052s] [01m[K/usr/include/c++/11/ostream:181:33:[m[K [01;36m[Knote: [m[K  no known conversion for argument 1 from ‘[01m[K<unresolved overloaded function type>[m[K’ to ‘[01m[Kshort unsigned int[m[K’
[6.052s]   181 |       operator<<([01;36m[Kunsigned short __n[m[K)
[6.052s]       |                  [01;36m[K~~~~~~~~~~~~~~~^~~[m[K
[6.052s] In file included from [01m[K/usr/include/c++/11/ostream:829[m[K,
[6.052s]                  from [01m[K/usr/include/c++/11/iostream:39[m[K,
[6.052s]                  from [01m[K/opt/ros/humble/include/rclcpp/rclcpp/executor.hpp:22[m[K,
[6.052s]                  from [01m[K/opt/ros/humble/include/rclcpp/rclcpp/executors/multi_threaded_executor.hpp:25[m[K,
[6.052s]                  from [01m[K/opt/ros/humble/include/rclcpp/rclcpp/executors.hpp:21[m[K,
[6.052s]                  from [01m[K/opt/ros/humble/include/rclcpp/rclcpp/rclcpp.hpp:155[m[K,
[6.052s]                  from [01m[K/home/zbt/Upper-main/rc_interaction/src/model_sbus.cpp:1[m[K:
[6.052s] [01m[K/usr/include/c++/11/bits/ostream.tcc:105:5:[m[K [01;36m[Knote: [m[Kcandidate: ‘[01m[Kstd::basic_ostream<_Ch, _Tr>& std::basic_ostream<_CharT, _Traits>::operator<<(int) [with _CharT = char; _Traits = std::char_traits<char>][m[K’
[6.052s]   105 |     [01;36m[Kbasic_ostream<_CharT, _Traits>[m[K::
[6.052s]       |     [01;36m[K^~~~~~~~~~~~~~~~~~~~~~~~~~~~~~[m[K
[6.052s] [01m[K/usr/include/c++/11/bits/ostream.tcc:106:20:[m[K [01;36m[Knote: [m[K  no known conversion for argument 1 from ‘[01m[K<unresolved overloaded function type>[m[K’ to ‘[01m[Kint[m[K’
[6.053s]   106 |     operator<<([01;36m[Kint __n[m[K)
[6.053s]       |                [01;36m[K~~~~^~~[m[K
[6.053s] In file included from [01m[K/usr/include/c++/11/iostream:39[m[K,
[6.053s]                  from [01m[K/opt/ros/humble/include/rclcpp/rclcpp/executor.hpp:22[m[K,
[6.053s]                  from [01m[K/opt/ros/humble/include/rclcpp/rclcpp/executors/multi_threaded_executor.hpp:25[m[K,
[6.053s]                  from [01m[K/opt/ros/humble/include/rclcpp/rclcpp/executors.hpp:21[m[K,
[6.053s]                  from [01m[K/opt/ros/humble/include/rclcpp/rclcpp/rclcpp.hpp:155[m[K,
[6.053s]                  from [01m[K/home/zbt/Upper-main/rc_interaction/src/model_sbus.cpp:1[m[K:
[6.053s] [01m[K/usr/include/c++/11/ostream:192:7:[m[K [01;36m[Knote: [m[Kcandidate: ‘[01m[Kstd::basic_ostream<_CharT, _Traits>::__ostream_type& std::basic_ostream<_CharT, _Traits>::operator<<(unsigned int) [with _CharT = char; _Traits = std::char_traits<char>; std::basic_ostream<_CharT, _Traits>::__ostream_type = std::basic_ostream<char>][m[K’
[6.053s]   192 |       [01;36m[Koperator[m[K<<(unsigned int __n)
[6.053s]       |       [01;36m[K^~~~~~~~[m[K
[6.053s] [01m[K/usr/include/c++/11/ostream:192:31:[m[K [01;36m[Knote: [m[K  no known conversion for argument 1 from ‘[01m[K<unresolved overloaded function type>[m[K’ to ‘[01m[Kunsigned int[m[K’
[6.053s]   192 |       operator<<([01;36m[Kunsigned int __n[m[K)
[6.055s]       |                  [01;36m[K~~~~~~~~~~~~~^~~[m[K
[6.055s] [01m[K/usr/include/c++/11/ostream:201:7:[m[K [01;36m[Knote: [m[Kcandidate: ‘[01m[Kstd::basic_ostream<_CharT, _Traits>::__ostream_type& std::basic_ostream<_CharT, _Traits>::operator<<(long long int) [with _CharT = char; _Traits = std::char_traits<char>; std::basic_ostream<_CharT, _Traits>::__ostream_type = std::basic_ostream<char>][m[K’
[6.055s]   201 |       [01;36m[Koperator[m[K<<(long long __n)
[6.055s]       |       [01;36m[K^~~~~~~~[m[K
[6.055s] [01m[K/usr/include/c++/11/ostream:201:28:[m[K [01;36m[Knote: [m[K  no known conversion for argument 1 from ‘[01m[K<unresolved overloaded function type>[m[K’ to ‘[01m[Klong long int[m[K’
[6.055s]   201 |       operator<<([01;36m[Klong long __n[m[K)
[6.055s]       |                  [01;36m[K~~~~~~~~~~^~~[m[K
[6.055s] [01m[K/usr/include/c++/11/ostream:205:7:[m[K [01;36m[Knote: [m[Kcandidate: ‘[01m[Kstd::basic_ostream<_CharT, _Traits>::__ostream_type& std::basic_ostream<_CharT, _Traits>::operator<<(long long unsigned int) [with _CharT = char; _Traits = std::char_traits<char>; std::basic_ostream<_CharT, _Traits>::__ostream_type = std::basic_ostream<char>][m[K’
[6.055s]   205 |       [01;36m[Koperator[m[K<<(unsigned long long __n)
[6.055s]       |       [01;36m[K^~~~~~~~[m[K
[6.055s] [01m[K/usr/include/c++/11/ostream:205:37:[m[K [01;36m[Knote: [m[K  no known conversion for argument 1 from ‘[01m[K<unresolved overloaded function type>[m[K’ to ‘[01m[Klong long unsigned int[m[K’
[6.055s]   205 |       operator<<([01;36m[Kunsigned long long __n[m[K)
[6.055s]       |                  [01;36m[K~~~~~~~~~~~~~~~~~~~^~~[m[K
[6.055s] [01m[K/usr/include/c++/11/ostream:220:7:[m[K [01;36m[Knote: [m[Kcandidate: ‘[01m[Kstd::basic_ostream<_CharT, _Traits>::__ostream_type& std::basic_ostream<_CharT, _Traits>::operator<<(double) [with _CharT = char; _Traits = std::char_traits<char>; std::basic_ostream<_CharT, _Traits>::__ostream_type = std::basic_ostream<char>][m[K’
[6.055s]   220 |       [01;36m[Koperator[m[K<<(double __f)
[6.055s]       |       [01;36m[K^~~~~~~~[m[K
[6.055s] [01m[K/usr/include/c++/11/ostream:220:25:[m[K [01;36m[Knote: [m[K  no known conversion for argument 1 from ‘[01m[K<unresolved overloaded function type>[m[K’ to ‘[01m[Kdouble[m[K’
[6.055s]   220 |       operator<<([01;36m[Kdouble __f[m[K)
[6.055s]       |                  [01;36m[K~~~~~~~^~~[m[K
[6.055s] [01m[K/usr/include/c++/11/ostream:224:7:[m[K [01;36m[Knote: [m[Kcandidate: ‘[01m[Kstd::basic_ostream<_CharT, _Traits>::__ostream_type& std::basic_ostream<_CharT, _Traits>::operator<<(float) [with _CharT = char; _Traits = std::char_traits<char>; std::basic_ostream<_CharT, _Traits>::__ostream_type = std::basic_ostream<char>][m[K’
[6.056s]   224 |       [01;36m[Koperator[m[K<<(float __f)
[6.056s]       |       [01;36m[K^~~~~~~~[m[K
[6.056s] [01m[K/usr/include/c++/11/ostream:224:24:[m[K [01;36m[Knote: [m[K  no known conversion for argument 1 from ‘[01m[K<unresolved overloaded function type>[m[K’ to ‘[01m[Kfloat[m[K’
[6.056s]   224 |       operator<<([01;36m[Kfloat __f[m[K)
[6.056s]       |                  [01;36m[K~~~~~~^~~[m[K
[6.056s] [01m[K/usr/include/c++/11/ostream:232:7:[m[K [01;36m[Knote: [m[Kcandidate: ‘[01m[Kstd::basic_ostream<_CharT, _Traits>::__ostream_type& std::basic_ostream<_CharT, _Traits>::operator<<(long double) [with _CharT = char; _Traits = std::char_traits<char>; std::basic_ostream<_CharT, _Traits>::__ostream_type = std::basic_ostream<char>][m[K’
[6.056s]   232 |       [01;36m[Koperator[m[K<<(long double __f)
[6.056s]       |       [01;36m[K^~~~~~~~[m[K
[6.056s] [01m[K/usr/include/c++/11/ostream:232:30:[m[K [01;36m[Knote: [m[K  no known conversion for argument 1 from ‘[01m[K<unresolved overloaded function type>[m[K’ to ‘[01m[Klong double[m[K’
[6.056s]   232 |       operator<<([01;36m[Klong double __f[m[K)
[6.060s]       |                  [01;36m[K~~~~~~~~~~~~^~~[m[K
[6.060s] [01m[K/usr/include/c++/11/ostream:245:7:[m[K [01;36m[Knote: [m[Kcandidate: ‘[01m[Kstd::basic_ostream<_CharT, _Traits>::__ostream_type& std::basic_ostream<_CharT, _Traits>::operator<<(const void*) [with _CharT = char; _Traits = std::char_traits<char>; std::basic_ostream<_CharT, _Traits>::__ostream_type = std::basic_ostream<char>][m[K’
[6.060s]   245 |       [01;36m[Koperator[m[K<<(const void* __p)
[6.060s]       |       [01;36m[K^~~~~~~~[m[K
[6.060s] [01m[K/usr/include/c++/11/ostream:245:30:[m[K [01;36m[Knote: [m[K  no known conversion for argument 1 from ‘[01m[K<unresolved overloaded function type>[m[K’ to ‘[01m[Kconst void*[m[K’
[6.060s]   245 |       operator<<([01;36m[Kconst void* __p[m[K)
[6.060s]       |                  [01;36m[K~~~~~~~~~~~~^~~[m[K
[6.060s] [01m[K/usr/include/c++/11/ostream:250:7:[m[K [01;36m[Knote: [m[Kcandidate: ‘[01m[Kstd::basic_ostream<_CharT, _Traits>::__ostream_type& std::basic_ostream<_CharT, _Traits>::operator<<(std::nullptr_t) [with _CharT = char; _Traits = std::char_traits<char>; std::basic_ostream<_CharT, _Traits>::__ostream_type = std::basic_ostream<char>; std::nullptr_t = std::nullptr_t][m[K’
[6.060s]   250 |       [01;36m[Koperator[m[K<<(nullptr_t)
[6.060s]       |       [01;36m[K^~~~~~~~[m[K
[6.060s] [01m[K/usr/include/c++/11/ostream:250:18:[m[K [01;36m[Knote: [m[K  no known conversion for argument 1 from ‘[01m[K<unresolved overloaded function type>[m[K’ to ‘[01m[Kstd::nullptr_t[m[K’
[6.060s]   250 |       operator<<([01;36m[Knullptr_t[m[K)
[6.060s]       |                  [01;36m[K^~~~~~~~~[m[K
[6.060s] In file included from [01m[K/usr/include/c++/11/ostream:829[m[K,
[6.060s]                  from [01m[K/usr/include/c++/11/iostream:39[m[K,
[6.060s]                  from [01m[K/opt/ros/humble/include/rclcpp/rclcpp/executor.hpp:22[m[K,
[6.060s]                  from [01m[K/opt/ros/humble/include/rclcpp/rclcpp/executors/multi_threaded_executor.hpp:25[m[K,
[6.060s]                  from [01m[K/opt/ros/humble/include/rclcpp/rclcpp/executors.hpp:21[m[K,
[6.060s]                  from [01m[K/opt/ros/humble/include/rclcpp/rclcpp/rclcpp.hpp:155[m[K,
[6.060s]                  from [01m[K/home/zbt/Upper-main/rc_interaction/src/model_sbus.cpp:1[m[K:
[6.060s] [01m[K/usr/include/c++/11/bits/ostream.tcc:119:5:[m[K [01;36m[Knote: [m[Kcandidate: ‘[01m[Kstd::basic_ostream<_Ch, _Tr>& std::basic_ostream<_CharT, _Traits>::operator<<(std::basic_ostream<_CharT, _Traits>::__streambuf_type*) [with _CharT = char; _Traits = std::char_traits<char>; std::basic_ostream<_CharT, _Traits>::__streambuf_type = std::basic_streambuf<char>][m[K’
[6.060s]   119 |     [01;36m[Kbasic_ostream<_CharT, _Traits>[m[K::
[6.060s]       |     [01;36m[K^~~~~~~~~~~~~~~~~~~~~~~~~~~~~~[m[K
[6.060s] [01m[K/usr/include/c++/11/bits/ostream.tcc:120:34:[m[K [01;36m[Knote: [m[K  no known conversion for argument 1 from ‘[01m[K<unresolved overloaded function type>[m[K’ to ‘[01m[Kstd::basic_ostream<char>::__streambuf_type*[m[K’ {aka ‘[01m[Kstd::basic_streambuf<char>*[m[K’}
[6.060s]   120 |     operator<<([01;36m[K__streambuf_type* __sbin[m[K)
[6.060s]       |                [01;36m[K~~~~~~~~~~~~~~~~~~^~~~~~[m[K
[6.061s] In file included from [01m[K/home/zbt/Upper-main/rc_interaction/include/rc_interaction/xbox360_node.hpp:34[m[K,
[6.061s]                  from [01m[K/home/zbt/Upper-main/rc_interaction/src/model_sbus.cpp:3[m[K:
[6.061s] [01m[K/home/zbt/Upper-main/rc_interaction/include/rc_interaction/utils.hpp:6:15:[m[K [01;36m[Knote: [m[Kcandidate: ‘[01m[Ktemplate<class T> std::ostream& operator<<(std::ostream&, std::vector<BufferT>&)[m[K’
[6.061s]     6 | std::ostream &[01;36m[Koperator[m[K<<(std::ostream &os, std::vector<T> &__vec) {
[6.061s]       |               [01;36m[K^~~~~~~~[m[K
[6.061s] [01m[K/home/zbt/Upper-main/rc_interaction/include/rc_interaction/utils.hpp:6:15:[m[K [01;36m[Knote: [m[K  template argument deduction/substitution failed:
[6.061s] In file included from [01m[K/home/zbt/Upper-main/rc_interaction/src/model_sbus.cpp:4[m[K:
[6.061s] [01m[K/home/zbt/Upper-main/rc_interaction/include/rc_interaction/sbus_node.hpp:215:34:[m[K [01;36m[Knote: [m[K  couldn’t deduce template parameter ‘[01m[KT[m[K’
[6.061s]   215 |       cout<<vel_.twist.linear.x<<[01;36m[Kend[m[K;
[6.061s]       |                                  [01;36m[K^~~[m[K
[6.061s] In file included from [01m[K/usr/include/c++/11/memory:77[m[K,
[6.061s]                  from [01m[K/opt/ros/humble/include/rclcpp/rclcpp/rclcpp.hpp:153[m[K,
[6.061s]                  from [01m[K/home/zbt/Upper-main/rc_interaction/src/model_sbus.cpp:1[m[K:
[6.061s] [01m[K/usr/include/c++/11/bits/shared_ptr.h:70:5:[m[K [01;36m[Knote: [m[Kcandidate: ‘[01m[Ktemplate<class _Ch, class _Tr, class _Tp, __gnu_cxx::_Lock_policy _Lp> std::basic_ostream<_Ch, _Tr>& std::operator<<(std::basic_ostream<_Ch, _Tr>&, const std::__shared_ptr<_Tp, _Lp>&)[m[K’
[6.061s]    70 |     [01;36m[Koperator[m[K<<(std::basic_ostream<_Ch, _Tr>& __os,
[6.061s]       |     [01;36m[K^~~~~~~~[m[K
[6.061s] [01m[K/usr/include/c++/11/bits/shared_ptr.h:70:5:[m[K [01;36m[Knote: [m[K  template argument deduction/substitution failed:
[6.061s] In file included from [01m[K/home/zbt/Upper-main/rc_interaction/src/model_sbus.cpp:4[m[K:
[6.061s] [01m[K/home/zbt/Upper-main/rc_interaction/include/rc_interaction/sbus_node.hpp:215:34:[m[K [01;36m[Knote: [m[K  couldn’t deduce template parameter ‘[01m[K_Tp[m[K’
[6.061s]   215 |       cout<<vel_.twist.linear.x<<[01;36m[Kend[m[K;
[6.061s]       |                                  [01;36m[K^~~[m[K
[6.061s] In file included from [01m[K/usr/include/c++/11/bits/basic_string.h:48[m[K,
[6.061s]                  from [01m[K/usr/include/c++/11/string:55[m[K,
[6.061s]                  from [01m[K/usr/include/c++/11/stdexcept:39[m[K,
[6.061s]                  from [01m[K/usr/include/c++/11/system_error:41[m[K,
[6.061s]                  from [01m[K/usr/include/c++/11/mutex:42[m[K,
[6.061s]                  from [01m[K/usr/include/c++/11/future:38[m[K,
[6.061s]                  from [01m[K/opt/ros/humble/include/rclcpp/rclcpp/executors.hpp:18[m[K,
[6.061s]                  from [01m[K/opt/ros/humble/include/rclcpp/rclcpp/rclcpp.hpp:155[m[K,
[6.061s]                  from [01m[K/home/zbt/Upper-main/rc_interaction/src/model_sbus.cpp:1[m[K:
[6.061s] [01m[K/usr/include/c++/11/string_view:667:5:[m[K [01;36m[Knote: [m[Kcandidate: ‘[01m[Kstd::basic_ostream<_Ch, _Tr>& std::operator<<(std::basic_ostream<_Ch, _Tr>&, std::basic_string_view<_CharT, _Traits>) [with _CharT = char; _Traits = std::char_traits<char>][m[K’
[6.061s]   667 |     [01;36m[Koperator[m[K<<(basic_ostream<_CharT, _Traits>& __os,
[6.061s]       |     [01;36m[K^~~~~~~~[m[K
[6.061s] [01m[K/usr/include/c++/11/string_view:668:50:[m[K [01;36m[Knote: [m[K  no known conversion for argument 2 from ‘[01m[K<unresolved overloaded function type>[m[K’ to ‘[01m[Kstd::basic_string_view<char>[m[K’
[6.061s]   668 |                [01;36m[Kbasic_string_view<_CharT,_Traits> __str[m[K)
[6.061s]       |                [01;36m[K~~~~~~~~~~~~~~~~~~~~~~~~~~~~~~~~~~^~~~~[m[K
[6.061s] In file included from [01m[K/usr/include/c++/11/string:55[m[K,
[6.061s]                  from [01m[K/usr/include/c++/11/stdexcept:39[m[K,
[6.061s]                  from [01m[K/usr/include/c++/11/system_error:41[m[K,
[6.061s]                  from [01m[K/usr/include/c++/11/mutex:42[m[K,
[6.061s]                  from [01m[K/usr/include/c++/11/future:38[m[K,
[6.061s]                  from [01m[K/opt/ros/humble/include/rclcpp/rclcpp/executors.hpp:18[m[K,
[6.062s]                  from [01m[K/opt/ros/humble/include/rclcpp/rclcpp/rclcpp.hpp:155[m[K,
[6.062s]                  from [01m[K/home/zbt/Upper-main/rc_interaction/src/model_sbus.cpp:1[m[K:
[6.062s] [01m[K/usr/include/c++/11/bits/basic_string.h:6531:5:[m[K [01;36m[Knote: [m[Kcandidate: ‘[01m[Ktemplate<class _CharT, class _Traits, class _Alloc> std::basic_ostream<_Ch, _Tr>& std::operator<<(std::basic_ostream<_Ch, _Tr>&, const std::__cxx11::basic_string<_CharT, _Traits, _Allocator>&)[m[K’
[6.062s]  6531 |     [01;36m[Koperator[m[K<<(basic_ostream<_CharT, _Traits>& __os,
[6.062s]       |     [01;36m[K^~~~~~~~[m[K
[6.062s] [01m[K/usr/include/c++/11/bits/basic_string.h:6531:5:[m[K [01;36m[Knote: [m[K  template argument deduction/substitution failed:
[6.062s] In file included from [01m[K/home/zbt/Upper-main/rc_interaction/src/model_sbus.cpp:4[m[K:
[6.062s] [01m[K/home/zbt/Upper-main/rc_interaction/include/rc_interaction/sbus_node.hpp:215:34:[m[K [01;36m[Knote: [m[K  couldn’t deduce template parameter ‘[01m[K_Alloc[m[K’
[6.062s]   215 |       cout<<vel_.twist.linear.x<<[01;36m[Kend[m[K;
[6.062s]       |                                  [01;36m[K^~~[m[K
[6.066s] In file included from [01m[K/usr/include/c++/11/mutex:42[m[K,
[6.066s]                  from [01m[K/usr/include/c++/11/future:38[m[K,
[6.066s]                  from [01m[K/opt/ros/humble/include/rclcpp/rclcpp/executors.hpp:18[m[K,
[6.066s]                  from [01m[K/opt/ros/humble/include/rclcpp/rclcpp/rclcpp.hpp:155[m[K,
[6.066s]                  from [01m[K/home/zbt/Upper-main/rc_interaction/src/model_sbus.cpp:1[m[K:
[6.066s] [01m[K/usr/include/c++/11/system_error:279:5:[m[K [01;36m[Knote: [m[Kcandidate: ‘[01m[Ktemplate<class _CharT, class _Traits> std::basic_ostream<_Ch, _Tr>& std::operator<<(std::basic_ostream<_Ch, _Tr>&, const std::error_code&)[m[K’
[6.066s]   279 |     [01;36m[Koperator[m[K<<(basic_ostream<_CharT, _Traits>& __os, const error_code& __e)
[6.066s]       |     [01;36m[K^~~~~~~~[m[K
[6.066s] [01m[K/usr/include/c++/11/system_error:279:5:[m[K [01;36m[Knote: [m[K  template argument deduction/substitution failed:
[6.066s] In file included from [01m[K/home/zbt/Upper-main/rc_interaction/src/model_sbus.cpp:4[m[K:
[6.066s] [01m[K/home/zbt/Upper-main/rc_interaction/include/rc_interaction/sbus_node.hpp:215:34:[m[K [01;36m[Knote: [m[K  cannot convert ‘[01m[Kstd::end[m[K’ (type ‘[01m[K<unresolved overloaded function type>[m[K’) to type ‘[01m[Kconst std::error_code&[m[K’
[6.066s]   215 |       cout<<vel_.twist.linear.x<<[01;36m[Kend[m[K;
[6.066s]       |                                  [01;36m[K^~~[m[K
[6.066s] In file included from [01m[K/opt/ros/humble/include/rclcpp/rclcpp/executors/multi_threaded_executor.hpp:22[m[K,
[6.066s]                  from [01m[K/opt/ros/humble/include/rclcpp/rclcpp/executors.hpp:21[m[K,
[6.066s]                  from [01m[K/opt/ros/humble/include/rclcpp/rclcpp/rclcpp.hpp:155[m[K,
[6.066s]                  from [01m[K/home/zbt/Upper-main/rc_interaction/src/model_sbus.cpp:1[m[K:
[6.066s] [01m[K/usr/include/c++/11/thread:92:5:[m[K [01;36m[Knote: [m[Kcandidate: ‘[01m[Ktemplate<class _CharT, class _Traits> std::basic_ostream<_Ch, _Tr>& std::operator<<(std::basic_ostream<_Ch, _Tr>&, std::thread::id)[m[K’
[6.066s]    92 |     [01;36m[Koperator[m[K<<(basic_ostream<_CharT, _Traits>& __out, thread::id __id)
[6.066s]       |     [01;36m[K^~~~~~~~[m[K
[6.066s] [01m[K/usr/include/c++/11/thread:92:5:[m[K [01;36m[Knote: [m[K  template argument deduction/substitution failed:
[6.066s] In file included from [01m[K/home/zbt/Upper-main/rc_interaction/src/model_sbus.cpp:4[m[K:
[6.066s] [01m[K/home/zbt/Upper-main/rc_interaction/include/rc_interaction/sbus_node.hpp:215:34:[m[K [01;36m[Knote: [m[K  cannot convert ‘[01m[Kstd::end[m[K’ (type ‘[01m[K<unresolved overloaded function type>[m[K’) to type ‘[01m[Kstd::thread::id[m[K’
[6.066s]   215 |       cout<<vel_.twist.linear.x<<[01;36m[Kend[m[K;
[6.066s]       |                                  [01;36m[K^~~[m[K
[6.067s] In file included from [01m[K/usr/include/c++/11/iostream:39[m[K,
[6.067s]                  from [01m[K/opt/ros/humble/include/rclcpp/rclcpp/executor.hpp:22[m[K,
[6.067s]                  from [01m[K/opt/ros/humble/include/rclcpp/rclcpp/executors/multi_threaded_executor.hpp:25[m[K,
[6.067s]                  from [01m[K/opt/ros/humble/include/rclcpp/rclcpp/executors.hpp:21[m[K,
[6.067s]                  from [01m[K/opt/ros/humble/include/rclcpp/rclcpp/rclcpp.hpp:155[m[K,
[6.067s]                  from [01m[K/home/zbt/Upper-main/rc_interaction/src/model_sbus.cpp:1[m[K:
[6.067s] [01m[K/usr/include/c++/11/ostream:513:5:[m[K [01;36m[Knote: [m[Kcandidate: ‘[01m[Kstd::basic_ostream<_Ch, _Tr>& std::operator<<(std::basic_ostream<_Ch, _Tr>&, _CharT) [with _CharT = char; _Traits = std::char_traits<char>][m[K’
[6.067s]   513 |     [01;36m[Koperator[m[K<<(basic_ostream<_CharT, _Traits>& __out, _CharT __c)
[6.067s]       |     [01;36m[K^~~~~~~~[m[K
[6.067s] [01m[K/usr/include/c++/11/ostream:513:62:[m[K [01;36m[Knote: [m[K  no known conversion for argument 2 from ‘[01m[K<unresolved overloaded function type>[m[K’ to ‘[01m[Kchar[m[K’
[6.067s]   513 |     operator<<(basic_ostream<_CharT, _Traits>& __out, [01;36m[K_CharT __c[m[K)
[6.067s]       |                                                       [01;36m[K~~~~~~~^~~[m[K
[6.067s] [01m[K/usr/include/c++/11/ostream:518:5:[m[K [01;36m[Knote: [m[Kcandidate: ‘[01m[Ktemplate<class _CharT, class _Traits> std::basic_ostream<_Ch, _Tr>& std::operator<<(std::basic_ostream<_Ch, _Tr>&, char)[m[K’
[6.067s]   518 |     [01;36m[Koperator[m[K<<(basic_ostream<_CharT, _Traits>& __out, char __c)
[6.067s]       |     [01;36m[K^~~~~~~~[m[K
[6.067s] [01m[K/usr/include/c++/11/ostream:518:5:[m[K [01;36m[Knote: [m[K  template argument deduction/substitution failed:
[6.067s] In file included from [01m[K/home/zbt/Upper-main/rc_interaction/src/model_sbus.cpp:4[m[K:
[6.067s] [01m[K/home/zbt/Upper-main/rc_interaction/include/rc_interaction/sbus_node.hpp:215:34:[m[K [01;36m[Knote: [m[K  cannot convert ‘[01m[Kstd::end[m[K’ (type ‘[01m[K<unresolved overloaded function type>[m[K’) to type ‘[01m[Kchar[m[K’
[6.067s]   215 |       cout<<vel_.twist.linear.x<<[01;36m[Kend[m[K;
[6.067s]       |                                  [01;36m[K^~~[m[K
[6.067s] In file included from [01m[K/usr/include/c++/11/iostream:39[m[K,
[6.067s]                  from [01m[K/opt/ros/humble/include/rclcpp/rclcpp/executor.hpp:22[m[K,
[6.067s]                  from [01m[K/opt/ros/humble/include/rclcpp/rclcpp/executors/multi_threaded_executor.hpp:25[m[K,
[6.067s]                  from [01m[K/opt/ros/humble/include/rclcpp/rclcpp/executors.hpp:21[m[K,
[6.067s]                  from [01m[K/opt/ros/humble/include/rclcpp/rclcpp/rclcpp.hpp:155[m[K,
[6.067s]                  from [01m[K/home/zbt/Upper-main/rc_interaction/src/model_sbus.cpp:1[m[K:
[6.067s] [01m[K/usr/include/c++/11/ostream:524:5:[m[K [01;36m[Knote: [m[Kcandidate: ‘[01m[Ktemplate<class _Traits> std::basic_ostream<char, _Traits>& std::operator<<(std::basic_ostream<char, _Traits>&, char)[m[K’
[6.067s]   524 |     [01;36m[Koperator[m[K<<(basic_ostream<char, _Traits>& __out, char __c)
[6.067s]       |     [01;36m[K^~~~~~~~[m[K
[6.067s] [01m[K/usr/include/c++/11/ostream:524:5:[m[K [01;36m[Knote: [m[K  template argument deduction/substitution failed:
[6.067s] In file included from [01m[K/home/zbt/Upper-main/rc_interaction/src/model_sbus.cpp:4[m[K:
[6.067s] [01m[K/home/zbt/Upper-main/rc_interaction/include/rc_interaction/sbus_node.hpp:215:34:[m[K [01;36m[Knote: [m[K  cannot convert ‘[01m[Kstd::end[m[K’ (type ‘[01m[K<unresolved overloaded function type>[m[K’) to type ‘[01m[Kchar[m[K’
[6.067s]   215 |       cout<<vel_.twist.linear.x<<[01;36m[Kend[m[K;
[6.067s]       |                                  [01;36m[K^~~[m[K
[6.067s] In file included from [01m[K/usr/include/c++/11/iostream:39[m[K,
[6.067s]                  from [01m[K/opt/ros/humble/include/rclcpp/rclcpp/executor.hpp:22[m[K,
[6.067s]                  from [01m[K/opt/ros/humble/include/rclcpp/rclcpp/executors/multi_threaded_executor.hpp:25[m[K,
[6.067s]                  from [01m[K/opt/ros/humble/include/rclcpp/rclcpp/executors.hpp:21[m[K,
[6.067s]                  from [01m[K/opt/ros/humble/include/rclcpp/rclcpp/rclcpp.hpp:155[m[K,
[6.067s]                  from [01m[K/home/zbt/Upper-main/rc_interaction/src/model_sbus.cpp:1[m[K:
[6.067s] [01m[K/usr/include/c++/11/ostream:530:5:[m[K [01;36m[Knote: [m[Kcandidate: ‘[01m[Ktemplate<class _Traits> std::basic_ostream<char, _Traits>& std::operator<<(std::basic_ostream<char, _Traits>&, signed char)[m[K’
[6.068s]   530 |     [01;36m[Koperator[m[K<<(basic_ostream<char, _Traits>& __out, signed char __c)
[6.068s]       |     [01;36m[K^~~~~~~~[m[K
[6.068s] [01m[K/usr/include/c++/11/ostream:530:5:[m[K [01;36m[Knote: [m[K  template argument deduction/substitution failed:
[6.068s] In file included from [01m[K/home/zbt/Upper-main/rc_interaction/src/model_sbus.cpp:4[m[K:
[6.068s] [01m[K/home/zbt/Upper-main/rc_interaction/include/rc_interaction/sbus_node.hpp:215:34:[m[K [01;36m[Knote: [m[K  cannot convert ‘[01m[Kstd::end[m[K’ (type ‘[01m[K<unresolved overloaded function type>[m[K’) to type ‘[01m[Ksigned char[m[K’
[6.068s]   215 |       cout<<vel_.twist.linear.x<<[01;36m[Kend[m[K;
[6.068s]       |                                  [01;36m[K^~~[m[K
[6.068s] In file included from [01m[K/usr/include/c++/11/iostream:39[m[K,
[6.068s]                  from [01m[K/opt/ros/humble/include/rclcpp/rclcpp/executor.hpp:22[m[K,
[6.068s]                  from [01m[K/opt/ros/humble/include/rclcpp/rclcpp/executors/multi_threaded_executor.hpp:25[m[K,
[6.068s]                  from [01m[K/opt/ros/humble/include/rclcpp/rclcpp/executors.hpp:21[m[K,
[6.070s]                  from [01m[K/opt/ros/humble/include/rclcpp/rclcpp/rclcpp.hpp:155[m[K,
[6.070s]                  from [01m[K/home/zbt/Upper-main/rc_interaction/src/model_sbus.cpp:1[m[K:
[6.070s] [01m[K/usr/include/c++/11/ostream:535:5:[m[K [01;36m[Knote: [m[Kcandidate: ‘[01m[Ktemplate<class _Traits> std::basic_ostream<char, _Traits>& std::operator<<(std::basic_ostream<char, _Traits>&, unsigned char)[m[K’
[6.070s]   535 |     [01;36m[Koperator[m[K<<(basic_ostream<char, _Traits>& __out, unsigned char __c)
[6.070s]       |     [01;36m[K^~~~~~~~[m[K
[6.070s] [01m[K/usr/include/c++/11/ostream:535:5:[m[K [01;36m[Knote: [m[K  template argument deduction/substitution failed:
[6.070s] In file included from [01m[K/home/zbt/Upper-main/rc_interaction/src/model_sbus.cpp:4[m[K:
[6.070s] [01m[K/home/zbt/Upper-main/rc_interaction/include/rc_interaction/sbus_node.hpp:215:34:[m[K [01;36m[Knote: [m[K  cannot convert ‘[01m[Kstd::end[m[K’ (type ‘[01m[K<unresolved overloaded function type>[m[K’) to type ‘[01m[Kunsigned char[m[K’
[6.070s]   215 |       cout<<vel_.twist.linear.x<<[01;36m[Kend[m[K;
[6.070s]       |                                  [01;36m[K^~~[m[K
[6.070s] In file included from [01m[K/usr/include/c++/11/iostream:39[m[K,
[6.070s]                  from [01m[K/opt/ros/humble/include/rclcpp/rclcpp/executor.hpp:22[m[K,
[6.070s]                  from [01m[K/opt/ros/humble/include/rclcpp/rclcpp/executors/multi_threaded_executor.hpp:25[m[K,
[6.070s]                  from [01m[K/opt/ros/humble/include/rclcpp/rclcpp/executors.hpp:21[m[K,
[6.070s]                  from [01m[K/opt/ros/humble/include/rclcpp/rclcpp/rclcpp.hpp:155[m[K,
[6.070s]                  from [01m[K/home/zbt/Upper-main/rc_interaction/src/model_sbus.cpp:1[m[K:
[6.070s] [01m[K/usr/include/c++/11/ostream:594:5:[m[K [01;36m[Knote: [m[Kcandidate: ‘[01m[Kstd::basic_ostream<_Ch, _Tr>& std::operator<<(std::basic_ostream<_Ch, _Tr>&, const _CharT*) [with _CharT = char; _Traits = std::char_traits<char>][m[K’
[6.071s]   594 |     [01;36m[Koperator[m[K<<(basic_ostream<_CharT, _Traits>& __out, const _CharT* __s)
[6.071s]       |     [01;36m[K^~~~~~~~[m[K
[6.071s] [01m[K/usr/include/c++/11/ostream:594:69:[m[K [01;36m[Knote: [m[K  no known conversion for argument 2 from ‘[01m[K<unresolved overloaded function type>[m[K’ to ‘[01m[Kconst char*[m[K’
[6.071s]   594 |     operator<<(basic_ostream<_CharT, _Traits>& __out, [01;36m[Kconst _CharT* __s[m[K)
[6.071s]       |                                                       [01;36m[K~~~~~~~~~~~~~~^~~[m[K
[6.071s] In file included from [01m[K/usr/include/c++/11/ostream:829[m[K,
[6.071s]                  from [01m[K/usr/include/c++/11/iostream:39[m[K,
[6.071s]                  from [01m[K/opt/ros/humble/include/rclcpp/rclcpp/executor.hpp:22[m[K,
[6.071s]                  from [01m[K/opt/ros/humble/include/rclcpp/rclcpp/executors/multi_threaded_executor.hpp:25[m[K,
[6.071s]                  from [01m[K/opt/ros/humble/include/rclcpp/rclcpp/executors.hpp:21[m[K,
[6.071s]                  from [01m[K/opt/ros/humble/include/rclcpp/rclcpp/rclcpp.hpp:155[m[K,
[6.071s]                  from [01m[K/home/zbt/Upper-main/rc_interaction/src/model_sbus.cpp:1[m[K:
[6.071s] [01m[K/usr/include/c++/11/bits/ostream.tcc:321:5:[m[K [01;36m[Knote: [m[Kcandidate: ‘[01m[Ktemplate<class _CharT, class _Traits> std::basic_ostream<_Ch, _Tr>& std::operator<<(std::basic_ostream<_Ch, _Tr>&, const char*)[m[K’
[6.075s]   321 |     [01;36m[Koperator[m[K<<(basic_ostream<_CharT, _Traits>& __out, const char* __s)
[6.075s]       |     [01;36m[K^~~~~~~~[m[K
[6.075s] [01m[K/usr/include/c++/11/bits/ostream.tcc:321:5:[m[K [01;36m[Knote: [m[K  template argument deduction/substitution failed:
[6.075s] In file included from [01m[K/home/zbt/Upper-main/rc_interaction/src/model_sbus.cpp:4[m[K:
[6.075s] [01m[K/home/zbt/Upper-main/rc_interaction/include/rc_interaction/sbus_node.hpp:215:34:[m[K [01;36m[Knote: [m[K  cannot convert ‘[01m[Kstd::end[m[K’ (type ‘[01m[K<unresolved overloaded function type>[m[K’) to type ‘[01m[Kconst char*[m[K’
[6.075s]   215 |       cout<<vel_.twist.linear.x<<[01;36m[Kend[m[K;
[6.075s]       |                                  [01;36m[K^~~[m[K
[6.075s] In file included from [01m[K/usr/include/c++/11/iostream:39[m[K,
[6.075s]                  from [01m[K/opt/ros/humble/include/rclcpp/rclcpp/executor.hpp:22[m[K,
[6.075s]                  from [01m[K/opt/ros/humble/include/rclcpp/rclcpp/executors/multi_threaded_executor.hpp:25[m[K,
[6.075s]                  from [01m[K/opt/ros/humble/include/rclcpp/rclcpp/executors.hpp:21[m[K,
[6.076s]                  from [01m[K/opt/ros/humble/include/rclcpp/rclcpp/rclcpp.hpp:155[m[K,
[6.076s]                  from [01m[K/home/zbt/Upper-main/rc_interaction/src/model_sbus.cpp:1[m[K:
[6.076s] [01m[K/usr/include/c++/11/ostream:611:5:[m[K [01;36m[Knote: [m[Kcandidate: ‘[01m[Ktemplate<class _Traits> std::basic_ostream<char, _Traits>& std::operator<<(std::basic_ostream<char, _Traits>&, const char*)[m[K’
[6.076s]   611 |     [01;36m[Koperator[m[K<<(basic_ostream<char, _Traits>& __out, const char* __s)
[6.076s]       |     [01;36m[K^~~~~~~~[m[K
[6.076s] [01m[K/usr/include/c++/11/ostream:611:5:[m[K [01;36m[Knote: [m[K  template argument deduction/substitution failed:
[6.076s] In file included from [01m[K/home/zbt/Upper-main/rc_interaction/src/model_sbus.cpp:4[m[K:
[6.076s] [01m[K/home/zbt/Upper-main/rc_interaction/include/rc_interaction/sbus_node.hpp:215:34:[m[K [01;36m[Knote: [m[K  cannot convert ‘[01m[Kstd::end[m[K’ (type ‘[01m[K<unresolved overloaded function type>[m[K’) to type ‘[01m[Kconst char*[m[K’
[6.076s]   215 |       cout<<vel_.twist.linear.x<<[01;36m[Kend[m[K;
[6.076s]       |                                  [01;36m[K^~~[m[K
[6.076s] In file included from [01m[K/usr/include/c++/11/iostream:39[m[K,
[6.076s]                  from [01m[K/opt/ros/humble/include/rclcpp/rclcpp/executor.hpp:22[m[K,
[6.076s]                  from [01m[K/opt/ros/humble/include/rclcpp/rclcpp/executors/multi_threaded_executor.hpp:25[m[K,
[6.076s]                  from [01m[K/opt/ros/humble/include/rclcpp/rclcpp/executors.hpp:21[m[K,
[6.076s]                  from [01m[K/opt/ros/humble/include/rclcpp/rclcpp/rclcpp.hpp:155[m[K,
[6.076s]                  from [01m[K/home/zbt/Upper-main/rc_interaction/src/model_sbus.cpp:1[m[K:
[6.076s] [01m[K/usr/include/c++/11/ostream:624:5:[m[K [01;36m[Knote: [m[Kcandidate: ‘[01m[Ktemplate<class _Traits> std::basic_ostream<char, _Traits>& std::operator<<(std::basic_ostream<char, _Traits>&, const signed char*)[m[K’
[6.076s]   624 |     [01;36m[Koperator[m[K<<(basic_ostream<char, _Traits>& __out, const signed char* __s)
[6.076s]       |     [01;36m[K^~~~~~~~[m[K
[6.076s] [01m[K/usr/include/c++/11/ostream:624:5:[m[K [01;36m[Knote: [m[K  template argument deduction/substitution failed:
[6.076s] In file included from [01m[K/home/zbt/Upper-main/rc_interaction/src/model_sbus.cpp:4[m[K:
[6.076s] [01m[K/home/zbt/Upper-main/rc_interaction/include/rc_interaction/sbus_node.hpp:215:34:[m[K [01;36m[Knote: [m[K  cannot convert ‘[01m[Kstd::end[m[K’ (type ‘[01m[K<unresolved overloaded function type>[m[K’) to type ‘[01m[Kconst signed char*[m[K’
[6.076s]   215 |       cout<<vel_.twist.linear.x<<[01;36m[Kend[m[K;
[6.076s]       |                                  [01;36m[K^~~[m[K
[6.076s] In file included from [01m[K/usr/include/c++/11/iostream:39[m[K,
[6.076s]                  from [01m[K/opt/ros/humble/include/rclcpp/rclcpp/executor.hpp:22[m[K,
[6.076s]                  from [01m[K/opt/ros/humble/include/rclcpp/rclcpp/executors/multi_threaded_executor.hpp:25[m[K,
[6.076s]                  from [01m[K/opt/ros/humble/include/rclcpp/rclcpp/executors.hpp:21[m[K,
[6.076s]                  from [01m[K/opt/ros/humble/include/rclcpp/rclcpp/rclcpp.hpp:155[m[K,
[6.076s]                  from [01m[K/home/zbt/Upper-main/rc_interaction/src/model_sbus.cpp:1[m[K:
[6.076s] [01m[K/usr/include/c++/11/ostream:629:5:[m[K [01;36m[Knote: [m[Kcandidate: ‘[01m[Ktemplate<class _Traits> std::basic_ostream<char, _Traits>& std::operator<<(std::basic_ostream<char, _Traits>&, const unsigned char*)[m[K’
[6.076s]   629 |     [01;36m[Koperator[m[K<<(basic_ostream<char, _Traits>& __out, const unsigned char* __s)
[6.076s]       |     [01;36m[K^~~~~~~~[m[K
[6.076s] [01m[K/usr/include/c++/11/ostream:629:5:[m[K [01;36m[Knote: [m[K  template argument deduction/substitution failed:
[6.076s] In file included from [01m[K/home/zbt/Upper-main/rc_interaction/src/model_sbus.cpp:4[m[K:
[6.076s] [01m[K/home/zbt/Upper-main/rc_interaction/include/rc_interaction/sbus_node.hpp:215:34:[m[K [01;36m[Knote: [m[K  cannot convert ‘[01m[Kstd::end[m[K’ (type ‘[01m[K<unresolved overloaded function type>[m[K’) to type ‘[01m[Kconst unsigned char*[m[K’
[6.076s]   215 |       cout<<vel_.twist.linear.x<<[01;36m[Kend[m[K;
[6.076s]       |                                  [01;36m[K^~~[m[K
[6.076s] In file included from [01m[K/usr/include/c++/11/iostream:39[m[K,
[6.077s]                  from [01m[K/opt/ros/humble/include/rclcpp/rclcpp/executor.hpp:22[m[K,
[6.077s]                  from [01m[K/opt/ros/humble/include/rclcpp/rclcpp/executors/multi_threaded_executor.hpp:25[m[K,
[6.077s]                  from [01m[K/opt/ros/humble/include/rclcpp/rclcpp/executors.hpp:21[m[K,
[6.077s]                  from [01m[K/opt/ros/humble/include/rclcpp/rclcpp/rclcpp.hpp:155[m[K,
[6.077s]                  from [01m[K/home/zbt/Upper-main/rc_interaction/src/model_sbus.cpp:1[m[K:
[6.077s] [01m[K/usr/include/c++/11/ostream:750:5:[m[K [01;36m[Knote: [m[Kcandidate: ‘[01m[Ktemplate<class _Ostream, class _Tp> _Ostream&& std::operator<<(_Ostream&&, const _Tp&)[m[K’
[6.077s]   750 |     [01;36m[Koperator[m[K<<(_Ostream&& __os, const _Tp& __x)
[6.077s]       |     [01;36m[K^~~~~~~~[m[K
[6.077s] [01m[K/usr/include/c++/11/ostream:750:5:[m[K [01;36m[Knote: [m[K  template argument deduction/substitution failed:
[6.077s] In file included from [01m[K/home/zbt/Upper-main/rc_interaction/src/model_sbus.cpp:4[m[K:
[6.077s] [01m[K/home/zbt/Upper-main/rc_interaction/include/rc_interaction/sbus_node.hpp:215:34:[m[K [01;36m[Knote: [m[K  couldn’t deduce template parameter ‘[01m[K_Tp[m[K’
[6.077s]   215 |       cout<<vel_.twist.linear.x<<[01;36m[Kend[m[K;
[6.077s]       |                                  [01;36m[K^~~[m[K
[6.077s] In file included from [01m[K/opt/ros/humble/include/rosidl_runtime_cpp/rosidl_runtime_cpp/traits.hpp:19[m[K,
[6.077s]                  from [01m[K/opt/ros/humble/include/builtin_interfaces/builtin_interfaces/msg/detail/duration__traits.hpp:15[m[K,
[6.077s]                  from [01m[K/opt/ros/humble/include/builtin_interfaces/builtin_interfaces/msg/duration.hpp:9[m[K,
[6.077s]                  from [01m[K/opt/ros/humble/include/rclcpp/rclcpp/duration.hpp:20[m[K,
[6.077s]                  from [01m[K/opt/ros/humble/include/rclcpp/rclcpp/qos.hpp:20[m[K,
[6.077s]                  from [01m[K/opt/ros/humble/include/rclcpp/rclcpp/node_interfaces/node_graph_interface.hpp:32[m[K,
[6.077s]                  from [01m[K/opt/ros/humble/include/rclcpp/rclcpp/client.hpp:42[m[K,
[6.077s]                  from [01m[K/opt/ros/humble/include/rclcpp/rclcpp/callback_group.hpp:24[m[K,
[6.077s]                  from [01m[K/opt/ros/humble/include/rclcpp/rclcpp/any_executable.hpp:20[m[K,
[6.077s]                  from [01m[K/opt/ros/humble/include/rclcpp/rclcpp/memory_strategy.hpp:25[m[K,
[6.077s]                  from [01m[K/opt/ros/humble/include/rclcpp/rclcpp/memory_strategies.hpp:18[m[K,
[6.077s]                  from [01m[K/opt/ros/humble/include/rclcpp/rclcpp/executor_options.hpp:20[m[K,
[6.077s]                  from [01m[K/opt/ros/humble/include/rclcpp/rclcpp/executor.hpp:37[m[K,
[6.077s]                  from [01m[K/opt/ros/humble/include/rclcpp/rclcpp/executors/multi_threaded_executor.hpp:25[m[K,
[6.077s]                  from [01m[K/opt/ros/humble/include/rclcpp/rclcpp/executors.hpp:21[m[K,
[6.077s]                  from [01m[K/opt/ros/humble/include/rclcpp/rclcpp/rclcpp.hpp:155[m[K,
[6.077s]                  from [01m[K/home/zbt/Upper-main/rc_interaction/src/model_sbus.cpp:1[m[K:
[6.077s] [01m[K/usr/include/c++/11/iomanip:79:5:[m[K [01;36m[Knote: [m[Kcandidate: ‘[01m[Ktemplate<class _CharT, class _Traits> std::basic_ostream<_Ch, _Tr>& std::operator<<(std::basic_ostream<_Ch, _Tr>&, std::_Resetiosflags)[m[K’
[6.077s]    79 |     [01;36m[Koperator[m[K<<(basic_ostream<_CharT, _Traits>& __os, _Resetiosflags __f)
[6.077s]       |     [01;36m[K^~~~~~~~[m[K
[6.077s] [01m[K/usr/include/c++/11/iomanip:79:5:[m[K [01;36m[Knote: [m[K  template argument deduction/substitution failed:
[6.077s] In file included from [01m[K/home/zbt/Upper-main/rc_interaction/src/model_sbus.cpp:4[m[K:
[6.077s] [01m[K/home/zbt/Upper-main/rc_interaction/include/rc_interaction/sbus_node.hpp:215:34:[m[K [01;36m[Knote: [m[K  cannot convert ‘[01m[Kstd::end[m[K’ (type ‘[01m[K<unresolved overloaded function type>[m[K’) to type ‘[01m[Kstd::_Resetiosflags[m[K’
[6.077s]   215 |       cout<<vel_.twist.linear.x<<[01;36m[Kend[m[K;
[6.077s]       |                                  [01;36m[K^~~[m[K
[6.077s] In file included from [01m[K/opt/ros/humble/include/rosidl_runtime_cpp/rosidl_runtime_cpp/traits.hpp:19[m[K,
[6.077s]                  from [01m[K/opt/ros/humble/include/builtin_interfaces/builtin_interfaces/msg/detail/duration__traits.hpp:15[m[K,
[6.077s]                  from [01m[K/opt/ros/humble/include/builtin_interfaces/builtin_interfaces/msg/duration.hpp:9[m[K,
[6.078s]                  from [01m[K/opt/ros/humble/include/rclcpp/rclcpp/duration.hpp:20[m[K,
[6.083s]                  from [01m[K/opt/ros/humble/include/rclcpp/rclcpp/qos.hpp:20[m[K,
[6.084s]                  from [01m[K/opt/ros/humble/include/rclcpp/rclcpp/node_interfaces/node_graph_interface.hpp:32[m[K,
[6.084s]                  from [01m[K/opt/ros/humble/include/rclcpp/rclcpp/client.hpp:42[m[K,
[6.084s]                  from [01m[K/opt/ros/humble/include/rclcpp/rclcpp/callback_group.hpp:24[m[K,
[6.084s]                  from [01m[K/opt/ros/humble/include/rclcpp/rclcpp/any_executable.hpp:20[m[K,
[6.084s]                  from [01m[K/opt/ros/humble/include/rclcpp/rclcpp/memory_strategy.hpp:25[m[K,
[6.084s]                  from [01m[K/opt/ros/humble/include/rclcpp/rclcpp/memory_strategies.hpp:18[m[K,
[6.084s]                  from [01m[K/opt/ros/humble/include/rclcpp/rclcpp/executor_options.hpp:20[m[K,
[6.084s]                  from [01m[K/opt/ros/humble/include/rclcpp/rclcpp/executor.hpp:37[m[K,
[6.084s]                  from [01m[K/opt/ros/humble/include/rclcpp/rclcpp/executors/multi_threaded_executor.hpp:25[m[K,
[6.084s]                  from [01m[K/opt/ros/humble/include/rclcpp/rclcpp/executors.hpp:21[m[K,
[6.084s]                  from [01m[K/opt/ros/humble/include/rclcpp/rclcpp/rclcpp.hpp:155[m[K,
[6.084s]                  from [01m[K/home/zbt/Upper-main/rc_interaction/src/model_sbus.cpp:1[m[K:
[6.084s] [01m[K/usr/include/c++/11/iomanip:109:5:[m[K [01;36m[Knote: [m[Kcandidate: ‘[01m[Ktemplate<class _CharT, class _Traits> std::basic_ostream<_Ch, _Tr>& std::operator<<(std::basic_ostream<_Ch, _Tr>&, std::_Setiosflags)[m[K’
[6.084s]   109 |     [01;36m[Koperator[m[K<<(basic_ostream<_CharT, _Traits>& __os, _Setiosflags __f)
[6.084s]       |     [01;36m[K^~~~~~~~[m[K
[6.084s] [01m[K/usr/include/c++/11/iomanip:109:5:[m[K [01;36m[Knote: [m[K  template argument deduction/substitution failed:
[6.084s] In file included from [01m[K/home/zbt/Upper-main/rc_interaction/src/model_sbus.cpp:4[m[K:
[6.084s] [01m[K/home/zbt/Upper-main/rc_interaction/include/rc_interaction/sbus_node.hpp:215:34:[m[K [01;36m[Knote: [m[K  cannot convert ‘[01m[Kstd::end[m[K’ (type ‘[01m[K<unresolved overloaded function type>[m[K’) to type ‘[01m[Kstd::_Setiosflags[m[K’
[6.084s]   215 |       cout<<vel_.twist.linear.x<<[01;36m[Kend[m[K;
[6.084s]       |                                  [01;36m[K^~~[m[K
[6.084s] In file included from [01m[K/opt/ros/humble/include/rosidl_runtime_cpp/rosidl_runtime_cpp/traits.hpp:19[m[K,
[6.084s]                  from [01m[K/opt/ros/humble/include/builtin_interfaces/builtin_interfaces/msg/detail/duration__traits.hpp:15[m[K,
[6.084s]                  from [01m[K/opt/ros/humble/include/builtin_interfaces/builtin_interfaces/msg/duration.hpp:9[m[K,
[6.084s]                  from [01m[K/opt/ros/humble/include/rclcpp/rclcpp/duration.hpp:20[m[K,
[6.084s]                  from [01m[K/opt/ros/humble/include/rclcpp/rclcpp/qos.hpp:20[m[K,
[6.084s]                  from [01m[K/opt/ros/humble/include/rclcpp/rclcpp/node_interfaces/node_graph_interface.hpp:32[m[K,
[6.084s]                  from [01m[K/opt/ros/humble/include/rclcpp/rclcpp/client.hpp:42[m[K,
[6.084s]                  from [01m[K/opt/ros/humble/include/rclcpp/rclcpp/callback_group.hpp:24[m[K,
[6.084s]                  from [01m[K/opt/ros/humble/include/rclcpp/rclcpp/any_executable.hpp:20[m[K,
[6.084s]                  from [01m[K/opt/ros/humble/include/rclcpp/rclcpp/memory_strategy.hpp:25[m[K,
[6.084s]                  from [01m[K/opt/ros/humble/include/rclcpp/rclcpp/memory_strategies.hpp:18[m[K,
[6.084s]                  from [01m[K/opt/ros/humble/include/rclcpp/rclcpp/executor_options.hpp:20[m[K,
[6.084s]                  from [01m[K/opt/ros/humble/include/rclcpp/rclcpp/executor.hpp:37[m[K,
[6.084s]                  from [01m[K/opt/ros/humble/include/rclcpp/rclcpp/executors/multi_threaded_executor.hpp:25[m[K,
[6.084s]                  from [01m[K/opt/ros/humble/include/rclcpp/rclcpp/executors.hpp:21[m[K,
[6.084s]                  from [01m[K/opt/ros/humble/include/rclcpp/rclcpp/rclcpp.hpp:155[m[K,
[6.084s]                  from [01m[K/home/zbt/Upper-main/rc_interaction/src/model_sbus.cpp:1[m[K:
[6.085s] [01m[K/usr/include/c++/11/iomanip:143:5:[m[K [01;36m[Knote: [m[Kcandidate: ‘[01m[Ktemplate<class _CharT, class _Traits> std::basic_ostream<_Ch, _Tr>& std::operator<<(std::basic_ostream<_Ch, _Tr>&, std::_Setbase)[m[K’
[6.085s]   143 |     [01;36m[Koperator[m[K<<(basic_ostream<_CharT, _Traits>& __os, _Setbase __f)
[6.085s]       |     [01;36m[K^~~~~~~~[m[K
[6.085s] [01m[K/usr/include/c++/11/iomanip:143:5:[m[K [01;36m[Knote: [m[K  template argument deduction/substitution failed:
[6.085s] In file included from [01m[K/home/zbt/Upper-main/rc_interaction/src/model_sbus.cpp:4[m[K:
[6.085s] [01m[K/home/zbt/Upper-main/rc_interaction/include/rc_interaction/sbus_node.hpp:215:34:[m[K [01;36m[Knote: [m[K  cannot convert ‘[01m[Kstd::end[m[K’ (type ‘[01m[K<unresolved overloaded function type>[m[K’) to type ‘[01m[Kstd::_Setbase[m[K’
[6.085s]   215 |       cout<<vel_.twist.linear.x<<[01;36m[Kend[m[K;
[6.085s]       |                                  [01;36m[K^~~[m[K
[6.085s] In file included from [01m[K/opt/ros/humble/include/rosidl_runtime_cpp/rosidl_runtime_cpp/traits.hpp:19[m[K,
[6.085s]                  from [01m[K/opt/ros/humble/include/builtin_interfaces/builtin_interfaces/msg/detail/duration__traits.hpp:15[m[K,
[6.085s]                  from [01m[K/opt/ros/humble/include/builtin_interfaces/builtin_interfaces/msg/duration.hpp:9[m[K,
[6.085s]                  from [01m[K/opt/ros/humble/include/rclcpp/rclcpp/duration.hpp:20[m[K,
[6.085s]                  from [01m[K/opt/ros/humble/include/rclcpp/rclcpp/qos.hpp:20[m[K,
[6.085s]                  from [01m[K/opt/ros/humble/include/rclcpp/rclcpp/node_interfaces/node_graph_interface.hpp:32[m[K,
[6.085s]                  from [01m[K/opt/ros/humble/include/rclcpp/rclcpp/client.hpp:42[m[K,
[6.085s]                  from [01m[K/opt/ros/humble/include/rclcpp/rclcpp/callback_group.hpp:24[m[K,
[6.085s]                  from [01m[K/opt/ros/humble/include/rclcpp/rclcpp/any_executable.hpp:20[m[K,
[6.085s]                  from [01m[K/opt/ros/humble/include/rclcpp/rclcpp/memory_strategy.hpp:25[m[K,
[6.085s]                  from [01m[K/opt/ros/humble/include/rclcpp/rclcpp/memory_strategies.hpp:18[m[K,
[6.085s]                  from [01m[K/opt/ros/humble/include/rclcpp/rclcpp/executor_options.hpp:20[m[K,
[6.087s]                  from [01m[K/opt/ros/humble/include/rclcpp/rclcpp/executor.hpp:37[m[K,
[6.087s]                  from [01m[K/opt/ros/humble/include/rclcpp/rclcpp/executors/multi_threaded_executor.hpp:25[m[K,
[6.087s]                  from [01m[K/opt/ros/humble/include/rclcpp/rclcpp/executors.hpp:21[m[K,
[6.087s]                  from [01m[K/opt/ros/humble/include/rclcpp/rclcpp/rclcpp.hpp:155[m[K,
[6.087s]                  from [01m[K/home/zbt/Upper-main/rc_interaction/src/model_sbus.cpp:1[m[K:
[6.087s] [01m[K/usr/include/c++/11/iomanip:178:5:[m[K [01;36m[Knote: [m[Kcandidate: ‘[01m[Kstd::basic_ostream<_Ch, _Tr>& std::operator<<(std::basic_ostream<_Ch, _Tr>&, std::_Setfill<_CharT>) [with _CharT = char; _Traits = std::char_traits<char>][m[K’
[6.087s]   178 |     [01;36m[Koperator[m[K<<(basic_ostream<_CharT, _Traits>& __os, _Setfill<_CharT> __f)
[6.087s]       |     [01;36m[K^~~~~~~~[m[K
[6.087s] [01m[K/usr/include/c++/11/iomanip:178:71:[m[K [01;36m[Knote: [m[K  no known conversion for argument 2 from ‘[01m[K<unresolved overloaded function type>[m[K’ to ‘[01m[Kstd::_Setfill<char>[m[K’
[6.087s]   178 |     operator<<(basic_ostream<_CharT, _Traits>& __os, [01;36m[K_Setfill<_CharT> __f[m[K)
[6.087s]       |                                                      [01;36m[K~~~~~~~~~~~~~~~~~^~~[m[K
[6.087s] [01m[K/usr/include/c++/11/iomanip:208:5:[m[K [01;36m[Knote: [m[Kcandidate: ‘[01m[Ktemplate<class _CharT, class _Traits> std::basic_ostream<_Ch, _Tr>& std::operator<<(std::basic_ostream<_Ch, _Tr>&, std::_Setprecision)[m[K’
[6.087s]   208 |     [01;36m[Koperator[m[K<<(basic_ostream<_CharT, _Traits>& __os, _Setprecision __f)
[6.087s]       |     [01;36m[K^~~~~~~~[m[K
[6.087s] [01m[K/usr/include/c++/11/iomanip:208:5:[m[K [01;36m[Knote: [m[K  template argument deduction/substitution failed:
[6.087s] In file included from [01m[K/home/zbt/Upper-main/rc_interaction/src/model_sbus.cpp:4[m[K:
[6.087s] [01m[K/home/zbt/Upper-main/rc_interaction/include/rc_interaction/sbus_node.hpp:215:34:[m[K [01;36m[Knote: [m[K  cannot convert ‘[01m[Kstd::end[m[K’ (type ‘[01m[K<unresolved overloaded function type>[m[K’) to type ‘[01m[Kstd::_Setprecision[m[K’
[6.087s]   215 |       cout<<vel_.twist.linear.x<<[01;36m[Kend[m[K;
[6.087s]       |                                  [01;36m[K^~~[m[K
[6.087s] In file included from [01m[K/opt/ros/humble/include/rosidl_runtime_cpp/rosidl_runtime_cpp/traits.hpp:19[m[K,
[6.087s]                  from [01m[K/opt/ros/humble/include/builtin_interfaces/builtin_interfaces/msg/detail/duration__traits.hpp:15[m[K,
[6.087s]                  from [01m[K/opt/ros/humble/include/builtin_interfaces/builtin_interfaces/msg/duration.hpp:9[m[K,
[6.087s]                  from [01m[K/opt/ros/humble/include/rclcpp/rclcpp/duration.hpp:20[m[K,
[6.088s]                  from [01m[K/opt/ros/humble/include/rclcpp/rclcpp/qos.hpp:20[m[K,
[6.088s]                  from [01m[K/opt/ros/humble/include/rclcpp/rclcpp/node_interfaces/node_graph_interface.hpp:32[m[K,
[6.088s]                  from [01m[K/opt/ros/humble/include/rclcpp/rclcpp/client.hpp:42[m[K,
[6.088s]                  from [01m[K/opt/ros/humble/include/rclcpp/rclcpp/callback_group.hpp:24[m[K,
[6.088s]                  from [01m[K/opt/ros/humble/include/rclcpp/rclcpp/any_executable.hpp:20[m[K,
[6.088s]                  from [01m[K/opt/ros/humble/include/rclcpp/rclcpp/memory_strategy.hpp:25[m[K,
[6.088s]                  from [01m[K/opt/ros/humble/include/rclcpp/rclcpp/memory_strategies.hpp:18[m[K,
[6.088s]                  from [01m[K/opt/ros/humble/include/rclcpp/rclcpp/executor_options.hpp:20[m[K,
[6.088s]                  from [01m[K/opt/ros/humble/include/rclcpp/rclcpp/executor.hpp:37[m[K,
[6.088s]                  from [01m[K/opt/ros/humble/include/rclcpp/rclcpp/executors/multi_threaded_executor.hpp:25[m[K,
[6.088s]                  from [01m[K/opt/ros/humble/include/rclcpp/rclcpp/executors.hpp:21[m[K,
[6.088s]                  from [01m[K/opt/ros/humble/include/rclcpp/rclcpp/rclcpp.hpp:155[m[K,
[6.088s]                  from [01m[K/home/zbt/Upper-main/rc_interaction/src/model_sbus.cpp:1[m[K:
[6.088s] [01m[K/usr/include/c++/11/iomanip:238:5:[m[K [01;36m[Knote: [m[Kcandidate: ‘[01m[Ktemplate<class _CharT, class _Traits> std::basic_ostream<_Ch, _Tr>& std::operator<<(std::basic_ostream<_Ch, _Tr>&, std::_Setw)[m[K’
[6.088s]   238 |     [01;36m[Koperator[m[K<<(basic_ostream<_CharT, _Traits>& __os, _Setw __f)
[6.088s]       |     [01;36m[K^~~~~~~~[m[K
[6.088s] [01m[K/usr/include/c++/11/iomanip:238:5:[m[K [01;36m[Knote: [m[K  template argument deduction/substitution failed:
[6.088s] In file included from [01m[K/home/zbt/Upper-main/rc_interaction/src/model_sbus.cpp:4[m[K:
[6.088s] [01m[K/home/zbt/Upper-main/rc_interaction/include/rc_interaction/sbus_node.hpp:215:34:[m[K [01;36m[Knote: [m[K  cannot convert ‘[01m[Kstd::end[m[K’ (type ‘[01m[K<unresolved overloaded function type>[m[K’) to type ‘[01m[Kstd::_Setw[m[K’
[6.088s]   215 |       cout<<vel_.twist.linear.x<<[01;36m[Kend[m[K;
[6.088s]       |                                  [01;36m[K^~~[m[K
[6.088s] In file included from [01m[K/opt/ros/humble/include/rosidl_runtime_cpp/rosidl_runtime_cpp/traits.hpp:19[m[K,
[6.088s]                  from [01m[K/opt/ros/humble/include/builtin_interfaces/builtin_interfaces/msg/detail/duration__traits.hpp:15[m[K,
[6.088s]                  from [01m[K/opt/ros/humble/include/builtin_interfaces/builtin_interfaces/msg/duration.hpp:9[m[K,
[6.088s]                  from [01m[K/opt/ros/humble/include/rclcpp/rclcpp/duration.hpp:20[m[K,
[6.094s]                  from [01m[K/opt/ros/humble/include/rclcpp/rclcpp/qos.hpp:20[m[K,
[6.094s]                  from [01m[K/opt/ros/humble/include/rclcpp/rclcpp/node_interfaces/node_graph_interface.hpp:32[m[K,
[6.094s]                  from [01m[K/opt/ros/humble/include/rclcpp/rclcpp/client.hpp:42[m[K,
[6.094s]                  from [01m[K/opt/ros/humble/include/rclcpp/rclcpp/callback_group.hpp:24[m[K,
[6.094s]                  from [01m[K/opt/ros/humble/include/rclcpp/rclcpp/any_executable.hpp:20[m[K,
[6.094s]                  from [01m[K/opt/ros/humble/include/rclcpp/rclcpp/memory_strategy.hpp:25[m[K,
[6.094s]                  from [01m[K/opt/ros/humble/include/rclcpp/rclcpp/memory_strategies.hpp:18[m[K,
[6.094s]                  from [01m[K/opt/ros/humble/include/rclcpp/rclcpp/executor_options.hpp:20[m[K,
[6.094s]                  from [01m[K/opt/ros/humble/include/rclcpp/rclcpp/executor.hpp:37[m[K,
[6.094s]                  from [01m[K/opt/ros/humble/include/rclcpp/rclcpp/executors/multi_threaded_executor.hpp:25[m[K,
[6.094s]                  from [01m[K/opt/ros/humble/include/rclcpp/rclcpp/executors.hpp:21[m[K,
[6.094s]                  from [01m[K/opt/ros/humble/include/rclcpp/rclcpp/rclcpp.hpp:155[m[K,
[6.094s]                  from [01m[K/home/zbt/Upper-main/rc_interaction/src/model_sbus.cpp:1[m[K:
[6.094s] [01m[K/usr/include/c++/11/iomanip:311:5:[m[K [01;36m[Knote: [m[Kcandidate: ‘[01m[Ktemplate<class _CharT, class _Traits, class _MoneyT> std::basic_ostream<_Ch, _Tr>& std::operator<<(std::basic_ostream<_Ch, _Tr>&, std::_Put_money<_MoneyT>)[m[K’
[6.095s]   311 |     [01;36m[Koperator[m[K<<(basic_ostream<_CharT, _Traits>& __os, _Put_money<_MoneyT> __f)
[6.095s]       |     [01;36m[K^~~~~~~~[m[K
[6.095s] [01m[K/usr/include/c++/11/iomanip:311:5:[m[K [01;36m[Knote: [m[K  template argument deduction/substitution failed:
[6.095s] In file included from [01m[K/home/zbt/Upper-main/rc_interaction/src/model_sbus.cpp:4[m[K:
[6.095s] [01m[K/home/zbt/Upper-main/rc_interaction/include/rc_interaction/sbus_node.hpp:215:34:[m[K [01;36m[Knote: [m[K  couldn’t deduce template parameter ‘[01m[K_MoneyT[m[K’
[6.095s]   215 |       cout<<vel_.twist.linear.x<<[01;36m[Kend[m[K;
[6.095s]       |                                  [01;36m[K^~~[m[K
[6.095s] In file included from [01m[K/opt/ros/humble/include/rosidl_runtime_cpp/rosidl_runtime_cpp/traits.hpp:19[m[K,
[6.095s]                  from [01m[K/opt/ros/humble/include/builtin_interfaces/builtin_interfaces/msg/detail/duration__traits.hpp:15[m[K,
[6.095s]                  from [01m[K/opt/ros/humble/include/builtin_interfaces/builtin_interfaces/msg/duration.hpp:9[m[K,
[6.095s]                  from [01m[K/opt/ros/humble/include/rclcpp/rclcpp/duration.hpp:20[m[K,
[6.095s]                  from [01m[K/opt/ros/humble/include/rclcpp/rclcpp/qos.hpp:20[m[K,
[6.095s]                  from [01m[K/opt/ros/humble/include/rclcpp/rclcpp/node_interfaces/node_graph_interface.hpp:32[m[K,
[6.095s]                  from [01m[K/opt/ros/humble/include/rclcpp/rclcpp/client.hpp:42[m[K,
[6.095s]                  from [01m[K/opt/ros/humble/include/rclcpp/rclcpp/callback_group.hpp:24[m[K,
[6.095s]                  from [01m[K/opt/ros/humble/include/rclcpp/rclcpp/any_executable.hpp:20[m[K,
[6.095s]                  from [01m[K/opt/ros/humble/include/rclcpp/rclcpp/memory_strategy.hpp:25[m[K,
[6.095s]                  from [01m[K/opt/ros/humble/include/rclcpp/rclcpp/memory_strategies.hpp:18[m[K,
[6.095s]                  from [01m[K/opt/ros/humble/include/rclcpp/rclcpp/executor_options.hpp:20[m[K,
[6.095s]                  from [01m[K/opt/ros/humble/include/rclcpp/rclcpp/executor.hpp:37[m[K,
[6.095s]                  from [01m[K/opt/ros/humble/include/rclcpp/rclcpp/executors/multi_threaded_executor.hpp:25[m[K,
[6.095s]                  from [01m[K/opt/ros/humble/include/rclcpp/rclcpp/executors.hpp:21[m[K,
[6.095s]                  from [01m[K/opt/ros/humble/include/rclcpp/rclcpp/rclcpp.hpp:155[m[K,
[6.095s]                  from [01m[K/home/zbt/Upper-main/rc_interaction/src/model_sbus.cpp:1[m[K:
[6.095s] [01m[K/usr/include/c++/11/iomanip:363:5:[m[K [01;36m[Knote: [m[Kcandidate: ‘[01m[Kstd::basic_ostream<_Ch, _Tr>& std::operator<<(std::basic_ostream<_Ch, _Tr>&, std::_Put_time<_CharT>) [with _CharT = char; _Traits = std::char_traits<char>][m[K’
[6.095s]   363 |     [01;36m[Koperator[m[K<<(basic_ostream<_CharT, _Traits>& __os, _Put_time<_CharT> __f)
[6.095s]       |     [01;36m[K^~~~~~~~[m[K
[6.095s] [01m[K/usr/include/c++/11/iomanip:363:72:[m[K [01;36m[Knote: [m[K  no known conversion for argument 2 from ‘[01m[K<unresolved overloaded function type>[m[K’ to ‘[01m[Kstd::_Put_time<char>[m[K’
[6.095s]   363 |     operator<<(basic_ostream<_CharT, _Traits>& __os, [01;36m[K_Put_time<_CharT> __f[m[K)
[6.095s]       |                                                      [01;36m[K~~~~~~~~~~~~~~~~~~^~~[m[K
[6.095s] In file included from [01m[K/usr/include/eigen3/Eigen/Core:50[m[K,
[6.095s]                  from [01m[K/usr/include/eigen3/Eigen/Dense:1[m[K,
[6.095s]                  from [01m[K/usr/include/eigen3/Eigen/Eigen:1[m[K,
[6.095s]                  from [01m[K/opt/ros/humble/include/tf2_sensor_msgs/tf2_sensor_msgs.hpp:44[m[K,
[6.095s]                  from [01m[K/home/zbt/Upper-main/rc_interaction/include/rc_interaction/xbox360_node.hpp:31[m[K,
[6.095s]                  from [01m[K/home/zbt/Upper-main/rc_interaction/src/model_sbus.cpp:3[m[K:
[6.095s] [01m[K/usr/include/c++/11/complex:555:5:[m[K [01;36m[Knote: [m[Kcandidate: ‘[01m[Ktemplate<class _Tp, class _CharT, class _Traits> std::basic_ostream<_CharT, _Traits>& std::operator<<(std::basic_ostream<_CharT, _Traits>&, const std::complex<_Tp>&)[m[K’
[6.095s]   555 |     [01;36m[Koperator[m[K<<(basic_ostream<_CharT, _Traits>& __os, const complex<_Tp>& __x)
[6.096s]       |     [01;36m[K^~~~~~~~[m[K
[6.096s] [01m[K/usr/include/c++/11/complex:555:5:[m[K [01;36m[Knote: [m[K  template argument deduction/substitution failed:
[6.096s] In file included from [01m[K/home/zbt/Upper-main/rc_interaction/src/model_sbus.cpp:4[m[K:
[6.096s] [01m[K/home/zbt/Upper-main/rc_interaction/include/rc_interaction/sbus_node.hpp:215:34:[m[K [01;36m[Knote: [m[K  couldn’t deduce template parameter ‘[01m[K_Tp[m[K’
[6.096s]   215 |       cout<<vel_.twist.linear.x<<[01;36m[Kend[m[K;
[6.096s]       |                                  [01;36m[K^~~[m[K
[6.096s] In file included from [01m[K/usr/include/eigen3/Eigen/Core:81[m[K,
[6.096s]                  from [01m[K/usr/include/eigen3/Eigen/Dense:1[m[K,
[6.096s]                  from [01m[K/usr/include/eigen3/Eigen/Eigen:1[m[K,
[6.096s]                  from [01m[K/opt/ros/humble/include/tf2_sensor_msgs/tf2_sensor_msgs.hpp:44[m[K,
[6.096s]                  from [01m[K/home/zbt/Upper-main/rc_interaction/include/rc_interaction/xbox360_node.hpp:31[m[K,
[6.096s]                  from [01m[K/home/zbt/Upper-main/rc_interaction/src/model_sbus.cpp:3[m[K:
[6.096s] [01m[K/usr/include/c++/11/cstddef:126:5:[m[K [01;36m[Knote: [m[Kcandidate: ‘[01m[Ktemplate<class _IntegerType> constexpr std::__byte_op_t<_IntegerType> std::operator<<(std::byte, _IntegerType)[m[K’
[6.096s]   126 |     [01;36m[Koperator[m[K<<(byte __b, _IntegerType __shift) noexcept
[6.096s]       |     [01;36m[K^~~~~~~~[m[K
[6.096s] [01m[K/usr/include/c++/11/cstddef:126:5:[m[K [01;36m[Knote: [m[K  template argument deduction/substitution failed:
[6.096s] In file included from [01m[K/home/zbt/Upper-main/rc_interaction/src/model_sbus.cpp:4[m[K:
[6.096s] [01m[K/home/zbt/Upper-main/rc_interaction/include/rc_interaction/sbus_node.hpp:215:34:[m[K [01;36m[Knote: [m[K  couldn’t deduce template parameter ‘[01m[K_IntegerType[m[K’
[6.096s]   215 |       cout<<vel_.twist.linear.x<<[01;36m[Kend[m[K;
[6.096s]       |                                  [01;36m[K^~~[m[K
[6.096s] [01m[K/home/zbt/Upper-main/rc_interaction/include/rc_interaction/sbus_node.hpp:216:32:[m[K [01;31m[Kerror: [m[Kno match for ‘[01m[Koperator<<[m[K’ (operand types are ‘[01m[Kstd::basic_ostream<char>::__ostream_type[m[K’ {aka ‘[01m[Kstd::basic_ostream<char>[m[K’} and ‘[01m[K<unresolved overloaded function type>[m[K’)
[6.096s]   216 |       [01;31m[Kcout<<vel_.twist.linear.y<<end[m[K;
[6.096s]       |       [01;31m[K~~~~~~~~~~~~~~~~~~~~~~~~~^~~~~[m[K
[6.096s] In file included from [01m[K/usr/include/c++/11/iostream:39[m[K,
[6.096s]                  from [01m[K/opt/ros/humble/include/rclcpp/rclcpp/executor.hpp:22[m[K,
[6.096s]                  from [01m[K/opt/ros/humble/include/rclcpp/rclcpp/executors/multi_threaded_executor.hpp:25[m[K,
[6.096s]                  from [01m[K/opt/ros/humble/include/rclcpp/rclcpp/executors.hpp:21[m[K,
[6.096s]                  from [01m[K/opt/ros/humble/include/rclcpp/rclcpp/rclcpp.hpp:155[m[K,
[6.096s]                  from [01m[K/home/zbt/Upper-main/rc_interaction/src/model_sbus.cpp:1[m[K:
[6.096s] [01m[K/usr/include/c++/11/ostream:108:7:[m[K [01;36m[Knote: [m[Kcandidate: ‘[01m[Kstd::basic_ostream<_CharT, _Traits>::__ostream_type& std::basic_ostream<_CharT, _Traits>::operator<<(std::basic_ostream<_CharT, _Traits>::__ostream_type& (*)(std::basic_ostream<_CharT, _Traits>::__ostream_type&)) [with _CharT = char; _Traits = std::char_traits<char>; std::basic_ostream<_CharT, _Traits>::__ostream_type = std::basic_ostream<char>][m[K’
[6.096s]   108 |       [01;36m[Koperator[m[K<<(__ostream_type& (*__pf)(__ostream_type&))
[6.096s]       |       [01;36m[K^~~~~~~~[m[K
[6.096s] [01m[K/usr/include/c++/11/ostream:108:36:[m[K [01;36m[Knote: [m[K  no known conversion for argument 1 from ‘[01m[K<unresolved overloaded function type>[m[K’ to ‘[01m[Kstd::basic_ostream<char>::__ostream_type& (*)(std::basic_ostream<char>::__ostream_type&)[m[K’ {aka ‘[01m[Kstd::basic_ostream<char>& (*)(std::basic_ostream<char>&)[m[K’}
[6.096s]   108 |       operator<<([01;36m[K__ostream_type& (*__pf)(__ostream_type&)[m[K)
[6.096s]       |                  [01;36m[K~~~~~~~~~~~~~~~~~~^~~~~~~~~~~~~~~~~~~~~~[m[K
[6.096s] [01m[K/usr/include/c++/11/ostream:117:7:[m[K [01;36m[Knote: [m[Kcandidate: ‘[01m[Kstd::basic_ostream<_CharT, _Traits>::__ostream_type& std::basic_ostream<_CharT, _Traits>::operator<<(std::basic_ostream<_CharT, _Traits>::__ios_type& (*)(std::basic_ostream<_CharT, _Traits>::__ios_type&)) [with _CharT = char; _Traits = std::char_traits<char>; std::basic_ostream<_CharT, _Traits>::__ostream_type = std::basic_ostream<char>; std::basic_ostream<_CharT, _Traits>::__ios_type = std::basic_ios<char>][m[K’
[6.096s]   117 |       [01;36m[Koperator[m[K<<(__ios_type& (*__pf)(__ios_type&))
[6.096s]       |       [01;36m[K^~~~~~~~[m[K
[6.096s] [01m[K/usr/include/c++/11/ostream:117:32:[m[K [01;36m[Knote: [m[K  no known conversion for argument 1 from ‘[01m[K<unresolved overloaded function type>[m[K’ to ‘[01m[Kstd::basic_ostream<char>::__ios_type& (*)(std::basic_ostream<char>::__ios_type&)[m[K’ {aka ‘[01m[Kstd::basic_ios<char>& (*)(std::basic_ios<char>&)[m[K’}
[6.096s]   117 |       operator<<([01;36m[K__ios_type& (*__pf)(__ios_type&)[m[K)
[6.096s]       |                  [01;36m[K~~~~~~~~~~~~~~^~~~~~~~~~~~~~~~~~[m[K
[6.096s] [01m[K/usr/include/c++/11/ostream:127:7:[m[K [01;36m[Knote: [m[Kcandidate: ‘[01m[Kstd::basic_ostream<_CharT, _Traits>::__ostream_type& std::basic_ostream<_CharT, _Traits>::operator<<(std::ios_base& (*)(std::ios_base&)) [with _CharT = char; _Traits = std::char_traits<char>; std::basic_ostream<_CharT, _Traits>::__ostream_type = std::basic_ostream<char>][m[K’
[6.097s]   127 |       [01;36m[Koperator[m[K<<(ios_base& (*__pf) (ios_base&))
[6.097s]       |       [01;36m[K^~~~~~~~[m[K
[6.111s] [01m[K/usr/include/c++/11/ostream:127:30:[m[K [01;36m[Knote: [m[K  no known conversion for argument 1 from ‘[01m[K<unresolved overloaded function type>[m[K’ to ‘[01m[Kstd::ios_base& (*)(std::ios_base&)[m[K’
[6.112s]   127 |       operator<<([01;36m[Kios_base& (*__pf) (ios_base&)[m[K)
[6.112s]       |                  [01;36m[K~~~~~~~~~~~~^~~~~~~~~~~~~~~~~[m[K
[6.112s] [01m[K/usr/include/c++/11/ostream:166:7:[m[K [01;36m[Knote: [m[Kcandidate: ‘[01m[Kstd::basic_ostream<_CharT, _Traits>::__ostream_type& std::basic_ostream<_CharT, _Traits>::operator<<(long int) [with _CharT = char; _Traits = std::char_traits<char>; std::basic_ostream<_CharT, _Traits>::__ostream_type = std::basic_ostream<char>][m[K’
[6.112s]   166 |       [01;36m[Koperator[m[K<<(long __n)
[6.112s]       |       [01;36m[K^~~~~~~~[m[K
[6.112s] [01m[K/usr/include/c++/11/ostream:166:23:[m[K [01;36m[Knote: [m[K  no known conversion for argument 1 from ‘[01m[K<unresolved overloaded function type>[m[K’ to ‘[01m[Klong int[m[K’
[6.112s]   166 |       operator<<([01;36m[Klong __n[m[K)
[6.112s]       |                  [01;36m[K~~~~~^~~[m[K
[6.112s] [01m[K/usr/include/c++/11/ostream:170:7:[m[K [01;36m[Knote: [m[Kcandidate: ‘[01m[Kstd::basic_ostream<_CharT, _Traits>::__ostream_type& std::basic_ostream<_CharT, _Traits>::operator<<(long unsigned int) [with _CharT = char; _Traits = std::char_traits<char>; std::basic_ostream<_CharT, _Traits>::__ostream_type = std::basic_ostream<char>][m[K’
[6.112s]   170 |       [01;36m[Koperator[m[K<<(unsigned long __n)
[6.112s]       |       [01;36m[K^~~~~~~~[m[K
[6.112s] [01m[K/usr/include/c++/11/ostream:170:32:[m[K [01;36m[Knote: [m[K  no known conversion for argument 1 from ‘[01m[K<unresolved overloaded function type>[m[K’ to ‘[01m[Klong unsigned int[m[K’
[6.112s]   170 |       operator<<([01;36m[Kunsigned long __n[m[K)
[6.112s]       |                  [01;36m[K~~~~~~~~~~~~~~^~~[m[K
[6.112s] [01m[K/usr/include/c++/11/ostream:174:7:[m[K [01;36m[Knote: [m[Kcandidate: ‘[01m[Kstd::basic_ostream<_CharT, _Traits>::__ostream_type& std::basic_ostream<_CharT, _Traits>::operator<<(bool) [with _CharT = char; _Traits = std::char_traits<char>; std::basic_ostream<_CharT, _Traits>::__ostream_type = std::basic_ostream<char>][m[K’
[6.112s]   174 |       [01;36m[Koperator[m[K<<(bool __n)
[6.112s]       |       [01;36m[K^~~~~~~~[m[K
[6.112s] [01m[K/usr/include/c++/11/ostream:174:23:[m[K [01;36m[Knote: [m[K  no known conversion for argument 1 from ‘[01m[K<unresolved overloaded function type>[m[K’ to ‘[01m[Kbool[m[K’
[6.112s]   174 |       operator<<([01;36m[Kbool __n[m[K)
[6.112s]       |                  [01;36m[K~~~~~^~~[m[K
[6.112s] In file included from [01m[K/usr/include/c++/11/ostream:829[m[K,
[6.112s]                  from [01m[K/usr/include/c++/11/iostream:39[m[K,
[6.112s]                  from [01m[K/opt/ros/humble/include/rclcpp/rclcpp/executor.hpp:22[m[K,
[6.112s]                  from [01m[K/opt/ros/humble/include/rclcpp/rclcpp/executors/multi_threaded_executor.hpp:25[m[K,
[6.112s]                  from [01m[K/opt/ros/humble/include/rclcpp/rclcpp/executors.hpp:21[m[K,
[6.112s]                  from [01m[K/opt/ros/humble/include/rclcpp/rclcpp/rclcpp.hpp:155[m[K,
[6.112s]                  from [01m[K/home/zbt/Upper-main/rc_interaction/src/model_sbus.cpp:1[m[K:
[6.112s] [01m[K/usr/include/c++/11/bits/ostream.tcc:91:5:[m[K [01;36m[Knote: [m[Kcandidate: ‘[01m[Kstd::basic_ostream<_Ch, _Tr>& std::basic_ostream<_CharT, _Traits>::operator<<(short int) [with _CharT = char; _Traits = std::char_traits<char>][m[K’
[6.112s]    91 |     [01;36m[Kbasic_ostream<_CharT, _Traits>[m[K::
[6.112s]       |     [01;36m[K^~~~~~~~~~~~~~~~~~~~~~~~~~~~~~[m[K
[6.112s] [01m[K/usr/include/c++/11/bits/ostream.tcc:92:22:[m[K [01;36m[Knote: [m[K  no known conversion for argument 1 from ‘[01m[K<unresolved overloaded function type>[m[K’ to ‘[01m[Kshort int[m[K’
[6.112s]    92 |     operator<<([01;36m[Kshort __n[m[K)
[6.112s]       |                [01;36m[K~~~~~~^~~[m[K
[6.112s] In file included from [01m[K/usr/include/c++/11/iostream:39[m[K,
[6.112s]                  from [01m[K/opt/ros/humble/include/rclcpp/rclcpp/executor.hpp:22[m[K,
[6.113s]                  from [01m[K/opt/ros/humble/include/rclcpp/rclcpp/executors/multi_threaded_executor.hpp:25[m[K,
[6.113s]                  from [01m[K/opt/ros/humble/include/rclcpp/rclcpp/executors.hpp:21[m[K,
[6.113s]                  from [01m[K/opt/ros/humble/include/rclcpp/rclcpp/rclcpp.hpp:155[m[K,
[6.113s]                  from [01m[K/home/zbt/Upper-main/rc_interaction/src/model_sbus.cpp:1[m[K:
[6.113s] [01m[K/usr/include/c++/11/ostream:181:7:[m[K [01;36m[Knote: [m[Kcandidate: ‘[01m[Kstd::basic_ostream<_CharT, _Traits>::__ostream_type& std::basic_ostream<_CharT, _Traits>::operator<<(short unsigned int) [with _CharT = char; _Traits = std::char_traits<char>; std::basic_ostream<_CharT, _Traits>::__ostream_type = std::basic_ostream<char>][m[K’
[6.113s]   181 |       [01;36m[Koperator[m[K<<(unsigned short __n)
[6.113s]       |       [01;36m[K^~~~~~~~[m[K
[6.113s] [01m[K/usr/include/c++/11/ostream:181:33:[m[K [01;36m[Knote: [m[K  no known conversion for argument 1 from ‘[01m[K<unresolved overloaded function type>[m[K’ to ‘[01m[Kshort unsigned int[m[K’
[6.113s]   181 |       operator<<([01;36m[Kunsigned short __n[m[K)
[6.113s]       |                  [01;36m[K~~~~~~~~~~~~~~~^~~[m[K
[6.113s] In file included from [01m[K/usr/include/c++/11/ostream:829[m[K,
[6.113s]                  from [01m[K/usr/include/c++/11/iostream:39[m[K,
[6.113s]                  from [01m[K/opt/ros/humble/include/rclcpp/rclcpp/executor.hpp:22[m[K,
[6.113s]                  from [01m[K/opt/ros/humble/include/rclcpp/rclcpp/executors/multi_threaded_executor.hpp:25[m[K,
[6.113s]                  from [01m[K/opt/ros/humble/include/rclcpp/rclcpp/executors.hpp:21[m[K,
[6.113s]                  from [01m[K/opt/ros/humble/include/rclcpp/rclcpp/rclcpp.hpp:155[m[K,
[6.113s]                  from [01m[K/home/zbt/Upper-main/rc_interaction/src/model_sbus.cpp:1[m[K:
[6.113s] [01m[K/usr/include/c++/11/bits/ostream.tcc:105:5:[m[K [01;36m[Knote: [m[Kcandidate: ‘[01m[Kstd::basic_ostream<_Ch, _Tr>& std::basic_ostream<_CharT, _Traits>::operator<<(int) [with _CharT = char; _Traits = std::char_traits<char>][m[K’
[6.113s]   105 |     [01;36m[Kbasic_ostream<_CharT, _Traits>[m[K::
[6.113s]       |     [01;36m[K^~~~~~~~~~~~~~~~~~~~~~~~~~~~~~[m[K
[6.113s] [01m[K/usr/include/c++/11/bits/ostream.tcc:106:20:[m[K [01;36m[Knote: [m[K  no known conversion for argument 1 from ‘[01m[K<unresolved overloaded function type>[m[K’ to ‘[01m[Kint[m[K’
[6.113s]   106 |     operator<<([01;36m[Kint __n[m[K)
[6.113s]       |                [01;36m[K~~~~^~~[m[K
[6.113s] In file included from [01m[K/usr/include/c++/11/iostream:39[m[K,
[6.113s]                  from [01m[K/opt/ros/humble/include/rclcpp/rclcpp/executor.hpp:22[m[K,
[6.118s]                  from [01m[K/opt/ros/humble/include/rclcpp/rclcpp/executors/multi_threaded_executor.hpp:25[m[K,
[6.119s]                  from [01m[K/opt/ros/humble/include/rclcpp/rclcpp/executors.hpp:21[m[K,
[6.119s]                  from [01m[K/opt/ros/humble/include/rclcpp/rclcpp/rclcpp.hpp:155[m[K,
[6.119s]                  from [01m[K/home/zbt/Upper-main/rc_interaction/src/model_sbus.cpp:1[m[K:
[6.119s] [01m[K/usr/include/c++/11/ostream:192:7:[m[K [01;36m[Knote: [m[Kcandidate: ‘[01m[Kstd::basic_ostream<_CharT, _Traits>::__ostream_type& std::basic_ostream<_CharT, _Traits>::operator<<(unsigned int) [with _CharT = char; _Traits = std::char_traits<char>; std::basic_ostream<_CharT, _Traits>::__ostream_type = std::basic_ostream<char>][m[K’
[6.119s]   192 |       [01;36m[Koperator[m[K<<(unsigned int __n)
[6.119s]       |       [01;36m[K^~~~~~~~[m[K
[6.119s] [01m[K/usr/include/c++/11/ostream:192:31:[m[K [01;36m[Knote: [m[K  no known conversion for argument 1 from ‘[01m[K<unresolved overloaded function type>[m[K’ to ‘[01m[Kunsigned int[m[K’
[6.119s]   192 |       operator<<([01;36m[Kunsigned int __n[m[K)
[6.119s]       |                  [01;36m[K~~~~~~~~~~~~~^~~[m[K
[6.119s] [01m[K/usr/include/c++/11/ostream:201:7:[m[K [01;36m[Knote: [m[Kcandidate: ‘[01m[Kstd::basic_ostream<_CharT, _Traits>::__ostream_type& std::basic_ostream<_CharT, _Traits>::operator<<(long long int) [with _CharT = char; _Traits = std::char_traits<char>; std::basic_ostream<_CharT, _Traits>::__ostream_type = std::basic_ostream<char>][m[K’
[6.119s]   201 |       [01;36m[Koperator[m[K<<(long long __n)
[6.119s]       |       [01;36m[K^~~~~~~~[m[K
[6.119s] [01m[K/usr/include/c++/11/ostream:201:28:[m[K [01;36m[Knote: [m[K  no known conversion for argument 1 from ‘[01m[K<unresolved overloaded function type>[m[K’ to ‘[01m[Klong long int[m[K’
[6.119s]   201 |       operator<<([01;36m[Klong long __n[m[K)
[6.119s]       |                  [01;36m[K~~~~~~~~~~^~~[m[K
[6.119s] [01m[K/usr/include/c++/11/ostream:205:7:[m[K [01;36m[Knote: [m[Kcandidate: ‘[01m[Kstd::basic_ostream<_CharT, _Traits>::__ostream_type& std::basic_ostream<_CharT, _Traits>::operator<<(long long unsigned int) [with _CharT = char; _Traits = std::char_traits<char>; std::basic_ostream<_CharT, _Traits>::__ostream_type = std::basic_ostream<char>][m[K’
[6.119s]   205 |       [01;36m[Koperator[m[K<<(unsigned long long __n)
[6.119s]       |       [01;36m[K^~~~~~~~[m[K
[6.119s] [01m[K/usr/include/c++/11/ostream:205:37:[m[K [01;36m[Knote: [m[K  no known conversion for argument 1 from ‘[01m[K<unresolved overloaded function type>[m[K’ to ‘[01m[Klong long unsigned int[m[K’
[6.119s]   205 |       operator<<([01;36m[Kunsigned long long __n[m[K)
[6.119s]       |                  [01;36m[K~~~~~~~~~~~~~~~~~~~^~~[m[K
[6.119s] [01m[K/usr/include/c++/11/ostream:220:7:[m[K [01;36m[Knote: [m[Kcandidate: ‘[01m[Kstd::basic_ostream<_CharT, _Traits>::__ostream_type& std::basic_ostream<_CharT, _Traits>::operator<<(double) [with _CharT = char; _Traits = std::char_traits<char>; std::basic_ostream<_CharT, _Traits>::__ostream_type = std::basic_ostream<char>][m[K’
[6.119s]   220 |       [01;36m[Koperator[m[K<<(double __f)
[6.119s]       |       [01;36m[K^~~~~~~~[m[K
[6.120s] [01m[K/usr/include/c++/11/ostream:220:25:[m[K [01;36m[Knote: [m[K  no known conversion for argument 1 from ‘[01m[K<unresolved overloaded function type>[m[K’ to ‘[01m[Kdouble[m[K’
[6.120s]   220 |       operator<<([01;36m[Kdouble __f[m[K)
[6.120s]       |                  [01;36m[K~~~~~~~^~~[m[K
[6.120s] [01m[K/usr/include/c++/11/ostream:224:7:[m[K [01;36m[Knote: [m[Kcandidate: ‘[01m[Kstd::basic_ostream<_CharT, _Traits>::__ostream_type& std::basic_ostream<_CharT, _Traits>::operator<<(float) [with _CharT = char; _Traits = std::char_traits<char>; std::basic_ostream<_CharT, _Traits>::__ostream_type = std::basic_ostream<char>][m[K’
[6.120s]   224 |       [01;36m[Koperator[m[K<<(float __f)
[6.120s]       |       [01;36m[K^~~~~~~~[m[K
[6.120s] [01m[K/usr/include/c++/11/ostream:224:24:[m[K [01;36m[Knote: [m[K  no known conversion for argument 1 from ‘[01m[K<unresolved overloaded function type>[m[K’ to ‘[01m[Kfloat[m[K’
[6.120s]   224 |       operator<<([01;36m[Kfloat __f[m[K)
[6.120s]       |                  [01;36m[K~~~~~~^~~[m[K
[6.120s] [01m[K/usr/include/c++/11/ostream:232:7:[m[K [01;36m[Knote: [m[Kcandidate: ‘[01m[Kstd::basic_ostream<_CharT, _Traits>::__ostream_type& std::basic_ostream<_CharT, _Traits>::operator<<(long double) [with _CharT = char; _Traits = std::char_traits<char>; std::basic_ostream<_CharT, _Traits>::__ostream_type = std::basic_ostream<char>][m[K’
[6.120s]   232 |       [01;36m[Koperator[m[K<<(long double __f)
[6.120s]       |       [01;36m[K^~~~~~~~[m[K
[6.120s] [01m[K/usr/include/c++/11/ostream:232:30:[m[K [01;36m[Knote: [m[K  no known conversion for argument 1 from ‘[01m[K<unresolved overloaded function type>[m[K’ to ‘[01m[Klong double[m[K’
[6.120s]   232 |       operator<<([01;36m[Klong double __f[m[K)
[6.120s]       |                  [01;36m[K~~~~~~~~~~~~^~~[m[K
[6.120s] [01m[K/usr/include/c++/11/ostream:245:7:[m[K [01;36m[Knote: [m[Kcandidate: ‘[01m[Kstd::basic_ostream<_CharT, _Traits>::__ostream_type& std::basic_ostream<_CharT, _Traits>::operator<<(const void*) [with _CharT = char; _Traits = std::char_traits<char>; std::basic_ostream<_CharT, _Traits>::__ostream_type = std::basic_ostream<char>][m[K’
[6.120s]   245 |       [01;36m[Koperator[m[K<<(const void* __p)
[6.120s]       |       [01;36m[K^~~~~~~~[m[K
[6.120s] [01m[K/usr/include/c++/11/ostream:245:30:[m[K [01;36m[Knote: [m[K  no known conversion for argument 1 from ‘[01m[K<unresolved overloaded function type>[m[K’ to ‘[01m[Kconst void*[m[K’
[6.120s]   245 |       operator<<([01;36m[Kconst void* __p[m[K)
[6.120s]       |                  [01;36m[K~~~~~~~~~~~~^~~[m[K
[6.120s] [01m[K/usr/include/c++/11/ostream:250:7:[m[K [01;36m[Knote: [m[Kcandidate: ‘[01m[Kstd::basic_ostream<_CharT, _Traits>::__ostream_type& std::basic_ostream<_CharT, _Traits>::operator<<(std::nullptr_t) [with _CharT = char; _Traits = std::char_traits<char>; std::basic_ostream<_CharT, _Traits>::__ostream_type = std::basic_ostream<char>; std::nullptr_t = std::nullptr_t][m[K’
[6.120s]   250 |       [01;36m[Koperator[m[K<<(nullptr_t)
[6.120s]       |       [01;36m[K^~~~~~~~[m[K
[6.120s] [01m[K/usr/include/c++/11/ostream:250:18:[m[K [01;36m[Knote: [m[K  no known conversion for argument 1 from ‘[01m[K<unresolved overloaded function type>[m[K’ to ‘[01m[Kstd::nullptr_t[m[K’
[6.120s]   250 |       operator<<([01;36m[Knullptr_t[m[K)
[6.120s]       |                  [01;36m[K^~~~~~~~~[m[K
[6.120s] In file included from [01m[K/usr/include/c++/11/ostream:829[m[K,
[6.120s]                  from [01m[K/usr/include/c++/11/iostream:39[m[K,
[6.120s]                  from [01m[K/opt/ros/humble/include/rclcpp/rclcpp/executor.hpp:22[m[K,
[6.120s]                  from [01m[K/opt/ros/humble/include/rclcpp/rclcpp/executors/multi_threaded_executor.hpp:25[m[K,
[6.120s]                  from [01m[K/opt/ros/humble/include/rclcpp/rclcpp/executors.hpp:21[m[K,
[6.120s]                  from [01m[K/opt/ros/humble/include/rclcpp/rclcpp/rclcpp.hpp:155[m[K,
[6.120s]                  from [01m[K/home/zbt/Upper-main/rc_interaction/src/model_sbus.cpp:1[m[K:
[6.120s] [01m[K/usr/include/c++/11/bits/ostream.tcc:119:5:[m[K [01;36m[Knote: [m[Kcandidate: ‘[01m[Kstd::basic_ostream<_Ch, _Tr>& std::basic_ostream<_CharT, _Traits>::operator<<(std::basic_ostream<_CharT, _Traits>::__streambuf_type*) [with _CharT = char; _Traits = std::char_traits<char>; std::basic_ostream<_CharT, _Traits>::__streambuf_type = std::basic_streambuf<char>][m[K’
[6.120s]   119 |     [01;36m[Kbasic_ostream<_CharT, _Traits>[m[K::
[6.120s]       |     [01;36m[K^~~~~~~~~~~~~~~~~~~~~~~~~~~~~~[m[K
[6.120s] [01m[K/usr/include/c++/11/bits/ostream.tcc:120:34:[m[K [01;36m[Knote: [m[K  no known conversion for argument 1 from ‘[01m[K<unresolved overloaded function type>[m[K’ to ‘[01m[Kstd::basic_ostream<char>::__streambuf_type*[m[K’ {aka ‘[01m[Kstd::basic_streambuf<char>*[m[K’}
[6.120s]   120 |     operator<<([01;36m[K__streambuf_type* __sbin[m[K)
[6.125s]       |                [01;36m[K~~~~~~~~~~~~~~~~~~^~~~~~[m[K
[6.125s] In file included from [01m[K/home/zbt/Upper-main/rc_interaction/include/rc_interaction/xbox360_node.hpp:34[m[K,
[6.125s]                  from [01m[K/home/zbt/Upper-main/rc_interaction/src/model_sbus.cpp:3[m[K:
[6.125s] [01m[K/home/zbt/Upper-main/rc_interaction/include/rc_interaction/utils.hpp:6:15:[m[K [01;36m[Knote: [m[Kcandidate: ‘[01m[Ktemplate<class T> std::ostream& operator<<(std::ostream&, std::vector<BufferT>&)[m[K’
[6.125s]     6 | std::ostream &[01;36m[Koperator[m[K<<(std::ostream &os, std::vector<T> &__vec) {
[6.125s]       |               [01;36m[K^~~~~~~~[m[K
[6.125s] [01m[K/home/zbt/Upper-main/rc_interaction/include/rc_interaction/utils.hpp:6:15:[m[K [01;36m[Knote: [m[K  template argument deduction/substitution failed:
[6.125s] In file included from [01m[K/home/zbt/Upper-main/rc_interaction/src/model_sbus.cpp:4[m[K:
[6.125s] [01m[K/home/zbt/Upper-main/rc_interaction/include/rc_interaction/sbus_node.hpp:216:34:[m[K [01;36m[Knote: [m[K  couldn’t deduce template parameter ‘[01m[KT[m[K’
[6.126s]   216 |       cout<<vel_.twist.linear.y<<[01;36m[Kend[m[K;
[6.126s]       |                                  [01;36m[K^~~[m[K
[6.126s] In file included from [01m[K/usr/include/c++/11/memory:77[m[K,
[6.126s]                  from [01m[K/opt/ros/humble/include/rclcpp/rclcpp/rclcpp.hpp:153[m[K,
[6.126s]                  from [01m[K/home/zbt/Upper-main/rc_interaction/src/model_sbus.cpp:1[m[K:
[6.126s] [01m[K/usr/include/c++/11/bits/shared_ptr.h:70:5:[m[K [01;36m[Knote: [m[Kcandidate: ‘[01m[Ktemplate<class _Ch, class _Tr, class _Tp, __gnu_cxx::_Lock_policy _Lp> std::basic_ostream<_Ch, _Tr>& std::operator<<(std::basic_ostream<_Ch, _Tr>&, const std::__shared_ptr<_Tp, _Lp>&)[m[K’
[6.126s]    70 |     [01;36m[Koperator[m[K<<(std::basic_ostream<_Ch, _Tr>& __os,
[6.126s]       |     [01;36m[K^~~~~~~~[m[K
[6.126s] [01m[K/usr/include/c++/11/bits/shared_ptr.h:70:5:[m[K [01;36m[Knote: [m[K  template argument deduction/substitution failed:
[6.126s] In file included from [01m[K/home/zbt/Upper-main/rc_interaction/src/model_sbus.cpp:4[m[K:
[6.126s] [01m[K/home/zbt/Upper-main/rc_interaction/include/rc_interaction/sbus_node.hpp:216:34:[m[K [01;36m[Knote: [m[K  couldn’t deduce template parameter ‘[01m[K_Tp[m[K’
[6.126s]   216 |       cout<<vel_.twist.linear.y<<[01;36m[Kend[m[K;
[6.126s]       |                                  [01;36m[K^~~[m[K
[6.126s] In file included from [01m[K/usr/include/c++/11/bits/basic_string.h:48[m[K,
[6.126s]                  from [01m[K/usr/include/c++/11/string:55[m[K,
[6.126s]                  from [01m[K/usr/include/c++/11/stdexcept:39[m[K,
[6.126s]                  from [01m[K/usr/include/c++/11/system_error:41[m[K,
[6.126s]                  from [01m[K/usr/include/c++/11/mutex:42[m[K,
[6.126s]                  from [01m[K/usr/include/c++/11/future:38[m[K,
[6.126s]                  from [01m[K/opt/ros/humble/include/rclcpp/rclcpp/executors.hpp:18[m[K,
[6.126s]                  from [01m[K/opt/ros/humble/include/rclcpp/rclcpp/rclcpp.hpp:155[m[K,
[6.126s]                  from [01m[K/home/zbt/Upper-main/rc_interaction/src/model_sbus.cpp:1[m[K:
[6.126s] [01m[K/usr/include/c++/11/string_view:667:5:[m[K [01;36m[Knote: [m[Kcandidate: ‘[01m[Kstd::basic_ostream<_Ch, _Tr>& std::operator<<(std::basic_ostream<_Ch, _Tr>&, std::basic_string_view<_CharT, _Traits>) [with _CharT = char; _Traits = std::char_traits<char>][m[K’
[6.126s]   667 |     [01;36m[Koperator[m[K<<(basic_ostream<_CharT, _Traits>& __os,
[6.126s]       |     [01;36m[K^~~~~~~~[m[K
[6.126s] [01m[K/usr/include/c++/11/string_view:668:50:[m[K [01;36m[Knote: [m[K  no known conversion for argument 2 from ‘[01m[K<unresolved overloaded function type>[m[K’ to ‘[01m[Kstd::basic_string_view<char>[m[K’
[6.126s]   668 |                [01;36m[Kbasic_string_view<_CharT,_Traits> __str[m[K)
[6.126s]       |                [01;36m[K~~~~~~~~~~~~~~~~~~~~~~~~~~~~~~~~~~^~~~~[m[K
[6.126s] In file included from [01m[K/usr/include/c++/11/string:55[m[K,
[6.126s]                  from [01m[K/usr/include/c++/11/stdexcept:39[m[K,
[6.126s]                  from [01m[K/usr/include/c++/11/system_error:41[m[K,
[6.126s]                  from [01m[K/usr/include/c++/11/mutex:42[m[K,
[6.126s]                  from [01m[K/usr/include/c++/11/future:38[m[K,
[6.126s]                  from [01m[K/opt/ros/humble/include/rclcpp/rclcpp/executors.hpp:18[m[K,
[6.126s]                  from [01m[K/opt/ros/humble/include/rclcpp/rclcpp/rclcpp.hpp:155[m[K,
[6.126s]                  from [01m[K/home/zbt/Upper-main/rc_interaction/src/model_sbus.cpp:1[m[K:
[6.126s] [01m[K/usr/include/c++/11/bits/basic_string.h:6531:5:[m[K [01;36m[Knote: [m[Kcandidate: ‘[01m[Ktemplate<class _CharT, class _Traits, class _Alloc> std::basic_ostream<_Ch, _Tr>& std::operator<<(std::basic_ostream<_Ch, _Tr>&, const std::__cxx11::basic_string<_CharT, _Traits, _Allocator>&)[m[K’
[6.126s]  6531 |     [01;36m[Koperator[m[K<<(basic_ostream<_CharT, _Traits>& __os,
[6.126s]       |     [01;36m[K^~~~~~~~[m[K
[6.126s] [01m[K/usr/include/c++/11/bits/basic_string.h:6531:5:[m[K [01;36m[Knote: [m[K  template argument deduction/substitution failed:
[6.126s] In file included from [01m[K/home/zbt/Upper-main/rc_interaction/src/model_sbus.cpp:4[m[K:
[6.127s] [01m[K/home/zbt/Upper-main/rc_interaction/include/rc_interaction/sbus_node.hpp:216:34:[m[K [01;36m[Knote: [m[K  couldn’t deduce template parameter ‘[01m[K_Alloc[m[K’
[6.127s]   216 |       cout<<vel_.twist.linear.y<<[01;36m[Kend[m[K;
[6.127s]       |                                  [01;36m[K^~~[m[K
[6.127s] In file included from [01m[K/usr/include/c++/11/mutex:42[m[K,
[6.127s]                  from [01m[K/usr/include/c++/11/future:38[m[K,
[6.127s]                  from [01m[K/opt/ros/humble/include/rclcpp/rclcpp/executors.hpp:18[m[K,
[6.127s]                  from [01m[K/opt/ros/humble/include/rclcpp/rclcpp/rclcpp.hpp:155[m[K,
[6.127s]                  from [01m[K/home/zbt/Upper-main/rc_interaction/src/model_sbus.cpp:1[m[K:
[6.127s] [01m[K/usr/include/c++/11/system_error:279:5:[m[K [01;36m[Knote: [m[Kcandidate: ‘[01m[Ktemplate<class _CharT, class _Traits> std::basic_ostream<_Ch, _Tr>& std::operator<<(std::basic_ostream<_Ch, _Tr>&, const std::error_code&)[m[K’
[6.127s]   279 |     [01;36m[Koperator[m[K<<(basic_ostream<_CharT, _Traits>& __os, const error_code& __e)
[6.127s]       |     [01;36m[K^~~~~~~~[m[K
[6.127s] [01m[K/usr/include/c++/11/system_error:279:5:[m[K [01;36m[Knote: [m[K  template argument deduction/substitution failed:
[6.127s] In file included from [01m[K/home/zbt/Upper-main/rc_interaction/src/model_sbus.cpp:4[m[K:
[6.127s] [01m[K/home/zbt/Upper-main/rc_interaction/include/rc_interaction/sbus_node.hpp:216:34:[m[K [01;36m[Knote: [m[K  cannot convert ‘[01m[Kstd::end[m[K’ (type ‘[01m[K<unresolved overloaded function type>[m[K’) to type ‘[01m[Kconst std::error_code&[m[K’
[6.127s]   216 |       cout<<vel_.twist.linear.y<<[01;36m[Kend[m[K;
[6.127s]       |                                  [01;36m[K^~~[m[K
[6.139s] In file included from [01m[K/opt/ros/humble/include/rclcpp/rclcpp/executors/multi_threaded_executor.hpp:22[m[K,
[6.139s]                  from [01m[K/opt/ros/humble/include/rclcpp/rclcpp/executors.hpp:21[m[K,
[6.139s]                  from [01m[K/opt/ros/humble/include/rclcpp/rclcpp/rclcpp.hpp:155[m[K,
[6.139s]                  from [01m[K/home/zbt/Upper-main/rc_interaction/src/model_sbus.cpp:1[m[K:
[6.139s] [01m[K/usr/include/c++/11/thread:92:5:[m[K [01;36m[Knote: [m[Kcandidate: ‘[01m[Ktemplate<class _CharT, class _Traits> std::basic_ostream<_Ch, _Tr>& std::operator<<(std::basic_ostream<_Ch, _Tr>&, std::thread::id)[m[K’
[6.139s]    92 |     [01;36m[Koperator[m[K<<(basic_ostream<_CharT, _Traits>& __out, thread::id __id)
[6.139s]       |     [01;36m[K^~~~~~~~[m[K
[6.139s] [01m[K/usr/include/c++/11/thread:92:5:[m[K [01;36m[Knote: [m[K  template argument deduction/substitution failed:
[6.139s] In file included from [01m[K/home/zbt/Upper-main/rc_interaction/src/model_sbus.cpp:4[m[K:
[6.139s] [01m[K/home/zbt/Upper-main/rc_interaction/include/rc_interaction/sbus_node.hpp:216:34:[m[K [01;36m[Knote: [m[K  cannot convert ‘[01m[Kstd::end[m[K’ (type ‘[01m[K<unresolved overloaded function type>[m[K’) to type ‘[01m[Kstd::thread::id[m[K’
[6.139s]   216 |       cout<<vel_.twist.linear.y<<[01;36m[Kend[m[K;
[6.139s]       |                                  [01;36m[K^~~[m[K
[6.139s] In file included from [01m[K/usr/include/c++/11/iostream:39[m[K,
[6.139s]                  from [01m[K/opt/ros/humble/include/rclcpp/rclcpp/executor.hpp:22[m[K,
[6.139s]                  from [01m[K/opt/ros/humble/include/rclcpp/rclcpp/executors/multi_threaded_executor.hpp:25[m[K,
[6.139s]                  from [01m[K/opt/ros/humble/include/rclcpp/rclcpp/executors.hpp:21[m[K,
[6.139s]                  from [01m[K/opt/ros/humble/include/rclcpp/rclcpp/rclcpp.hpp:155[m[K,
[6.139s]                  from [01m[K/home/zbt/Upper-main/rc_interaction/src/model_sbus.cpp:1[m[K:
[6.139s] [01m[K/usr/include/c++/11/ostream:513:5:[m[K [01;36m[Knote: [m[Kcandidate: ‘[01m[Kstd::basic_ostream<_Ch, _Tr>& std::operator<<(std::basic_ostream<_Ch, _Tr>&, _CharT) [with _CharT = char; _Traits = std::char_traits<char>][m[K’
[6.139s]   513 |     [01;36m[Koperator[m[K<<(basic_ostream<_CharT, _Traits>& __out, _CharT __c)
[6.139s]       |     [01;36m[K^~~~~~~~[m[K
[6.139s] [01m[K/usr/include/c++/11/ostream:513:62:[m[K [01;36m[Knote: [m[K  no known conversion for argument 2 from ‘[01m[K<unresolved overloaded function type>[m[K’ to ‘[01m[Kchar[m[K’
[6.139s]   513 |     operator<<(basic_ostream<_CharT, _Traits>& __out, [01;36m[K_CharT __c[m[K)
[6.139s]       |                                                       [01;36m[K~~~~~~~^~~[m[K
[6.139s] [01m[K/usr/include/c++/11/ostream:518:5:[m[K [01;36m[Knote: [m[Kcandidate: ‘[01m[Ktemplate<class _CharT, class _Traits> std::basic_ostream<_Ch, _Tr>& std::operator<<(std::basic_ostream<_Ch, _Tr>&, char)[m[K’
[6.139s]   518 |     [01;36m[Koperator[m[K<<(basic_ostream<_CharT, _Traits>& __out, char __c)
[6.139s]       |     [01;36m[K^~~~~~~~[m[K
[6.139s] [01m[K/usr/include/c++/11/ostream:518:5:[m[K [01;36m[Knote: [m[K  template argument deduction/substitution failed:
[6.139s] In file included from [01m[K/home/zbt/Upper-main/rc_interaction/src/model_sbus.cpp:4[m[K:
[6.139s] [01m[K/home/zbt/Upper-main/rc_interaction/include/rc_interaction/sbus_node.hpp:216:34:[m[K [01;36m[Knote: [m[K  cannot convert ‘[01m[Kstd::end[m[K’ (type ‘[01m[K<unresolved overloaded function type>[m[K’) to type ‘[01m[Kchar[m[K’
[6.139s]   216 |       cout<<vel_.twist.linear.y<<[01;36m[Kend[m[K;
[6.139s]       |                                  [01;36m[K^~~[m[K
[6.140s] In file included from [01m[K/usr/include/c++/11/iostream:39[m[K,
[6.140s]                  from [01m[K/opt/ros/humble/include/rclcpp/rclcpp/executor.hpp:22[m[K,
[6.140s]                  from [01m[K/opt/ros/humble/include/rclcpp/rclcpp/executors/multi_threaded_executor.hpp:25[m[K,
[6.140s]                  from [01m[K/opt/ros/humble/include/rclcpp/rclcpp/executors.hpp:21[m[K,
[6.140s]                  from [01m[K/opt/ros/humble/include/rclcpp/rclcpp/rclcpp.hpp:155[m[K,
[6.140s]                  from [01m[K/home/zbt/Upper-main/rc_interaction/src/model_sbus.cpp:1[m[K:
[6.140s] [01m[K/usr/include/c++/11/ostream:524:5:[m[K [01;36m[Knote: [m[Kcandidate: ‘[01m[Ktemplate<class _Traits> std::basic_ostream<char, _Traits>& std::operator<<(std::basic_ostream<char, _Traits>&, char)[m[K’
[6.140s]   524 |     [01;36m[Koperator[m[K<<(basic_ostream<char, _Traits>& __out, char __c)
[6.140s]       |     [01;36m[K^~~~~~~~[m[K
[6.140s] [01m[K/usr/include/c++/11/ostream:524:5:[m[K [01;36m[Knote: [m[K  template argument deduction/substitution failed:
[6.140s] In file included from [01m[K/home/zbt/Upper-main/rc_interaction/src/model_sbus.cpp:4[m[K:
[6.140s] [01m[K/home/zbt/Upper-main/rc_interaction/include/rc_interaction/sbus_node.hpp:216:34:[m[K [01;36m[Knote: [m[K  cannot convert ‘[01m[Kstd::end[m[K’ (type ‘[01m[K<unresolved overloaded function type>[m[K’) to type ‘[01m[Kchar[m[K’
[6.140s]   216 |       cout<<vel_.twist.linear.y<<[01;36m[Kend[m[K;
[6.140s]       |                                  [01;36m[K^~~[m[K
[6.140s] In file included from [01m[K/usr/include/c++/11/iostream:39[m[K,
[6.140s]                  from [01m[K/opt/ros/humble/include/rclcpp/rclcpp/executor.hpp:22[m[K,
[6.140s]                  from [01m[K/opt/ros/humble/include/rclcpp/rclcpp/executors/multi_threaded_executor.hpp:25[m[K,
[6.140s]                  from [01m[K/opt/ros/humble/include/rclcpp/rclcpp/executors.hpp:21[m[K,
[6.140s]                  from [01m[K/opt/ros/humble/include/rclcpp/rclcpp/rclcpp.hpp:155[m[K,
[6.140s]                  from [01m[K/home/zbt/Upper-main/rc_interaction/src/model_sbus.cpp:1[m[K:
[6.140s] [01m[K/usr/include/c++/11/ostream:530:5:[m[K [01;36m[Knote: [m[Kcandidate: ‘[01m[Ktemplate<class _Traits> std::basic_ostream<char, _Traits>& std::operator<<(std::basic_ostream<char, _Traits>&, signed char)[m[K’
[6.140s]   530 |     [01;36m[Koperator[m[K<<(basic_ostream<char, _Traits>& __out, signed char __c)
[6.140s]       |     [01;36m[K^~~~~~~~[m[K
[6.140s] [01m[K/usr/include/c++/11/ostream:530:5:[m[K [01;36m[Knote: [m[K  template argument deduction/substitution failed:
[6.140s] In file included from [01m[K/home/zbt/Upper-main/rc_interaction/src/model_sbus.cpp:4[m[K:
[6.140s] [01m[K/home/zbt/Upper-main/rc_interaction/include/rc_interaction/sbus_node.hpp:216:34:[m[K [01;36m[Knote: [m[K  cannot convert ‘[01m[Kstd::end[m[K’ (type ‘[01m[K<unresolved overloaded function type>[m[K’) to type ‘[01m[Ksigned char[m[K’
[6.140s]   216 |       cout<<vel_.twist.linear.y<<[01;36m[Kend[m[K;
[6.140s]       |                                  [01;36m[K^~~[m[K
[6.140s] In file included from [01m[K/usr/include/c++/11/iostream:39[m[K,
[6.140s]                  from [01m[K/opt/ros/humble/include/rclcpp/rclcpp/executor.hpp:22[m[K,
[6.140s]                  from [01m[K/opt/ros/humble/include/rclcpp/rclcpp/executors/multi_threaded_executor.hpp:25[m[K,
[6.140s]                  from [01m[K/opt/ros/humble/include/rclcpp/rclcpp/executors.hpp:21[m[K,
[6.140s]                  from [01m[K/opt/ros/humble/include/rclcpp/rclcpp/rclcpp.hpp:155[m[K,
[6.140s]                  from [01m[K/home/zbt/Upper-main/rc_interaction/src/model_sbus.cpp:1[m[K:
[6.140s] [01m[K/usr/include/c++/11/ostream:535:5:[m[K [01;36m[Knote: [m[Kcandidate: ‘[01m[Ktemplate<class _Traits> std::basic_ostream<char, _Traits>& std::operator<<(std::basic_ostream<char, _Traits>&, unsigned char)[m[K’
[6.140s]   535 |     [01;36m[Koperator[m[K<<(basic_ostream<char, _Traits>& __out, unsigned char __c)
[6.140s]       |     [01;36m[K^~~~~~~~[m[K
[6.140s] [01m[K/usr/include/c++/11/ostream:535:5:[m[K [01;36m[Knote: [m[K  template argument deduction/substitution failed:
[6.140s] In file included from [01m[K/home/zbt/Upper-main/rc_interaction/src/model_sbus.cpp:4[m[K:
[6.140s] [01m[K/home/zbt/Upper-main/rc_interaction/include/rc_interaction/sbus_node.hpp:216:34:[m[K [01;36m[Knote: [m[K  cannot convert ‘[01m[Kstd::end[m[K’ (type ‘[01m[K<unresolved overloaded function type>[m[K’) to type ‘[01m[Kunsigned char[m[K’
[6.140s]   216 |       cout<<vel_.twist.linear.y<<[01;36m[Kend[m[K;
[6.141s]       |                                  [01;36m[K^~~[m[K
[6.141s] In file included from [01m[K/usr/include/c++/11/iostream:39[m[K,
[6.141s]                  from [01m[K/opt/ros/humble/include/rclcpp/rclcpp/executor.hpp:22[m[K,
[6.141s]                  from [01m[K/opt/ros/humble/include/rclcpp/rclcpp/executors/multi_threaded_executor.hpp:25[m[K,
[6.146s]                  from [01m[K/opt/ros/humble/include/rclcpp/rclcpp/executors.hpp:21[m[K,
[6.146s]                  from [01m[K/opt/ros/humble/include/rclcpp/rclcpp/rclcpp.hpp:155[m[K,
[6.146s]                  from [01m[K/home/zbt/Upper-main/rc_interaction/src/model_sbus.cpp:1[m[K:
[6.146s] [01m[K/usr/include/c++/11/ostream:594:5:[m[K [01;36m[Knote: [m[Kcandidate: ‘[01m[Kstd::basic_ostream<_Ch, _Tr>& std::operator<<(std::basic_ostream<_Ch, _Tr>&, const _CharT*) [with _CharT = char; _Traits = std::char_traits<char>][m[K’
[6.146s]   594 |     [01;36m[Koperator[m[K<<(basic_ostream<_CharT, _Traits>& __out, const _CharT* __s)
[6.146s]       |     [01;36m[K^~~~~~~~[m[K
[6.146s] [01m[K/usr/include/c++/11/ostream:594:69:[m[K [01;36m[Knote: [m[K  no known conversion for argument 2 from ‘[01m[K<unresolved overloaded function type>[m[K’ to ‘[01m[Kconst char*[m[K’
[6.146s]   594 |     operator<<(basic_ostream<_CharT, _Traits>& __out, [01;36m[Kconst _CharT* __s[m[K)
[6.146s]       |                                                       [01;36m[K~~~~~~~~~~~~~~^~~[m[K
[6.146s] In file included from [01m[K/usr/include/c++/11/ostream:829[m[K,
[6.146s]                  from [01m[K/usr/include/c++/11/iostream:39[m[K,
[6.146s]                  from [01m[K/opt/ros/humble/include/rclcpp/rclcpp/executor.hpp:22[m[K,
[6.146s]                  from [01m[K/opt/ros/humble/include/rclcpp/rclcpp/executors/multi_threaded_executor.hpp:25[m[K,
[6.146s]                  from [01m[K/opt/ros/humble/include/rclcpp/rclcpp/executors.hpp:21[m[K,
[6.146s]                  from [01m[K/opt/ros/humble/include/rclcpp/rclcpp/rclcpp.hpp:155[m[K,
[6.146s]                  from [01m[K/home/zbt/Upper-main/rc_interaction/src/model_sbus.cpp:1[m[K:
[6.146s] [01m[K/usr/include/c++/11/bits/ostream.tcc:321:5:[m[K [01;36m[Knote: [m[Kcandidate: ‘[01m[Ktemplate<class _CharT, class _Traits> std::basic_ostream<_Ch, _Tr>& std::operator<<(std::basic_ostream<_Ch, _Tr>&, const char*)[m[K’
[6.146s]   321 |     [01;36m[Koperator[m[K<<(basic_ostream<_CharT, _Traits>& __out, const char* __s)
[6.146s]       |     [01;36m[K^~~~~~~~[m[K
[6.146s] [01m[K/usr/include/c++/11/bits/ostream.tcc:321:5:[m[K [01;36m[Knote: [m[K  template argument deduction/substitution failed:
[6.146s] In file included from [01m[K/home/zbt/Upper-main/rc_interaction/src/model_sbus.cpp:4[m[K:
[6.146s] [01m[K/home/zbt/Upper-main/rc_interaction/include/rc_interaction/sbus_node.hpp:216:34:[m[K [01;36m[Knote: [m[K  cannot convert ‘[01m[Kstd::end[m[K’ (type ‘[01m[K<unresolved overloaded function type>[m[K’) to type ‘[01m[Kconst char*[m[K’
[6.146s]   216 |       cout<<vel_.twist.linear.y<<[01;36m[Kend[m[K;
[6.146s]       |                                  [01;36m[K^~~[m[K
[6.146s] In file included from [01m[K/usr/include/c++/11/iostream:39[m[K,
[6.146s]                  from [01m[K/opt/ros/humble/include/rclcpp/rclcpp/executor.hpp:22[m[K,
[6.146s]                  from [01m[K/opt/ros/humble/include/rclcpp/rclcpp/executors/multi_threaded_executor.hpp:25[m[K,
[6.147s]                  from [01m[K/opt/ros/humble/include/rclcpp/rclcpp/executors.hpp:21[m[K,
[6.147s]                  from [01m[K/opt/ros/humble/include/rclcpp/rclcpp/rclcpp.hpp:155[m[K,
[6.147s]                  from [01m[K/home/zbt/Upper-main/rc_interaction/src/model_sbus.cpp:1[m[K:
[6.147s] [01m[K/usr/include/c++/11/ostream:611:5:[m[K [01;36m[Knote: [m[Kcandidate: ‘[01m[Ktemplate<class _Traits> std::basic_ostream<char, _Traits>& std::operator<<(std::basic_ostream<char, _Traits>&, const char*)[m[K’
[6.147s]   611 |     [01;36m[Koperator[m[K<<(basic_ostream<char, _Traits>& __out, const char* __s)
[6.147s]       |     [01;36m[K^~~~~~~~[m[K
[6.147s] [01m[K/usr/include/c++/11/ostream:611:5:[m[K [01;36m[Knote: [m[K  template argument deduction/substitution failed:
[6.147s] In file included from [01m[K/home/zbt/Upper-main/rc_interaction/src/model_sbus.cpp:4[m[K:
[6.147s] [01m[K/home/zbt/Upper-main/rc_interaction/include/rc_interaction/sbus_node.hpp:216:34:[m[K [01;36m[Knote: [m[K  cannot convert ‘[01m[Kstd::end[m[K’ (type ‘[01m[K<unresolved overloaded function type>[m[K’) to type ‘[01m[Kconst char*[m[K’
[6.147s]   216 |       cout<<vel_.twist.linear.y<<[01;36m[Kend[m[K;
[6.147s]       |                                  [01;36m[K^~~[m[K
[6.147s] In file included from [01m[K/usr/include/c++/11/iostream:39[m[K,
[6.147s]                  from [01m[K/opt/ros/humble/include/rclcpp/rclcpp/executor.hpp:22[m[K,
[6.147s]                  from [01m[K/opt/ros/humble/include/rclcpp/rclcpp/executors/multi_threaded_executor.hpp:25[m[K,
[6.147s]                  from [01m[K/opt/ros/humble/include/rclcpp/rclcpp/executors.hpp:21[m[K,
[6.147s]                  from [01m[K/opt/ros/humble/include/rclcpp/rclcpp/rclcpp.hpp:155[m[K,
[6.147s]                  from [01m[K/home/zbt/Upper-main/rc_interaction/src/model_sbus.cpp:1[m[K:
[6.147s] [01m[K/usr/include/c++/11/ostream:624:5:[m[K [01;36m[Knote: [m[Kcandidate: ‘[01m[Ktemplate<class _Traits> std::basic_ostream<char, _Traits>& std::operator<<(std::basic_ostream<char, _Traits>&, const signed char*)[m[K’
[6.147s]   624 |     [01;36m[Koperator[m[K<<(basic_ostream<char, _Traits>& __out, const signed char* __s)
[6.147s]       |     [01;36m[K^~~~~~~~[m[K
[6.147s] [01m[K/usr/include/c++/11/ostream:624:5:[m[K [01;36m[Knote: [m[K  template argument deduction/substitution failed:
[6.147s] In file included from [01m[K/home/zbt/Upper-main/rc_interaction/src/model_sbus.cpp:4[m[K:
[6.147s] [01m[K/home/zbt/Upper-main/rc_interaction/include/rc_interaction/sbus_node.hpp:216:34:[m[K [01;36m[Knote: [m[K  cannot convert ‘[01m[Kstd::end[m[K’ (type ‘[01m[K<unresolved overloaded function type>[m[K’) to type ‘[01m[Kconst signed char*[m[K’
[6.147s]   216 |       cout<<vel_.twist.linear.y<<[01;36m[Kend[m[K;
[6.147s]       |                                  [01;36m[K^~~[m[K
[6.147s] In file included from [01m[K/usr/include/c++/11/iostream:39[m[K,
[6.147s]                  from [01m[K/opt/ros/humble/include/rclcpp/rclcpp/executor.hpp:22[m[K,
[6.147s]                  from [01m[K/opt/ros/humble/include/rclcpp/rclcpp/executors/multi_threaded_executor.hpp:25[m[K,
[6.147s]                  from [01m[K/opt/ros/humble/include/rclcpp/rclcpp/executors.hpp:21[m[K,
[6.147s]                  from [01m[K/opt/ros/humble/include/rclcpp/rclcpp/rclcpp.hpp:155[m[K,
[6.147s]                  from [01m[K/home/zbt/Upper-main/rc_interaction/src/model_sbus.cpp:1[m[K:
[6.147s] [01m[K/usr/include/c++/11/ostream:629:5:[m[K [01;36m[Knote: [m[Kcandidate: ‘[01m[Ktemplate<class _Traits> std::basic_ostream<char, _Traits>& std::operator<<(std::basic_ostream<char, _Traits>&, const unsigned char*)[m[K’
[6.147s]   629 |     [01;36m[Koperator[m[K<<(basic_ostream<char, _Traits>& __out, const unsigned char* __s)
[6.147s]       |     [01;36m[K^~~~~~~~[m[K
[6.147s] [01m[K/usr/include/c++/11/ostream:629:5:[m[K [01;36m[Knote: [m[K  template argument deduction/substitution failed:
[6.147s] In file included from [01m[K/home/zbt/Upper-main/rc_interaction/src/model_sbus.cpp:4[m[K:
[6.147s] [01m[K/home/zbt/Upper-main/rc_interaction/include/rc_interaction/sbus_node.hpp:216:34:[m[K [01;36m[Knote: [m[K  cannot convert ‘[01m[Kstd::end[m[K’ (type ‘[01m[K<unresolved overloaded function type>[m[K’) to type ‘[01m[Kconst unsigned char*[m[K’
[6.147s]   216 |       cout<<vel_.twist.linear.y<<[01;36m[Kend[m[K;
[6.147s]       |                                  [01;36m[K^~~[m[K
[6.147s] In file included from [01m[K/usr/include/c++/11/iostream:39[m[K,
[6.147s]                  from [01m[K/opt/ros/humble/include/rclcpp/rclcpp/executor.hpp:22[m[K,
[6.147s]                  from [01m[K/opt/ros/humble/include/rclcpp/rclcpp/executors/multi_threaded_executor.hpp:25[m[K,
[6.148s]                  from [01m[K/opt/ros/humble/include/rclcpp/rclcpp/executors.hpp:21[m[K,
[6.148s]                  from [01m[K/opt/ros/humble/include/rclcpp/rclcpp/rclcpp.hpp:155[m[K,
[6.148s]                  from [01m[K/home/zbt/Upper-main/rc_interaction/src/model_sbus.cpp:1[m[K:
[6.148s] [01m[K/usr/include/c++/11/ostream:750:5:[m[K [01;36m[Knote: [m[Kcandidate: ‘[01m[Ktemplate<class _Ostream, class _Tp> _Ostream&& std::operator<<(_Ostream&&, const _Tp&)[m[K’
[6.148s]   750 |     [01;36m[Koperator[m[K<<(_Ostream&& __os, const _Tp& __x)
[6.148s]       |     [01;36m[K^~~~~~~~[m[K
[6.148s] [01m[K/usr/include/c++/11/ostream:750:5:[m[K [01;36m[Knote: [m[K  template argument deduction/substitution failed:
[6.148s] In file included from [01m[K/home/zbt/Upper-main/rc_interaction/src/model_sbus.cpp:4[m[K:
[6.148s] [01m[K/home/zbt/Upper-main/rc_interaction/include/rc_interaction/sbus_node.hpp:216:34:[m[K [01;36m[Knote: [m[K  couldn’t deduce template parameter ‘[01m[K_Tp[m[K’
[6.148s]   216 |       cout<<vel_.twist.linear.y<<[01;36m[Kend[m[K;
[6.148s]       |                                  [01;36m[K^~~[m[K
[6.148s] In file included from [01m[K/opt/ros/humble/include/rosidl_runtime_cpp/rosidl_runtime_cpp/traits.hpp:19[m[K,
[6.148s]                  from [01m[K/opt/ros/humble/include/builtin_interfaces/builtin_interfaces/msg/detail/duration__traits.hpp:15[m[K,
[6.148s]                  from [01m[K/opt/ros/humble/include/builtin_interfaces/builtin_interfaces/msg/duration.hpp:9[m[K,
[6.148s]                  from [01m[K/opt/ros/humble/include/rclcpp/rclcpp/duration.hpp:20[m[K,
[6.148s]                  from [01m[K/opt/ros/humble/include/rclcpp/rclcpp/qos.hpp:20[m[K,
[6.148s]                  from [01m[K/opt/ros/humble/include/rclcpp/rclcpp/node_interfaces/node_graph_interface.hpp:32[m[K,
[6.148s]                  from [01m[K/opt/ros/humble/include/rclcpp/rclcpp/client.hpp:42[m[K,
[6.148s]                  from [01m[K/opt/ros/humble/include/rclcpp/rclcpp/callback_group.hpp:24[m[K,
[6.148s]                  from [01m[K/opt/ros/humble/include/rclcpp/rclcpp/any_executable.hpp:20[m[K,
[6.148s]                  from [01m[K/opt/ros/humble/include/rclcpp/rclcpp/memory_strategy.hpp:25[m[K,
[6.148s]                  from [01m[K/opt/ros/humble/include/rclcpp/rclcpp/memory_strategies.hpp:18[m[K,
[6.148s]                  from [01m[K/opt/ros/humble/include/rclcpp/rclcpp/executor_options.hpp:20[m[K,
[6.148s]                  from [01m[K/opt/ros/humble/include/rclcpp/rclcpp/executor.hpp:37[m[K,
[6.148s]                  from [01m[K/opt/ros/humble/include/rclcpp/rclcpp/executors/multi_threaded_executor.hpp:25[m[K,
[6.148s]                  from [01m[K/opt/ros/humble/include/rclcpp/rclcpp/executors.hpp:21[m[K,
[6.148s]                  from [01m[K/opt/ros/humble/include/rclcpp/rclcpp/rclcpp.hpp:155[m[K,
[6.148s]                  from [01m[K/home/zbt/Upper-main/rc_interaction/src/model_sbus.cpp:1[m[K:
[6.148s] [01m[K/usr/include/c++/11/iomanip:79:5:[m[K [01;36m[Knote: [m[Kcandidate: ‘[01m[Ktemplate<class _CharT, class _Traits> std::basic_ostream<_Ch, _Tr>& std::operator<<(std::basic_ostream<_Ch, _Tr>&, std::_Resetiosflags)[m[K’
[6.148s]    79 |     [01;36m[Koperator[m[K<<(basic_ostream<_CharT, _Traits>& __os, _Resetiosflags __f)
[6.148s]       |     [01;36m[K^~~~~~~~[m[K
[6.148s] [01m[K/usr/include/c++/11/iomanip:79:5:[m[K [01;36m[Knote: [m[K  template argument deduction/substitution failed:
[6.148s] In file included from [01m[K/home/zbt/Upper-main/rc_interaction/src/model_sbus.cpp:4[m[K:
[6.148s] [01m[K/home/zbt/Upper-main/rc_interaction/include/rc_interaction/sbus_node.hpp:216:34:[m[K [01;36m[Knote: [m[K  cannot convert ‘[01m[Kstd::end[m[K’ (type ‘[01m[K<unresolved overloaded function type>[m[K’) to type ‘[01m[Kstd::_Resetiosflags[m[K’
[6.148s]   216 |       cout<<vel_.twist.linear.y<<[01;36m[Kend[m[K;
[6.148s]       |                                  [01;36m[K^~~[m[K
[6.158s] In file included from [01m[K/opt/ros/humble/include/rosidl_runtime_cpp/rosidl_runtime_cpp/traits.hpp:19[m[K,
[6.158s]                  from [01m[K/opt/ros/humble/include/builtin_interfaces/builtin_interfaces/msg/detail/duration__traits.hpp:15[m[K,
[6.158s]                  from [01m[K/opt/ros/humble/include/builtin_interfaces/builtin_interfaces/msg/duration.hpp:9[m[K,
[6.158s]                  from [01m[K/opt/ros/humble/include/rclcpp/rclcpp/duration.hpp:20[m[K,
[6.158s]                  from [01m[K/opt/ros/humble/include/rclcpp/rclcpp/qos.hpp:20[m[K,
[6.158s]                  from [01m[K/opt/ros/humble/include/rclcpp/rclcpp/node_interfaces/node_graph_interface.hpp:32[m[K,
[6.158s]                  from [01m[K/opt/ros/humble/include/rclcpp/rclcpp/client.hpp:42[m[K,
[6.158s]                  from [01m[K/opt/ros/humble/include/rclcpp/rclcpp/callback_group.hpp:24[m[K,
[6.158s]                  from [01m[K/opt/ros/humble/include/rclcpp/rclcpp/any_executable.hpp:20[m[K,
[6.158s]                  from [01m[K/opt/ros/humble/include/rclcpp/rclcpp/memory_strategy.hpp:25[m[K,
[6.158s]                  from [01m[K/opt/ros/humble/include/rclcpp/rclcpp/memory_strategies.hpp:18[m[K,
[6.158s]                  from [01m[K/opt/ros/humble/include/rclcpp/rclcpp/executor_options.hpp:20[m[K,
[6.158s]                  from [01m[K/opt/ros/humble/include/rclcpp/rclcpp/executor.hpp:37[m[K,
[6.158s]                  from [01m[K/opt/ros/humble/include/rclcpp/rclcpp/executors/multi_threaded_executor.hpp:25[m[K,
[6.158s]                  from [01m[K/opt/ros/humble/include/rclcpp/rclcpp/executors.hpp:21[m[K,
[6.158s]                  from [01m[K/opt/ros/humble/include/rclcpp/rclcpp/rclcpp.hpp:155[m[K,
[6.158s]                  from [01m[K/home/zbt/Upper-main/rc_interaction/src/model_sbus.cpp:1[m[K:
[6.158s] [01m[K/usr/include/c++/11/iomanip:109:5:[m[K [01;36m[Knote: [m[Kcandidate: ‘[01m[Ktemplate<class _CharT, class _Traits> std::basic_ostream<_Ch, _Tr>& std::operator<<(std::basic_ostream<_Ch, _Tr>&, std::_Setiosflags)[m[K’
[6.158s]   109 |     [01;36m[Koperator[m[K<<(basic_ostream<_CharT, _Traits>& __os, _Setiosflags __f)
[6.158s]       |     [01;36m[K^~~~~~~~[m[K
[6.158s] [01m[K/usr/include/c++/11/iomanip:109:5:[m[K [01;36m[Knote: [m[K  template argument deduction/substitution failed:
[6.158s] In file included from [01m[K/home/zbt/Upper-main/rc_interaction/src/model_sbus.cpp:4[m[K:
[6.158s] [01m[K/home/zbt/Upper-main/rc_interaction/include/rc_interaction/sbus_node.hpp:216:34:[m[K [01;36m[Knote: [m[K  cannot convert ‘[01m[Kstd::end[m[K’ (type ‘[01m[K<unresolved overloaded function type>[m[K’) to type ‘[01m[Kstd::_Setiosflags[m[K’
[6.158s]   216 |       cout<<vel_.twist.linear.y<<[01;36m[Kend[m[K;
[6.158s]       |                                  [01;36m[K^~~[m[K
[6.158s] In file included from [01m[K/opt/ros/humble/include/rosidl_runtime_cpp/rosidl_runtime_cpp/traits.hpp:19[m[K,
[6.159s]                  from [01m[K/opt/ros/humble/include/builtin_interfaces/builtin_interfaces/msg/detail/duration__traits.hpp:15[m[K,
[6.159s]                  from [01m[K/opt/ros/humble/include/builtin_interfaces/builtin_interfaces/msg/duration.hpp:9[m[K,
[6.159s]                  from [01m[K/opt/ros/humble/include/rclcpp/rclcpp/duration.hpp:20[m[K,
[6.159s]                  from [01m[K/opt/ros/humble/include/rclcpp/rclcpp/qos.hpp:20[m[K,
[6.159s]                  from [01m[K/opt/ros/humble/include/rclcpp/rclcpp/node_interfaces/node_graph_interface.hpp:32[m[K,
[6.159s]                  from [01m[K/opt/ros/humble/include/rclcpp/rclcpp/client.hpp:42[m[K,
[6.159s]                  from [01m[K/opt/ros/humble/include/rclcpp/rclcpp/callback_group.hpp:24[m[K,
[6.159s]                  from [01m[K/opt/ros/humble/include/rclcpp/rclcpp/any_executable.hpp:20[m[K,
[6.159s]                  from [01m[K/opt/ros/humble/include/rclcpp/rclcpp/memory_strategy.hpp:25[m[K,
[6.159s]                  from [01m[K/opt/ros/humble/include/rclcpp/rclcpp/memory_strategies.hpp:18[m[K,
[6.159s]                  from [01m[K/opt/ros/humble/include/rclcpp/rclcpp/executor_options.hpp:20[m[K,
[6.159s]                  from [01m[K/opt/ros/humble/include/rclcpp/rclcpp/executor.hpp:37[m[K,
[6.159s]                  from [01m[K/opt/ros/humble/include/rclcpp/rclcpp/executors/multi_threaded_executor.hpp:25[m[K,
[6.159s]                  from [01m[K/opt/ros/humble/include/rclcpp/rclcpp/executors.hpp:21[m[K,
[6.159s]                  from [01m[K/opt/ros/humble/include/rclcpp/rclcpp/rclcpp.hpp:155[m[K,
[6.159s]                  from [01m[K/home/zbt/Upper-main/rc_interaction/src/model_sbus.cpp:1[m[K:
[6.159s] [01m[K/usr/include/c++/11/iomanip:143:5:[m[K [01;36m[Knote: [m[Kcandidate: ‘[01m[Ktemplate<class _CharT, class _Traits> std::basic_ostream<_Ch, _Tr>& std::operator<<(std::basic_ostream<_Ch, _Tr>&, std::_Setbase)[m[K’
[6.159s]   143 |     [01;36m[Koperator[m[K<<(basic_ostream<_CharT, _Traits>& __os, _Setbase __f)
[6.159s]       |     [01;36m[K^~~~~~~~[m[K
[6.159s] [01m[K/usr/include/c++/11/iomanip:143:5:[m[K [01;36m[Knote: [m[K  template argument deduction/substitution failed:
[6.159s] In file included from [01m[K/home/zbt/Upper-main/rc_interaction/src/model_sbus.cpp:4[m[K:
[6.159s] [01m[K/home/zbt/Upper-main/rc_interaction/include/rc_interaction/sbus_node.hpp:216:34:[m[K [01;36m[Knote: [m[K  cannot convert ‘[01m[Kstd::end[m[K’ (type ‘[01m[K<unresolved overloaded function type>[m[K’) to type ‘[01m[Kstd::_Setbase[m[K’
[6.159s]   216 |       cout<<vel_.twist.linear.y<<[01;36m[Kend[m[K;
[6.159s]       |                                  [01;36m[K^~~[m[K
[6.159s] In file included from [01m[K/opt/ros/humble/include/rosidl_runtime_cpp/rosidl_runtime_cpp/traits.hpp:19[m[K,
[6.159s]                  from [01m[K/opt/ros/humble/include/builtin_interfaces/builtin_interfaces/msg/detail/duration__traits.hpp:15[m[K,
[6.159s]                  from [01m[K/opt/ros/humble/include/builtin_interfaces/builtin_interfaces/msg/duration.hpp:9[m[K,
[6.159s]                  from [01m[K/opt/ros/humble/include/rclcpp/rclcpp/duration.hpp:20[m[K,
[6.159s]                  from [01m[K/opt/ros/humble/include/rclcpp/rclcpp/qos.hpp:20[m[K,
[6.159s]                  from [01m[K/opt/ros/humble/include/rclcpp/rclcpp/node_interfaces/node_graph_interface.hpp:32[m[K,
[6.159s]                  from [01m[K/opt/ros/humble/include/rclcpp/rclcpp/client.hpp:42[m[K,
[6.159s]                  from [01m[K/opt/ros/humble/include/rclcpp/rclcpp/callback_group.hpp:24[m[K,
[6.159s]                  from [01m[K/opt/ros/humble/include/rclcpp/rclcpp/any_executable.hpp:20[m[K,
[6.159s]                  from [01m[K/opt/ros/humble/include/rclcpp/rclcpp/memory_strategy.hpp:25[m[K,
[6.159s]                  from [01m[K/opt/ros/humble/include/rclcpp/rclcpp/memory_strategies.hpp:18[m[K,
[6.159s]                  from [01m[K/opt/ros/humble/include/rclcpp/rclcpp/executor_options.hpp:20[m[K,
[6.159s]                  from [01m[K/opt/ros/humble/include/rclcpp/rclcpp/executor.hpp:37[m[K,
[6.159s]                  from [01m[K/opt/ros/humble/include/rclcpp/rclcpp/executors/multi_threaded_executor.hpp:25[m[K,
[6.159s]                  from [01m[K/opt/ros/humble/include/rclcpp/rclcpp/executors.hpp:21[m[K,
[6.159s]                  from [01m[K/opt/ros/humble/include/rclcpp/rclcpp/rclcpp.hpp:155[m[K,
[6.159s]                  from [01m[K/home/zbt/Upper-main/rc_interaction/src/model_sbus.cpp:1[m[K:
[6.166s] [01m[K/usr/include/c++/11/iomanip:178:5:[m[K [01;36m[Knote: [m[Kcandidate: ‘[01m[Kstd::basic_ostream<_Ch, _Tr>& std::operator<<(std::basic_ostream<_Ch, _Tr>&, std::_Setfill<_CharT>) [with _CharT = char; _Traits = std::char_traits<char>][m[K’
[6.166s]   178 |     [01;36m[Koperator[m[K<<(basic_ostream<_CharT, _Traits>& __os, _Setfill<_CharT> __f)
[6.166s]       |     [01;36m[K^~~~~~~~[m[K
[6.166s] [01m[K/usr/include/c++/11/iomanip:178:71:[m[K [01;36m[Knote: [m[K  no known conversion for argument 2 from ‘[01m[K<unresolved overloaded function type>[m[K’ to ‘[01m[Kstd::_Setfill<char>[m[K’
[6.166s]   178 |     operator<<(basic_ostream<_CharT, _Traits>& __os, [01;36m[K_Setfill<_CharT> __f[m[K)
[6.166s]       |                                                      [01;36m[K~~~~~~~~~~~~~~~~~^~~[m[K
[6.166s] [01m[K/usr/include/c++/11/iomanip:208:5:[m[K [01;36m[Knote: [m[Kcandidate: ‘[01m[Ktemplate<class _CharT, class _Traits> std::basic_ostream<_Ch, _Tr>& std::operator<<(std::basic_ostream<_Ch, _Tr>&, std::_Setprecision)[m[K’
[6.166s]   208 |     [01;36m[Koperator[m[K<<(basic_ostream<_CharT, _Traits>& __os, _Setprecision __f)
[6.166s]       |     [01;36m[K^~~~~~~~[m[K
[6.166s] [01m[K/usr/include/c++/11/iomanip:208:5:[m[K [01;36m[Knote: [m[K  template argument deduction/substitution failed:
[6.166s] In file included from [01m[K/home/zbt/Upper-main/rc_interaction/src/model_sbus.cpp:4[m[K:
[6.166s] [01m[K/home/zbt/Upper-main/rc_interaction/include/rc_interaction/sbus_node.hpp:216:34:[m[K [01;36m[Knote: [m[K  cannot convert ‘[01m[Kstd::end[m[K’ (type ‘[01m[K<unresolved overloaded function type>[m[K’) to type ‘[01m[Kstd::_Setprecision[m[K’
[6.166s]   216 |       cout<<vel_.twist.linear.y<<[01;36m[Kend[m[K;
[6.167s]       |                                  [01;36m[K^~~[m[K
[6.167s] In file included from [01m[K/opt/ros/humble/include/rosidl_runtime_cpp/rosidl_runtime_cpp/traits.hpp:19[m[K,
[6.167s]                  from [01m[K/opt/ros/humble/include/builtin_interfaces/builtin_interfaces/msg/detail/duration__traits.hpp:15[m[K,
[6.167s]                  from [01m[K/opt/ros/humble/include/builtin_interfaces/builtin_interfaces/msg/duration.hpp:9[m[K,
[6.167s]                  from [01m[K/opt/ros/humble/include/rclcpp/rclcpp/duration.hpp:20[m[K,
[6.167s]                  from [01m[K/opt/ros/humble/include/rclcpp/rclcpp/qos.hpp:20[m[K,
[6.167s]                  from [01m[K/opt/ros/humble/include/rclcpp/rclcpp/node_interfaces/node_graph_interface.hpp:32[m[K,
[6.167s]                  from [01m[K/opt/ros/humble/include/rclcpp/rclcpp/client.hpp:42[m[K,
[6.167s]                  from [01m[K/opt/ros/humble/include/rclcpp/rclcpp/callback_group.hpp:24[m[K,
[6.167s]                  from [01m[K/opt/ros/humble/include/rclcpp/rclcpp/any_executable.hpp:20[m[K,
[6.167s]                  from [01m[K/opt/ros/humble/include/rclcpp/rclcpp/memory_strategy.hpp:25[m[K,
[6.167s]                  from [01m[K/opt/ros/humble/include/rclcpp/rclcpp/memory_strategies.hpp:18[m[K,
[6.167s]                  from [01m[K/opt/ros/humble/include/rclcpp/rclcpp/executor_options.hpp:20[m[K,
[6.167s]                  from [01m[K/opt/ros/humble/include/rclcpp/rclcpp/executor.hpp:37[m[K,
[6.167s]                  from [01m[K/opt/ros/humble/include/rclcpp/rclcpp/executors/multi_threaded_executor.hpp:25[m[K,
[6.167s]                  from [01m[K/opt/ros/humble/include/rclcpp/rclcpp/executors.hpp:21[m[K,
[6.167s]                  from [01m[K/opt/ros/humble/include/rclcpp/rclcpp/rclcpp.hpp:155[m[K,
[6.167s]                  from [01m[K/home/zbt/Upper-main/rc_interaction/src/model_sbus.cpp:1[m[K:
[6.167s] [01m[K/usr/include/c++/11/iomanip:238:5:[m[K [01;36m[Knote: [m[Kcandidate: ‘[01m[Ktemplate<class _CharT, class _Traits> std::basic_ostream<_Ch, _Tr>& std::operator<<(std::basic_ostream<_Ch, _Tr>&, std::_Setw)[m[K’
[6.167s]   238 |     [01;36m[Koperator[m[K<<(basic_ostream<_CharT, _Traits>& __os, _Setw __f)
[6.167s]       |     [01;36m[K^~~~~~~~[m[K
[6.167s] [01m[K/usr/include/c++/11/iomanip:238:5:[m[K [01;36m[Knote: [m[K  template argument deduction/substitution failed:
[6.167s] In file included from [01m[K/home/zbt/Upper-main/rc_interaction/src/model_sbus.cpp:4[m[K:
[6.167s] [01m[K/home/zbt/Upper-main/rc_interaction/include/rc_interaction/sbus_node.hpp:216:34:[m[K [01;36m[Knote: [m[K  cannot convert ‘[01m[Kstd::end[m[K’ (type ‘[01m[K<unresolved overloaded function type>[m[K’) to type ‘[01m[Kstd::_Setw[m[K’
[6.167s]   216 |       cout<<vel_.twist.linear.y<<[01;36m[Kend[m[K;
[6.167s]       |                                  [01;36m[K^~~[m[K
[6.167s] In file included from [01m[K/opt/ros/humble/include/rosidl_runtime_cpp/rosidl_runtime_cpp/traits.hpp:19[m[K,
[6.167s]                  from [01m[K/opt/ros/humble/include/builtin_interfaces/builtin_interfaces/msg/detail/duration__traits.hpp:15[m[K,
[6.167s]                  from [01m[K/opt/ros/humble/include/builtin_interfaces/builtin_interfaces/msg/duration.hpp:9[m[K,
[6.167s]                  from [01m[K/opt/ros/humble/include/rclcpp/rclcpp/duration.hpp:20[m[K,
[6.167s]                  from [01m[K/opt/ros/humble/include/rclcpp/rclcpp/qos.hpp:20[m[K,
[6.167s]                  from [01m[K/opt/ros/humble/include/rclcpp/rclcpp/node_interfaces/node_graph_interface.hpp:32[m[K,
[6.167s]                  from [01m[K/opt/ros/humble/include/rclcpp/rclcpp/client.hpp:42[m[K,
[6.167s]                  from [01m[K/opt/ros/humble/include/rclcpp/rclcpp/callback_group.hpp:24[m[K,
[6.167s]                  from [01m[K/opt/ros/humble/include/rclcpp/rclcpp/any_executable.hpp:20[m[K,
[6.167s]                  from [01m[K/opt/ros/humble/include/rclcpp/rclcpp/memory_strategy.hpp:25[m[K,
[6.167s]                  from [01m[K/opt/ros/humble/include/rclcpp/rclcpp/memory_strategies.hpp:18[m[K,
[6.167s]                  from [01m[K/opt/ros/humble/include/rclcpp/rclcpp/executor_options.hpp:20[m[K,
[6.167s]                  from [01m[K/opt/ros/humble/include/rclcpp/rclcpp/executor.hpp:37[m[K,
[6.167s]                  from [01m[K/opt/ros/humble/include/rclcpp/rclcpp/executors/multi_threaded_executor.hpp:25[m[K,
[6.167s]                  from [01m[K/opt/ros/humble/include/rclcpp/rclcpp/executors.hpp:21[m[K,
[6.167s]                  from [01m[K/opt/ros/humble/include/rclcpp/rclcpp/rclcpp.hpp:155[m[K,
[6.168s]                  from [01m[K/home/zbt/Upper-main/rc_interaction/src/model_sbus.cpp:1[m[K:
[6.168s] [01m[K/usr/include/c++/11/iomanip:311:5:[m[K [01;36m[Knote: [m[Kcandidate: ‘[01m[Ktemplate<class _CharT, class _Traits, class _MoneyT> std::basic_ostream<_Ch, _Tr>& std::operator<<(std::basic_ostream<_Ch, _Tr>&, std::_Put_money<_MoneyT>)[m[K’
[6.168s]   311 |     [01;36m[Koperator[m[K<<(basic_ostream<_CharT, _Traits>& __os, _Put_money<_MoneyT> __f)
[6.168s]       |     [01;36m[K^~~~~~~~[m[K
[6.168s] [01m[K/usr/include/c++/11/iomanip:311:5:[m[K [01;36m[Knote: [m[K  template argument deduction/substitution failed:
[6.168s] In file included from [01m[K/home/zbt/Upper-main/rc_interaction/src/model_sbus.cpp:4[m[K:
[6.168s] [01m[K/home/zbt/Upper-main/rc_interaction/include/rc_interaction/sbus_node.hpp:216:34:[m[K [01;36m[Knote: [m[K  couldn’t deduce template parameter ‘[01m[K_MoneyT[m[K’
[6.168s]   216 |       cout<<vel_.twist.linear.y<<[01;36m[Kend[m[K;
[6.168s]       |                                  [01;36m[K^~~[m[K
[6.168s] In file included from [01m[K/opt/ros/humble/include/rosidl_runtime_cpp/rosidl_runtime_cpp/traits.hpp:19[m[K,
[6.168s]                  from [01m[K/opt/ros/humble/include/builtin_interfaces/builtin_interfaces/msg/detail/duration__traits.hpp:15[m[K,
[6.168s]                  from [01m[K/opt/ros/humble/include/builtin_interfaces/builtin_interfaces/msg/duration.hpp:9[m[K,
[6.168s]                  from [01m[K/opt/ros/humble/include/rclcpp/rclcpp/duration.hpp:20[m[K,
[6.168s]                  from [01m[K/opt/ros/humble/include/rclcpp/rclcpp/qos.hpp:20[m[K,
[6.168s]                  from [01m[K/opt/ros/humble/include/rclcpp/rclcpp/node_interfaces/node_graph_interface.hpp:32[m[K,
[6.168s]                  from [01m[K/opt/ros/humble/include/rclcpp/rclcpp/client.hpp:42[m[K,
[6.171s]                  from [01m[K/opt/ros/humble/include/rclcpp/rclcpp/callback_group.hpp:24[m[K,
[6.171s]                  from [01m[K/opt/ros/humble/include/rclcpp/rclcpp/any_executable.hpp:20[m[K,
[6.171s]                  from [01m[K/opt/ros/humble/include/rclcpp/rclcpp/memory_strategy.hpp:25[m[K,
[6.171s]                  from [01m[K/opt/ros/humble/include/rclcpp/rclcpp/memory_strategies.hpp:18[m[K,
[6.171s]                  from [01m[K/opt/ros/humble/include/rclcpp/rclcpp/executor_options.hpp:20[m[K,
[6.171s]                  from [01m[K/opt/ros/humble/include/rclcpp/rclcpp/executor.hpp:37[m[K,
[6.171s]                  from [01m[K/opt/ros/humble/include/rclcpp/rclcpp/executors/multi_threaded_executor.hpp:25[m[K,
[6.171s]                  from [01m[K/opt/ros/humble/include/rclcpp/rclcpp/executors.hpp:21[m[K,
[6.171s]                  from [01m[K/opt/ros/humble/include/rclcpp/rclcpp/rclcpp.hpp:155[m[K,
[6.171s]                  from [01m[K/home/zbt/Upper-main/rc_interaction/src/model_sbus.cpp:1[m[K:
[6.171s] [01m[K/usr/include/c++/11/iomanip:363:5:[m[K [01;36m[Knote: [m[Kcandidate: ‘[01m[Kstd::basic_ostream<_Ch, _Tr>& std::operator<<(std::basic_ostream<_Ch, _Tr>&, std::_Put_time<_CharT>) [with _CharT = char; _Traits = std::char_traits<char>][m[K’
[6.171s]   363 |     [01;36m[Koperator[m[K<<(basic_ostream<_CharT, _Traits>& __os, _Put_time<_CharT> __f)
[6.171s]       |     [01;36m[K^~~~~~~~[m[K
[6.171s] [01m[K/usr/include/c++/11/iomanip:363:72:[m[K [01;36m[Knote: [m[K  no known conversion for argument 2 from ‘[01m[K<unresolved overloaded function type>[m[K’ to ‘[01m[Kstd::_Put_time<char>[m[K’
[6.172s]   363 |     operator<<(basic_ostream<_CharT, _Traits>& __os, [01;36m[K_Put_time<_CharT> __f[m[K)
[6.172s]       |                                                      [01;36m[K~~~~~~~~~~~~~~~~~~^~~[m[K
[6.172s] In file included from [01m[K/usr/include/eigen3/Eigen/Core:50[m[K,
[6.172s]                  from [01m[K/usr/include/eigen3/Eigen/Dense:1[m[K,
[6.172s]                  from [01m[K/usr/include/eigen3/Eigen/Eigen:1[m[K,
[6.172s]                  from [01m[K/opt/ros/humble/include/tf2_sensor_msgs/tf2_sensor_msgs.hpp:44[m[K,
[6.172s]                  from [01m[K/home/zbt/Upper-main/rc_interaction/include/rc_interaction/xbox360_node.hpp:31[m[K,
[6.172s]                  from [01m[K/home/zbt/Upper-main/rc_interaction/src/model_sbus.cpp:3[m[K:
[6.172s] [01m[K/usr/include/c++/11/complex:555:5:[m[K [01;36m[Knote: [m[Kcandidate: ‘[01m[Ktemplate<class _Tp, class _CharT, class _Traits> std::basic_ostream<_CharT, _Traits>& std::operator<<(std::basic_ostream<_CharT, _Traits>&, const std::complex<_Tp>&)[m[K’
[6.172s]   555 |     [01;36m[Koperator[m[K<<(basic_ostream<_CharT, _Traits>& __os, const complex<_Tp>& __x)
[6.172s]       |     [01;36m[K^~~~~~~~[m[K
[6.172s] [01m[K/usr/include/c++/11/complex:555:5:[m[K [01;36m[Knote: [m[K  template argument deduction/substitution failed:
[6.172s] In file included from [01m[K/home/zbt/Upper-main/rc_interaction/src/model_sbus.cpp:4[m[K:
[6.172s] [01m[K/home/zbt/Upper-main/rc_interaction/include/rc_interaction/sbus_node.hpp:216:34:[m[K [01;36m[Knote: [m[K  couldn’t deduce template parameter ‘[01m[K_Tp[m[K’
[6.172s]   216 |       cout<<vel_.twist.linear.y<<[01;36m[Kend[m[K;
[6.172s]       |                                  [01;36m[K^~~[m[K
[6.172s] In file included from [01m[K/usr/include/eigen3/Eigen/Core:81[m[K,
[6.172s]                  from [01m[K/usr/include/eigen3/Eigen/Dense:1[m[K,
[6.175s]                  from [01m[K/usr/include/eigen3/Eigen/Eigen:1[m[K,
[6.175s]                  from [01m[K/opt/ros/humble/include/tf2_sensor_msgs/tf2_sensor_msgs.hpp:44[m[K,
[6.175s]                  from [01m[K/home/zbt/Upper-main/rc_interaction/include/rc_interaction/xbox360_node.hpp:31[m[K,
[6.175s]                  from [01m[K/home/zbt/Upper-main/rc_interaction/src/model_sbus.cpp:3[m[K:
[6.175s] [01m[K/usr/include/c++/11/cstddef:126:5:[m[K [01;36m[Knote: [m[Kcandidate: ‘[01m[Ktemplate<class _IntegerType> constexpr std::__byte_op_t<_IntegerType> std::operator<<(std::byte, _IntegerType)[m[K’
[6.175s]   126 |     [01;36m[Koperator[m[K<<(byte __b, _IntegerType __shift) noexcept
[6.175s]       |     [01;36m[K^~~~~~~~[m[K
[6.175s] [01m[K/usr/include/c++/11/cstddef:126:5:[m[K [01;36m[Knote: [m[K  template argument deduction/substitution failed:
[6.175s] In file included from [01m[K/home/zbt/Upper-main/rc_interaction/src/model_sbus.cpp:4[m[K:
[6.175s] [01m[K/home/zbt/Upper-main/rc_interaction/include/rc_interaction/sbus_node.hpp:216:34:[m[K [01;36m[Knote: [m[K  couldn’t deduce template parameter ‘[01m[K_IntegerType[m[K’
[6.175s]   216 |       cout<<vel_.twist.linear.y<<[01;36m[Kend[m[K;
[6.175s]       |                                  [01;36m[K^~~[m[K
[11.522s] gmake[2]: *** [CMakeFiles/sbus_node.dir/build.make:76：CMakeFiles/sbus_node.dir/src/model_sbus.cpp.o] 错误 1
[11.522s] gmake[1]: *** [CMakeFiles/Makefile2:595：CMakeFiles/sbus_node.dir/all] 错误 2
[11.522s] gmake[1]: *** 正在等待未完成的任务....
[11.544s] gmake[2]: *** [CMakeFiles/xbox_node.dir/build.make:76：CMakeFiles/xbox_node.dir/src/model_xbox.cpp.o] 错误 1
[11.544s] gmake[1]: *** [CMakeFiles/Makefile2:622：CMakeFiles/xbox_node.dir/all] 错误 2
[11.544s] gmake: *** [Makefile:146：all] 错误 2
[11.566s] Invoked command in '/home/zbt/Upper-main/rc_interaction/build/rc_interaction' returned '2': CMAKE_PREFIX_PATH=${CMAKE_PREFIX_PATH}:/opt/ros/humble /usr/bin/cmake --build /home/zbt/Upper-main/rc_interaction/build/rc_interaction -- -j2 -l2
