[0.000000] (-) TimerEvent: {}
[0.000134] (rc_interaction) JobQueued: {'identifier': 'rc_interaction', 'dependencies': OrderedDict()}
[0.000949] (rc_interaction) JobStarted: {'identifier': 'rc_interaction'}
[0.008462] (rc_interaction) JobProgress: {'identifier': 'rc_interaction', 'progress': 'cmake'}
[0.009655] (rc_interaction) JobProgress: {'identifier': 'rc_interaction', 'progress': 'build'}
[0.009791] (rc_interaction) Command: {'cmd': ['/usr/bin/cmake', '--build', '/home/zbt/Upper-main/rc_interaction/build/rc_interaction', '--', '-j2', '-l2'], 'cwd': '/home/zbt/Upper-main/rc_interaction/build/rc_interaction', 'env': OrderedDict([('GJS_DEBUG_TOPICS', 'JS ERROR;JS LOG'), ('LESSOPEN', '| /usr/bin/lesspipe %s'), ('LANGUAGE', 'zh_CN:zh'), ('USER', 'zbt'), ('XDG_SESSION_TYPE', 'wayland'), ('GIT_ASKPASS', '/usr/share/code/resources/app/extensions/git/dist/askpass.sh'), ('SHLVL', '1'), ('LD_LIBRARY_PATH', '/home/zbt/Upper-main/rc_interaction/install/rc_interaction/lib:/opt/ros/humble/opt/rviz_ogre_vendor/lib:/opt/ros/humble/lib/x86_64-linux-gnu:/opt/ros/humble/lib'), ('HOME', '/home/zbt'), ('CHROME_DESKTOP', 'code.desktop'), ('TERM_PROGRAM_VERSION', '1.99.2'), ('DESKTOP_SESSION', 'ubuntu'), ('GIO_LAUNCHED_DESKTOP_FILE', '/usr/share/applications/code.desktop'), ('ROS_PYTHON_VERSION', '3'), ('GNOME_SHELL_SESSION_MODE', 'ubuntu'), ('GTK_MODULES', 'gail:atk-bridge'), ('VSCODE_GIT_ASKPASS_MAIN', '/usr/share/code/resources/app/extensions/git/dist/askpass-main.js'), ('VSCODE_GIT_ASKPASS_NODE', '/usr/share/code/code'), ('MANAGERPID', '1118'), ('PYDEVD_DISABLE_FILE_VALIDATION', '1'), ('SYSTEMD_EXEC_PID', '1278'), ('BUNDLED_DEBUGPY_PATH', '/home/zbt/.vscode/extensions/ms-python.debugpy-2025.6.0-linux-x64/bundled/libs/debugpy'), ('IM_CONFIG_CHECK_ENV', '1'), ('DBUS_SESSION_BUS_ADDRESS', 'unix:path=/run/user/1000/bus'), ('COLORTERM', 'truecolor'), ('GIO_LAUNCHED_DESKTOP_FILE_PID', '1893'), ('IM_CONFIG_PHASE', '1'), ('WAYLAND_DISPLAY', 'wayland-0'), ('COLCON_PREFIX_PATH', '/home/zbt/Upper-main/rc_interaction/install'), ('ROS_DISTRO', 'humble'), ('LOGNAME', 'zbt'), ('JOURNAL_STREAM', '8:21002'), ('_', '/usr/bin/colcon'), ('ROS_VERSION', '2'), ('XDG_SESSION_CLASS', 'user'), ('USERNAME', 'zbt'), ('TERM', 'xterm-256color'), ('GNOME_DESKTOP_SESSION_ID', 'this-is-deprecated'), ('ROS_LOCALHOST_ONLY', '0'), ('PATH', '/home/zbt/.local/bin:/opt/ros/humble/bin:/home/zbt/.local/bin:/usr/local/sbin:/usr/local/bin:/usr/sbin:/usr/bin:/sbin:/bin:/usr/games:/usr/local/games:/snap/bin:/snap/bin:/home/zbt/.vscode/extensions/ms-python.debugpy-2025.6.0-linux-x64/bundled/scripts/noConfigScripts'), ('SESSION_MANAGER', 'local/zbt-virtual-machine:@/tmp/.ICE-unix/1252,unix/zbt-virtual-machine:/tmp/.ICE-unix/1252'), ('INVOCATION_ID', 'b8eff07f56e945ceb6e5d3cf40bd5605'), ('XDG_MENU_PREFIX', 'gnome-'), ('GNOME_SETUP_DISPLAY', ':1'), ('XDG_RUNTIME_DIR', '/run/user/1000'), ('GDK_BACKEND', 'x11'), ('DISPLAY', ':0'), ('VSCODE_DEBUGPY_ADAPTER_ENDPOINTS', '/home/zbt/.vscode/extensions/ms-python.debugpy-2025.6.0-linux-x64/.noConfigDebugAdapterEndpoints/endpoint-1cfe525be6e14ed6.txt'), ('LANG', 'zh_CN.UTF-8'), ('XDG_CURRENT_DESKTOP', 'Unity'), ('XMODIFIERS', '@im=ibus'), ('XDG_SESSION_DESKTOP', 'ubuntu'), ('XAUTHORITY', '/run/user/1000/.mutter-Xwaylandauth.JZXD52'), ('LS_COLORS', 'rs=0:di=01;34:ln=01;36:mh=00:pi=40;33:so=01;35:do=01;35:bd=40;33;01:cd=40;33;01:or=40;31;01:mi=00:su=37;41:sg=30;43:ca=30;41:tw=30;42:ow=34;42:st=37;44:ex=01;32:*.tar=01;31:*.tgz=01;31:*.arc=01;31:*.arj=01;31:*.taz=01;31:*.lha=01;31:*.lz4=01;31:*.lzh=01;31:*.lzma=01;31:*.tlz=01;31:*.txz=01;31:*.tzo=01;31:*.t7z=01;31:*.zip=01;31:*.z=01;31:*.dz=01;31:*.gz=01;31:*.lrz=01;31:*.lz=01;31:*.lzo=01;31:*.xz=01;31:*.zst=01;31:*.tzst=01;31:*.bz2=01;31:*.bz=01;31:*.tbz=01;31:*.tbz2=01;31:*.tz=01;31:*.deb=01;31:*.rpm=01;31:*.jar=01;31:*.war=01;31:*.ear=01;31:*.sar=01;31:*.rar=01;31:*.alz=01;31:*.ace=01;31:*.zoo=01;31:*.cpio=01;31:*.7z=01;31:*.rz=01;31:*.cab=01;31:*.wim=01;31:*.swm=01;31:*.dwm=01;31:*.esd=01;31:*.jpg=01;35:*.jpeg=01;35:*.mjpg=01;35:*.mjpeg=01;35:*.gif=01;35:*.bmp=01;35:*.pbm=01;35:*.pgm=01;35:*.ppm=01;35:*.tga=01;35:*.xbm=01;35:*.xpm=01;35:*.tif=01;35:*.tiff=01;35:*.png=01;35:*.svg=01;35:*.svgz=01;35:*.mng=01;35:*.pcx=01;35:*.mov=01;35:*.mpg=01;35:*.mpeg=01;35:*.m2v=01;35:*.mkv=01;35:*.webm=01;35:*.webp=01;35:*.ogm=01;35:*.mp4=01;35:*.m4v=01;35:*.mp4v=01;35:*.vob=01;35:*.qt=01;35:*.nuv=01;35:*.wmv=01;35:*.asf=01;35:*.rm=01;35:*.rmvb=01;35:*.flc=01;35:*.avi=01;35:*.fli=01;35:*.flv=01;35:*.gl=01;35:*.dl=01;35:*.xcf=01;35:*.xwd=01;35:*.yuv=01;35:*.cgm=01;35:*.emf=01;35:*.ogv=01;35:*.ogx=01;35:*.aac=00;36:*.au=00;36:*.flac=00;36:*.m4a=00;36:*.mid=00;36:*.midi=00;36:*.mka=00;36:*.mp3=00;36:*.mpc=00;36:*.ogg=00;36:*.ra=00;36:*.wav=00;36:*.oga=00;36:*.opus=00;36:*.spx=00;36:*.xspf=00;36:'), ('VSCODE_GIT_IPC_HANDLE', '/run/user/1000/vscode-git-77e13700e7.sock'), ('TERM_PROGRAM', 'vscode'), ('SSH_AGENT_LAUNCHER', 'gnome-keyring'), ('SSH_AUTH_SOCK', '/run/user/1000/keyring/ssh'), ('AMENT_PREFIX_PATH', '/home/zbt/Upper-main/rc_interaction/install/rc_interaction:/opt/ros/humble'), ('ORIGINAL_XDG_CURRENT_DESKTOP', 'ubuntu:GNOME'), ('SHELL', '/bin/bash'), ('QT_ACCESSIBILITY', '1'), ('GDMSESSION', 'ubuntu'), ('LESSCLOSE', '/usr/bin/lesspipe %s %s'), ('GJS_DEBUG_OUTPUT', 'stderr'), ('VSCODE_GIT_ASKPASS_EXTRA_ARGS', ''), ('QT_IM_MODULE', 'ibus'), ('PWD', '/home/zbt/Upper-main/rc_interaction/build/rc_interaction'), ('XDG_CONFIG_DIRS', '/etc/xdg/xdg-ubuntu:/etc/xdg'), ('XDG_DATA_DIRS', '/usr/share/ubuntu:/usr/local/share/:/usr/share/:/var/lib/snapd/desktop'), ('PYTHONPATH', '/home/zbt/Upper-main/rc_interaction/install/rc_interaction/local/lib/python3.10/dist-packages:/opt/ros/humble/lib/python3.10/site-packages:/opt/ros/humble/local/lib/python3.10/dist-packages'), ('COLCON', '1'), ('CMAKE_PREFIX_PATH', '/home/zbt/Upper-main/rc_interaction/install/rc_interaction:/opt/ros/humble')]), 'shell': False}
[0.100273] (-) TimerEvent: {}
[0.123124] (rc_interaction) StdoutLine: {'line': b'[  8%] Built target rc_interaction__rosidl_generator_c\n'}
[0.126234] (rc_interaction) StdoutLine: {'line': b'[ 11%] Built target rc_interaction__cpp\n'}
[0.171569] (rc_interaction) StdoutLine: {'line': b'[ 20%] Built target rc_interaction__rosidl_typesupport_cpp\n'}
[0.175318] (rc_interaction) StdoutLine: {'line': b'[ 20%] Built target ament_cmake_python_copy_rc_interaction\n'}
[0.192462] (rc_interaction) StdoutLine: {'line': b'[ 28%] Built target rc_interaction__rosidl_typesupport_fastrtps_c\n'}
[0.197391] (rc_interaction) StdoutLine: {'line': b'[ 37%] Built target rc_interaction__rosidl_typesupport_fastrtps_cpp\n'}
[0.201379] (-) TimerEvent: {}
[0.216613] (rc_interaction) StdoutLine: {'line': b'[ 45%] Built target rc_interaction__rosidl_typesupport_introspection_c\n'}
[0.221669] (rc_interaction) StdoutLine: {'line': b'[ 54%] Built target rc_interaction__rosidl_typesupport_c\n'}
[0.248541] (rc_interaction) StdoutLine: {'line': b'[ 62%] Built target rc_interaction__rosidl_typesupport_introspection_cpp\n'}
[0.265020] (rc_interaction) StdoutLine: {'line': b'\x1b[35m\x1b[1mConsolidate compiler generated dependencies of target sbus_node\x1b[0m\n'}
[0.300506] (rc_interaction) StdoutLine: {'line': b'[ 65%] \x1b[32mBuilding CXX object CMakeFiles/sbus_node.dir/src/model_sbus.cpp.o\x1b[0m\n'}
[0.302520] (-) TimerEvent: {}
[0.402631] (rc_interaction) StdoutLine: {'line': b'running egg_info\n'}
[0.403302] (-) TimerEvent: {}
[0.403630] (rc_interaction) StdoutLine: {'line': b'writing rc_interaction.egg-info/PKG-INFO\n'}
[0.403981] (rc_interaction) StdoutLine: {'line': b'writing dependency_links to rc_interaction.egg-info/dependency_links.txt\n'}
[0.404020] (rc_interaction) StdoutLine: {'line': b'writing top-level names to rc_interaction.egg-info/top_level.txt\n'}
[0.406097] (rc_interaction) StdoutLine: {'line': b"reading manifest file 'rc_interaction.egg-info/SOURCES.txt'\n"}
[0.406346] (rc_interaction) StdoutLine: {'line': b"writing manifest file 'rc_interaction.egg-info/SOURCES.txt'\n"}
[0.427537] (rc_interaction) StdoutLine: {'line': b'[ 65%] Built target ament_cmake_python_build_rc_interaction_egg\n'}
[0.457662] (rc_interaction) StdoutLine: {'line': b'\x1b[35m\x1b[1mConsolidate compiler generated dependencies of target xbox_node\x1b[0m\n'}
[0.504513] (-) TimerEvent: {}
[0.512277] (rc_interaction) StdoutLine: {'line': b'[ 68%] \x1b[32mBuilding CXX object CMakeFiles/xbox_node.dir/src/model_xbox.cpp.o\x1b[0m\n'}
[0.606703] (-) TimerEvent: {}
[0.707006] (-) TimerEvent: {}
[0.808140] (-) TimerEvent: {}
[0.908639] (-) TimerEvent: {}
[1.009671] (-) TimerEvent: {}
[1.110976] (-) TimerEvent: {}
[1.211774] (-) TimerEvent: {}
[1.312729] (-) TimerEvent: {}
[1.421397] (-) TimerEvent: {}
[1.521860] (-) TimerEvent: {}
[1.623393] (-) TimerEvent: {}
[1.724179] (-) TimerEvent: {}
[1.826841] (-) TimerEvent: {}
[1.930929] (-) TimerEvent: {}
[2.033256] (-) TimerEvent: {}
[2.136266] (-) TimerEvent: {}
[2.238212] (-) TimerEvent: {}
[2.338475] (-) TimerEvent: {}
[2.439799] (-) TimerEvent: {}
[2.542797] (-) TimerEvent: {}
[2.645378] (-) TimerEvent: {}
[2.748558] (-) TimerEvent: {}
[2.855770] (-) TimerEvent: {}
[2.959307] (-) TimerEvent: {}
[3.061046] (-) TimerEvent: {}
[3.165346] (-) TimerEvent: {}
[3.265776] (-) TimerEvent: {}
[3.368088] (-) TimerEvent: {}
[3.470158] (-) TimerEvent: {}
[3.572141] (-) TimerEvent: {}
[3.673279] (-) TimerEvent: {}
[3.777819] (-) TimerEvent: {}
[3.878273] (-) TimerEvent: {}
[3.979139] (-) TimerEvent: {}
[4.082661] (-) TimerEvent: {}
[4.184480] (-) TimerEvent: {}
[4.289777] (-) TimerEvent: {}
[4.393391] (-) TimerEvent: {}
[4.493800] (-) TimerEvent: {}
[4.595117] (-) TimerEvent: {}
[4.696391] (-) TimerEvent: {}
[4.799750] (-) TimerEvent: {}
[4.901438] (-) TimerEvent: {}
[5.005183] (-) TimerEvent: {}
[5.107084] (-) TimerEvent: {}
[5.210037] (-) TimerEvent: {}
[5.312675] (-) TimerEvent: {}
[5.413058] (-) TimerEvent: {}
[5.515870] (-) TimerEvent: {}
[5.617321] (-) TimerEvent: {}
[5.719209] (-) TimerEvent: {}
[5.820417] (-) TimerEvent: {}
[5.920838] (-) TimerEvent: {}
[5.923167] (rc_interaction) StderrLine: {'line': b'In file included from \x1b[01m\x1b[K/home/zbt/Upper-main/rc_interaction/src/model_xbox.cpp:4\x1b[m\x1b[K:\n'}
[5.923658] (rc_interaction) StderrLine: {'line': b'\x1b[01m\x1b[K/home/zbt/Upper-main/rc_interaction/include/rc_interaction/sbus_node.hpp:\x1b[m\x1b[K In lambda function:\n'}
[5.923727] (rc_interaction) StderrLine: {'line': b'\x1b[01m\x1b[K/home/zbt/Upper-main/rc_interaction/include/rc_interaction/sbus_node.hpp:215:32:\x1b[m\x1b[K \x1b[01;31m\x1b[Kerror: \x1b[m\x1b[Kno match for \xe2\x80\x98\x1b[01m\x1b[Koperator<<\x1b[m\x1b[K\xe2\x80\x99 (operand types are \xe2\x80\x98\x1b[01m\x1b[Kstd::basic_ostream<char>::__ostream_type\x1b[m\x1b[K\xe2\x80\x99 {aka \xe2\x80\x98\x1b[01m\x1b[Kstd::basic_ostream<char>\x1b[m\x1b[K\xe2\x80\x99} and \xe2\x80\x98\x1b[01m\x1b[K<unresolved overloaded function type>\x1b[m\x1b[K\xe2\x80\x99)\n'}
[5.923998] (rc_interaction) StderrLine: {'line': b'  215 |       \x1b[01;31m\x1b[Kcout<<vel_.twist.linear.x<<end\x1b[m\x1b[K;\n'}
[5.924045] (rc_interaction) StderrLine: {'line': b'      |       \x1b[01;31m\x1b[K~~~~~~~~~~~~~~~~~~~~~~~~~^~~~~\x1b[m\x1b[K\n'}
[5.924080] (rc_interaction) StderrLine: {'line': b'In file included from \x1b[01m\x1b[K/usr/include/c++/11/iostream:39\x1b[m\x1b[K,\n'}
[5.924111] (rc_interaction) StderrLine: {'line': b'                 from \x1b[01m\x1b[K/opt/ros/humble/include/rclcpp/rclcpp/executor.hpp:22\x1b[m\x1b[K,\n'}
[5.924140] (rc_interaction) StderrLine: {'line': b'                 from \x1b[01m\x1b[K/opt/ros/humble/include/rclcpp/rclcpp/executors/multi_threaded_executor.hpp:25\x1b[m\x1b[K,\n'}
[5.924170] (rc_interaction) StderrLine: {'line': b'                 from \x1b[01m\x1b[K/opt/ros/humble/include/rclcpp/rclcpp/executors.hpp:21\x1b[m\x1b[K,\n'}
[5.924197] (rc_interaction) StderrLine: {'line': b'                 from \x1b[01m\x1b[K/opt/ros/humble/include/rclcpp/rclcpp/rclcpp.hpp:155\x1b[m\x1b[K,\n'}
[5.924225] (rc_interaction) StderrLine: {'line': b'                 from \x1b[01m\x1b[K/home/zbt/Upper-main/rc_interaction/src/model_xbox.cpp:1\x1b[m\x1b[K:\n'}
[5.924253] (rc_interaction) StderrLine: {'line': b'\x1b[01m\x1b[K/usr/include/c++/11/ostream:108:7:\x1b[m\x1b[K \x1b[01;36m\x1b[Knote: \x1b[m\x1b[Kcandidate: \xe2\x80\x98\x1b[01m\x1b[Kstd::basic_ostream<_CharT, _Traits>::__ostream_type& std::basic_ostream<_CharT, _Traits>::operator<<(std::basic_ostream<_CharT, _Traits>::__ostream_type& (*)(std::basic_ostream<_CharT, _Traits>::__ostream_type&)) [with _CharT = char; _Traits = std::char_traits<char>; std::basic_ostream<_CharT, _Traits>::__ostream_type = std::basic_ostream<char>]\x1b[m\x1b[K\xe2\x80\x99\n'}
[5.924290] (rc_interaction) StderrLine: {'line': b'  108 |       \x1b[01;36m\x1b[Koperator\x1b[m\x1b[K<<(__ostream_type& (*__pf)(__ostream_type&))\n'}
[5.924317] (rc_interaction) StderrLine: {'line': b'      |       \x1b[01;36m\x1b[K^~~~~~~~\x1b[m\x1b[K\n'}
[5.924343] (rc_interaction) StderrLine: {'line': b'\x1b[01m\x1b[K/usr/include/c++/11/ostream:108:36:\x1b[m\x1b[K \x1b[01;36m\x1b[Knote: \x1b[m\x1b[K  no known conversion for argument 1 from \xe2\x80\x98\x1b[01m\x1b[K<unresolved overloaded function type>\x1b[m\x1b[K\xe2\x80\x99 to \xe2\x80\x98\x1b[01m\x1b[Kstd::basic_ostream<char>::__ostream_type& (*)(std::basic_ostream<char>::__ostream_type&)\x1b[m\x1b[K\xe2\x80\x99 {aka \xe2\x80\x98\x1b[01m\x1b[Kstd::basic_ostream<char>& (*)(std::basic_ostream<char>&)\x1b[m\x1b[K\xe2\x80\x99}\n'}
[5.924370] (rc_interaction) StderrLine: {'line': b'  108 |       operator<<(\x1b[01;36m\x1b[K__ostream_type& (*__pf)(__ostream_type&)\x1b[m\x1b[K)\n'}
[5.924396] (rc_interaction) StderrLine: {'line': b'      |                  \x1b[01;36m\x1b[K~~~~~~~~~~~~~~~~~~^~~~~~~~~~~~~~~~~~~~~~\x1b[m\x1b[K\n'}
[5.924427] (rc_interaction) StderrLine: {'line': b'\x1b[01m\x1b[K/usr/include/c++/11/ostream:117:7:\x1b[m\x1b[K \x1b[01;36m\x1b[Knote: \x1b[m\x1b[Kcandidate: \xe2\x80\x98\x1b[01m\x1b[Kstd::basic_ostream<_CharT, _Traits>::__ostream_type& std::basic_ostream<_CharT, _Traits>::operator<<(std::basic_ostream<_CharT, _Traits>::__ios_type& (*)(std::basic_ostream<_CharT, _Traits>::__ios_type&)) [with _CharT = char; _Traits = std::char_traits<char>; std::basic_ostream<_CharT, _Traits>::__ostream_type = std::basic_ostream<char>; std::basic_ostream<_CharT, _Traits>::__ios_type = std::basic_ios<char>]\x1b[m\x1b[K\xe2\x80\x99\n'}
[5.924464] (rc_interaction) StderrLine: {'line': b'  117 |       \x1b[01;36m\x1b[Koperator\x1b[m\x1b[K<<(__ios_type& (*__pf)(__ios_type&))\n'}
[5.924490] (rc_interaction) StderrLine: {'line': b'      |       \x1b[01;36m\x1b[K^~~~~~~~\x1b[m\x1b[K\n'}
[5.924514] (rc_interaction) StderrLine: {'line': b'\x1b[01m\x1b[K/usr/include/c++/11/ostream:117:32:\x1b[m\x1b[K \x1b[01;36m\x1b[Knote: \x1b[m\x1b[K  no known conversion for argument 1 from \xe2\x80\x98\x1b[01m\x1b[K<unresolved overloaded function type>\x1b[m\x1b[K\xe2\x80\x99 to \xe2\x80\x98\x1b[01m\x1b[Kstd::basic_ostream<char>::__ios_type& (*)(std::basic_ostream<char>::__ios_type&)\x1b[m\x1b[K\xe2\x80\x99 {aka \xe2\x80\x98\x1b[01m\x1b[Kstd::basic_ios<char>& (*)(std::basic_ios<char>&)\x1b[m\x1b[K\xe2\x80\x99}\n'}
[5.924542] (rc_interaction) StderrLine: {'line': b'  117 |       operator<<(\x1b[01;36m\x1b[K__ios_type& (*__pf)(__ios_type&)\x1b[m\x1b[K)\n'}
[5.924566] (rc_interaction) StderrLine: {'line': b'      |                  \x1b[01;36m\x1b[K~~~~~~~~~~~~~~^~~~~~~~~~~~~~~~~~\x1b[m\x1b[K\n'}
[5.924590] (rc_interaction) StderrLine: {'line': b'\x1b[01m\x1b[K/usr/include/c++/11/ostream:127:7:\x1b[m\x1b[K \x1b[01;36m\x1b[Knote: \x1b[m\x1b[Kcandidate: \xe2\x80\x98\x1b[01m\x1b[Kstd::basic_ostream<_CharT, _Traits>::__ostream_type& std::basic_ostream<_CharT, _Traits>::operator<<(std::ios_base& (*)(std::ios_base&)) [with _CharT = char; _Traits = std::char_traits<char>; std::basic_ostream<_CharT, _Traits>::__ostream_type = std::basic_ostream<char>]\x1b[m\x1b[K\xe2\x80\x99\n'}
[5.924616] (rc_interaction) StderrLine: {'line': b'  127 |       \x1b[01;36m\x1b[Koperator\x1b[m\x1b[K<<(ios_base& (*__pf) (ios_base&))\n'}
[5.924680] (rc_interaction) StderrLine: {'line': b'      |       \x1b[01;36m\x1b[K^~~~~~~~\x1b[m\x1b[K\n'}
[5.924706] (rc_interaction) StderrLine: {'line': b'\x1b[01m\x1b[K/usr/include/c++/11/ostream:127:30:\x1b[m\x1b[K \x1b[01;36m\x1b[Knote: \x1b[m\x1b[K  no known conversion for argument 1 from \xe2\x80\x98\x1b[01m\x1b[K<unresolved overloaded function type>\x1b[m\x1b[K\xe2\x80\x99 to \xe2\x80\x98\x1b[01m\x1b[Kstd::ios_base& (*)(std::ios_base&)\x1b[m\x1b[K\xe2\x80\x99\n'}
[5.924738] (rc_interaction) StderrLine: {'line': b'  127 |       operator<<(\x1b[01;36m\x1b[Kios_base& (*__pf) (ios_base&)\x1b[m\x1b[K)\n'}
[5.924761] (rc_interaction) StderrLine: {'line': b'      |                  \x1b[01;36m\x1b[K~~~~~~~~~~~~^~~~~~~~~~~~~~~~~\x1b[m\x1b[K\n'}
[5.924785] (rc_interaction) StderrLine: {'line': b'\x1b[01m\x1b[K/usr/include/c++/11/ostream:166:7:\x1b[m\x1b[K \x1b[01;36m\x1b[Knote: \x1b[m\x1b[Kcandidate: \xe2\x80\x98\x1b[01m\x1b[Kstd::basic_ostream<_CharT, _Traits>::__ostream_type& std::basic_ostream<_CharT, _Traits>::operator<<(long int) [with _CharT = char; _Traits = std::char_traits<char>; std::basic_ostream<_CharT, _Traits>::__ostream_type = std::basic_ostream<char>]\x1b[m\x1b[K\xe2\x80\x99\n'}
[5.926342] (rc_interaction) StderrLine: {'line': b'  166 |       \x1b[01;36m\x1b[Koperator\x1b[m\x1b[K<<(long __n)\n'}
[5.926409] (rc_interaction) StderrLine: {'line': b'      |       \x1b[01;36m\x1b[K^~~~~~~~\x1b[m\x1b[K\n'}
[5.926444] (rc_interaction) StderrLine: {'line': b'\x1b[01m\x1b[K/usr/include/c++/11/ostream:166:23:\x1b[m\x1b[K \x1b[01;36m\x1b[Knote: \x1b[m\x1b[K  no known conversion for argument 1 from \xe2\x80\x98\x1b[01m\x1b[K<unresolved overloaded function type>\x1b[m\x1b[K\xe2\x80\x99 to \xe2\x80\x98\x1b[01m\x1b[Klong int\x1b[m\x1b[K\xe2\x80\x99\n'}
[5.926558] (rc_interaction) StderrLine: {'line': b'  166 |       operator<<(\x1b[01;36m\x1b[Klong __n\x1b[m\x1b[K)\n'}
[5.926800] (rc_interaction) StderrLine: {'line': b'      |                  \x1b[01;36m\x1b[K~~~~~^~~\x1b[m\x1b[K\n'}
[5.926915] (rc_interaction) StderrLine: {'line': b'\x1b[01m\x1b[K/usr/include/c++/11/ostream:170:7:\x1b[m\x1b[K \x1b[01;36m\x1b[Knote: \x1b[m\x1b[Kcandidate: \xe2\x80\x98\x1b[01m\x1b[Kstd::basic_ostream<_CharT, _Traits>::__ostream_type& std::basic_ostream<_CharT, _Traits>::operator<<(long unsigned int) [with _CharT = char; _Traits = std::char_traits<char>; std::basic_ostream<_CharT, _Traits>::__ostream_type = std::basic_ostream<char>]\x1b[m\x1b[K\xe2\x80\x99\n'}
[5.926945] (rc_interaction) StderrLine: {'line': b'  170 |       \x1b[01;36m\x1b[Koperator\x1b[m\x1b[K<<(unsigned long __n)\n'}
[5.927004] (rc_interaction) StderrLine: {'line': b'      |       \x1b[01;36m\x1b[K^~~~~~~~\x1b[m\x1b[K\n'}
[5.927201] (rc_interaction) StderrLine: {'line': b'\x1b[01m\x1b[K/usr/include/c++/11/ostream:170:32:\x1b[m\x1b[K \x1b[01;36m\x1b[Knote: \x1b[m\x1b[K  no known conversion for argument 1 from \xe2\x80\x98\x1b[01m\x1b[K<unresolved overloaded function type>\x1b[m\x1b[K\xe2\x80\x99 to \xe2\x80\x98\x1b[01m\x1b[Klong unsigned int\x1b[m\x1b[K\xe2\x80\x99\n'}
[5.927250] (rc_interaction) StderrLine: {'line': b'  170 |       operator<<(\x1b[01;36m\x1b[Kunsigned long __n\x1b[m\x1b[K)\n'}
[5.927277] (rc_interaction) StderrLine: {'line': b'      |                  \x1b[01;36m\x1b[K~~~~~~~~~~~~~~^~~\x1b[m\x1b[K\n'}
[5.927303] (rc_interaction) StderrLine: {'line': b'\x1b[01m\x1b[K/usr/include/c++/11/ostream:174:7:\x1b[m\x1b[K \x1b[01;36m\x1b[Knote: \x1b[m\x1b[Kcandidate: \xe2\x80\x98\x1b[01m\x1b[Kstd::basic_ostream<_CharT, _Traits>::__ostream_type& std::basic_ostream<_CharT, _Traits>::operator<<(bool) [with _CharT = char; _Traits = std::char_traits<char>; std::basic_ostream<_CharT, _Traits>::__ostream_type = std::basic_ostream<char>]\x1b[m\x1b[K\xe2\x80\x99\n'}
[5.927334] (rc_interaction) StderrLine: {'line': b'  174 |       \x1b[01;36m\x1b[Koperator\x1b[m\x1b[K<<(bool __n)\n'}
[5.927359] (rc_interaction) StderrLine: {'line': b'      |       \x1b[01;36m\x1b[K^~~~~~~~\x1b[m\x1b[K\n'}
[5.927386] (rc_interaction) StderrLine: {'line': b'\x1b[01m\x1b[K/usr/include/c++/11/ostream:174:23:\x1b[m\x1b[K \x1b[01;36m\x1b[Knote: \x1b[m\x1b[K  no known conversion for argument 1 from \xe2\x80\x98\x1b[01m\x1b[K<unresolved overloaded function type>\x1b[m\x1b[K\xe2\x80\x99 to \xe2\x80\x98\x1b[01m\x1b[Kbool\x1b[m\x1b[K\xe2\x80\x99\n'}
[5.927414] (rc_interaction) StderrLine: {'line': b'  174 |       operator<<(\x1b[01;36m\x1b[Kbool __n\x1b[m\x1b[K)\n'}
[5.927441] (rc_interaction) StderrLine: {'line': b'      |                  \x1b[01;36m\x1b[K~~~~~^~~\x1b[m\x1b[K\n'}
[5.927467] (rc_interaction) StderrLine: {'line': b'In file included from \x1b[01m\x1b[K/usr/include/c++/11/ostream:829\x1b[m\x1b[K,\n'}
[5.927492] (rc_interaction) StderrLine: {'line': b'                 from \x1b[01m\x1b[K/usr/include/c++/11/iostream:39\x1b[m\x1b[K,\n'}
[5.927517] (rc_interaction) StderrLine: {'line': b'                 from \x1b[01m\x1b[K/opt/ros/humble/include/rclcpp/rclcpp/executor.hpp:22\x1b[m\x1b[K,\n'}
[5.927541] (rc_interaction) StderrLine: {'line': b'                 from \x1b[01m\x1b[K/opt/ros/humble/include/rclcpp/rclcpp/executors/multi_threaded_executor.hpp:25\x1b[m\x1b[K,\n'}
[5.927568] (rc_interaction) StderrLine: {'line': b'                 from \x1b[01m\x1b[K/opt/ros/humble/include/rclcpp/rclcpp/executors.hpp:21\x1b[m\x1b[K,\n'}
[5.927593] (rc_interaction) StderrLine: {'line': b'                 from \x1b[01m\x1b[K/opt/ros/humble/include/rclcpp/rclcpp/rclcpp.hpp:155\x1b[m\x1b[K,\n'}
[5.927618] (rc_interaction) StderrLine: {'line': b'                 from \x1b[01m\x1b[K/home/zbt/Upper-main/rc_interaction/src/model_xbox.cpp:1\x1b[m\x1b[K:\n'}
[5.927644] (rc_interaction) StderrLine: {'line': b'\x1b[01m\x1b[K/usr/include/c++/11/bits/ostream.tcc:91:5:\x1b[m\x1b[K \x1b[01;36m\x1b[Knote: \x1b[m\x1b[Kcandidate: \xe2\x80\x98\x1b[01m\x1b[Kstd::basic_ostream<_Ch, _Tr>& std::basic_ostream<_CharT, _Traits>::operator<<(short int) [with _CharT = char; _Traits = std::char_traits<char>]\x1b[m\x1b[K\xe2\x80\x99\n'}
[5.927671] (rc_interaction) StderrLine: {'line': b'   91 |     \x1b[01;36m\x1b[Kbasic_ostream<_CharT, _Traits>\x1b[m\x1b[K::\n'}
[5.927696] (rc_interaction) StderrLine: {'line': b'      |     \x1b[01;36m\x1b[K^~~~~~~~~~~~~~~~~~~~~~~~~~~~~~\x1b[m\x1b[K\n'}
[5.927721] (rc_interaction) StderrLine: {'line': b'\x1b[01m\x1b[K/usr/include/c++/11/bits/ostream.tcc:92:22:\x1b[m\x1b[K \x1b[01;36m\x1b[Knote: \x1b[m\x1b[K  no known conversion for argument 1 from \xe2\x80\x98\x1b[01m\x1b[K<unresolved overloaded function type>\x1b[m\x1b[K\xe2\x80\x99 to \xe2\x80\x98\x1b[01m\x1b[Kshort int\x1b[m\x1b[K\xe2\x80\x99\n'}
[5.927747] (rc_interaction) StderrLine: {'line': b'   92 |     operator<<(\x1b[01;36m\x1b[Kshort __n\x1b[m\x1b[K)\n'}
[5.927777] (rc_interaction) StderrLine: {'line': b'      |                \x1b[01;36m\x1b[K~~~~~~^~~\x1b[m\x1b[K\n'}
[5.927803] (rc_interaction) StderrLine: {'line': b'In file included from \x1b[01m\x1b[K/usr/include/c++/11/iostream:39\x1b[m\x1b[K,\n'}
[5.927829] (rc_interaction) StderrLine: {'line': b'                 from \x1b[01m\x1b[K/opt/ros/humble/include/rclcpp/rclcpp/executor.hpp:22\x1b[m\x1b[K,\n'}
[5.927854] (rc_interaction) StderrLine: {'line': b'                 from \x1b[01m\x1b[K/opt/ros/humble/include/rclcpp/rclcpp/executors/multi_threaded_executor.hpp:25\x1b[m\x1b[K,\n'}
[5.927882] (rc_interaction) StderrLine: {'line': b'                 from \x1b[01m\x1b[K/opt/ros/humble/include/rclcpp/rclcpp/executors.hpp:21\x1b[m\x1b[K,\n'}
[5.927907] (rc_interaction) StderrLine: {'line': b'                 from \x1b[01m\x1b[K/opt/ros/humble/include/rclcpp/rclcpp/rclcpp.hpp:155\x1b[m\x1b[K,\n'}
[5.927932] (rc_interaction) StderrLine: {'line': b'                 from \x1b[01m\x1b[K/home/zbt/Upper-main/rc_interaction/src/model_xbox.cpp:1\x1b[m\x1b[K:\n'}
[5.927957] (rc_interaction) StderrLine: {'line': b'\x1b[01m\x1b[K/usr/include/c++/11/ostream:181:7:\x1b[m\x1b[K \x1b[01;36m\x1b[Knote: \x1b[m\x1b[Kcandidate: \xe2\x80\x98\x1b[01m\x1b[Kstd::basic_ostream<_CharT, _Traits>::__ostream_type& std::basic_ostream<_CharT, _Traits>::operator<<(short unsigned int) [with _CharT = char; _Traits = std::char_traits<char>; std::basic_ostream<_CharT, _Traits>::__ostream_type = std::basic_ostream<char>]\x1b[m\x1b[K\xe2\x80\x99\n'}
[5.927983] (rc_interaction) StderrLine: {'line': b'  181 |       \x1b[01;36m\x1b[Koperator\x1b[m\x1b[K<<(unsigned short __n)\n'}
[5.928008] (rc_interaction) StderrLine: {'line': b'      |       \x1b[01;36m\x1b[K^~~~~~~~\x1b[m\x1b[K\n'}
[5.928035] (rc_interaction) StderrLine: {'line': b'\x1b[01m\x1b[K/usr/include/c++/11/ostream:181:33:\x1b[m\x1b[K \x1b[01;36m\x1b[Knote: \x1b[m\x1b[K  no known conversion for argument 1 from \xe2\x80\x98\x1b[01m\x1b[K<unresolved overloaded function type>\x1b[m\x1b[K\xe2\x80\x99 to \xe2\x80\x98\x1b[01m\x1b[Kshort unsigned int\x1b[m\x1b[K\xe2\x80\x99\n'}
[5.928061] (rc_interaction) StderrLine: {'line': b'  181 |       operator<<(\x1b[01;36m\x1b[Kunsigned short __n\x1b[m\x1b[K)\n'}
[5.928086] (rc_interaction) StderrLine: {'line': b'      |                  \x1b[01;36m\x1b[K~~~~~~~~~~~~~~~^~~\x1b[m\x1b[K\n'}
[5.928111] (rc_interaction) StderrLine: {'line': b'In file included from \x1b[01m\x1b[K/usr/include/c++/11/ostream:829\x1b[m\x1b[K,\n'}
[5.928137] (rc_interaction) StderrLine: {'line': b'                 from \x1b[01m\x1b[K/usr/include/c++/11/iostream:39\x1b[m\x1b[K,\n'}
[5.928161] (rc_interaction) StderrLine: {'line': b'                 from \x1b[01m\x1b[K/opt/ros/humble/include/rclcpp/rclcpp/executor.hpp:22\x1b[m\x1b[K,\n'}
[5.928187] (rc_interaction) StderrLine: {'line': b'                 from \x1b[01m\x1b[K/opt/ros/humble/include/rclcpp/rclcpp/executors/multi_threaded_executor.hpp:25\x1b[m\x1b[K,\n'}
[5.928211] (rc_interaction) StderrLine: {'line': b'                 from \x1b[01m\x1b[K/opt/ros/humble/include/rclcpp/rclcpp/executors.hpp:21\x1b[m\x1b[K,\n'}
[5.928236] (rc_interaction) StderrLine: {'line': b'                 from \x1b[01m\x1b[K/opt/ros/humble/include/rclcpp/rclcpp/rclcpp.hpp:155\x1b[m\x1b[K,\n'}
[5.928262] (rc_interaction) StderrLine: {'line': b'                 from \x1b[01m\x1b[K/home/zbt/Upper-main/rc_interaction/src/model_xbox.cpp:1\x1b[m\x1b[K:\n'}
[5.928286] (rc_interaction) StderrLine: {'line': b'\x1b[01m\x1b[K/usr/include/c++/11/bits/ostream.tcc:105:5:\x1b[m\x1b[K \x1b[01;36m\x1b[Knote: \x1b[m\x1b[Kcandidate: \xe2\x80\x98\x1b[01m\x1b[Kstd::basic_ostream<_Ch, _Tr>& std::basic_ostream<_CharT, _Traits>::operator<<(int) [with _CharT = char; _Traits = std::char_traits<char>]\x1b[m\x1b[K\xe2\x80\x99\n'}
[5.928314] (rc_interaction) StderrLine: {'line': b'  105 |     \x1b[01;36m\x1b[Kbasic_ostream<_CharT, _Traits>\x1b[m\x1b[K::\n'}
[5.928339] (rc_interaction) StderrLine: {'line': b'      |     \x1b[01;36m\x1b[K^~~~~~~~~~~~~~~~~~~~~~~~~~~~~~\x1b[m\x1b[K\n'}
[5.928364] (rc_interaction) StderrLine: {'line': b'\x1b[01m\x1b[K/usr/include/c++/11/bits/ostream.tcc:106:20:\x1b[m\x1b[K \x1b[01;36m\x1b[Knote: \x1b[m\x1b[K  no known conversion for argument 1 from \xe2\x80\x98\x1b[01m\x1b[K<unresolved overloaded function type>\x1b[m\x1b[K\xe2\x80\x99 to \xe2\x80\x98\x1b[01m\x1b[Kint\x1b[m\x1b[K\xe2\x80\x99\n'}
[5.928390] (rc_interaction) StderrLine: {'line': b'  106 |     operator<<(\x1b[01;36m\x1b[Kint __n\x1b[m\x1b[K)\n'}
[5.928419] (rc_interaction) StderrLine: {'line': b'      |                \x1b[01;36m\x1b[K~~~~^~~\x1b[m\x1b[K\n'}
[5.928443] (rc_interaction) StderrLine: {'line': b'In file included from \x1b[01m\x1b[K/usr/include/c++/11/iostream:39\x1b[m\x1b[K,\n'}
[5.928467] (rc_interaction) StderrLine: {'line': b'                 from \x1b[01m\x1b[K/opt/ros/humble/include/rclcpp/rclcpp/executor.hpp:22\x1b[m\x1b[K,\n'}
[5.928492] (rc_interaction) StderrLine: {'line': b'                 from \x1b[01m\x1b[K/opt/ros/humble/include/rclcpp/rclcpp/executors/multi_threaded_executor.hpp:25\x1b[m\x1b[K,\n'}
[5.928517] (rc_interaction) StderrLine: {'line': b'                 from \x1b[01m\x1b[K/opt/ros/humble/include/rclcpp/rclcpp/executors.hpp:21\x1b[m\x1b[K,\n'}
[5.928541] (rc_interaction) StderrLine: {'line': b'                 from \x1b[01m\x1b[K/opt/ros/humble/include/rclcpp/rclcpp/rclcpp.hpp:155\x1b[m\x1b[K,\n'}
[5.928568] (rc_interaction) StderrLine: {'line': b'                 from \x1b[01m\x1b[K/home/zbt/Upper-main/rc_interaction/src/model_xbox.cpp:1\x1b[m\x1b[K:\n'}
[5.928592] (rc_interaction) StderrLine: {'line': b'\x1b[01m\x1b[K/usr/include/c++/11/ostream:192:7:\x1b[m\x1b[K \x1b[01;36m\x1b[Knote: \x1b[m\x1b[Kcandidate: \xe2\x80\x98\x1b[01m\x1b[Kstd::basic_ostream<_CharT, _Traits>::__ostream_type& std::basic_ostream<_CharT, _Traits>::operator<<(unsigned int) [with _CharT = char; _Traits = std::char_traits<char>; std::basic_ostream<_CharT, _Traits>::__ostream_type = std::basic_ostream<char>]\x1b[m\x1b[K\xe2\x80\x99\n'}
[5.928623] (rc_interaction) StderrLine: {'line': b'  192 |       \x1b[01;36m\x1b[Koperator\x1b[m\x1b[K<<(unsigned int __n)\n'}
[5.932200] (rc_interaction) StderrLine: {'line': b'      |       \x1b[01;36m\x1b[K^~~~~~~~\x1b[m\x1b[K\n'}
[5.932246] (rc_interaction) StderrLine: {'line': b'\x1b[01m\x1b[K/usr/include/c++/11/ostream:192:31:\x1b[m\x1b[K \x1b[01;36m\x1b[Knote: \x1b[m\x1b[K  no known conversion for argument 1 from \xe2\x80\x98\x1b[01m\x1b[K<unresolved overloaded function type>\x1b[m\x1b[K\xe2\x80\x99 to \xe2\x80\x98\x1b[01m\x1b[Kunsigned int\x1b[m\x1b[K\xe2\x80\x99\n'}
[5.932280] (rc_interaction) StderrLine: {'line': b'  192 |       operator<<(\x1b[01;36m\x1b[Kunsigned int __n\x1b[m\x1b[K)\n'}
[5.932310] (rc_interaction) StderrLine: {'line': b'      |                  \x1b[01;36m\x1b[K~~~~~~~~~~~~~^~~\x1b[m\x1b[K\n'}
[5.932878] (rc_interaction) StderrLine: {'line': b'\x1b[01m\x1b[K/usr/include/c++/11/ostream:201:7:\x1b[m\x1b[K \x1b[01;36m\x1b[Knote: \x1b[m\x1b[Kcandidate: \xe2\x80\x98\x1b[01m\x1b[Kstd::basic_ostream<_CharT, _Traits>::__ostream_type& std::basic_ostream<_CharT, _Traits>::operator<<(long long int) [with _CharT = char; _Traits = std::char_traits<char>; std::basic_ostream<_CharT, _Traits>::__ostream_type = std::basic_ostream<char>]\x1b[m\x1b[K\xe2\x80\x99\n'}
[5.932923] (rc_interaction) StderrLine: {'line': b'  201 |       \x1b[01;36m\x1b[Koperator\x1b[m\x1b[K<<(long long __n)\n'}
[5.932957] (rc_interaction) StderrLine: {'line': b'      |       \x1b[01;36m\x1b[K^~~~~~~~\x1b[m\x1b[K\n'}
[5.932984] (rc_interaction) StderrLine: {'line': b'\x1b[01m\x1b[K/usr/include/c++/11/ostream:201:28:\x1b[m\x1b[K \x1b[01;36m\x1b[Knote: \x1b[m\x1b[K  no known conversion for argument 1 from \xe2\x80\x98\x1b[01m\x1b[K<unresolved overloaded function type>\x1b[m\x1b[K\xe2\x80\x99 to \xe2\x80\x98\x1b[01m\x1b[Klong long int\x1b[m\x1b[K\xe2\x80\x99\n'}
[5.933011] (rc_interaction) StderrLine: {'line': b'  201 |       operator<<(\x1b[01;36m\x1b[Klong long __n\x1b[m\x1b[K)\n'}
[5.933036] (rc_interaction) StderrLine: {'line': b'      |                  \x1b[01;36m\x1b[K~~~~~~~~~~^~~\x1b[m\x1b[K\n'}
[5.933062] (rc_interaction) StderrLine: {'line': b'\x1b[01m\x1b[K/usr/include/c++/11/ostream:205:7:\x1b[m\x1b[K \x1b[01;36m\x1b[Knote: \x1b[m\x1b[Kcandidate: \xe2\x80\x98\x1b[01m\x1b[Kstd::basic_ostream<_CharT, _Traits>::__ostream_type& std::basic_ostream<_CharT, _Traits>::operator<<(long long unsigned int) [with _CharT = char; _Traits = std::char_traits<char>; std::basic_ostream<_CharT, _Traits>::__ostream_type = std::basic_ostream<char>]\x1b[m\x1b[K\xe2\x80\x99\n'}
[5.933088] (rc_interaction) StderrLine: {'line': b'  205 |       \x1b[01;36m\x1b[Koperator\x1b[m\x1b[K<<(unsigned long long __n)\n'}
[5.933113] (rc_interaction) StderrLine: {'line': b'      |       \x1b[01;36m\x1b[K^~~~~~~~\x1b[m\x1b[K\n'}
[5.933137] (rc_interaction) StderrLine: {'line': b'\x1b[01m\x1b[K/usr/include/c++/11/ostream:205:37:\x1b[m\x1b[K \x1b[01;36m\x1b[Knote: \x1b[m\x1b[K  no known conversion for argument 1 from \xe2\x80\x98\x1b[01m\x1b[K<unresolved overloaded function type>\x1b[m\x1b[K\xe2\x80\x99 to \xe2\x80\x98\x1b[01m\x1b[Klong long unsigned int\x1b[m\x1b[K\xe2\x80\x99\n'}
[5.933163] (rc_interaction) StderrLine: {'line': b'  205 |       operator<<(\x1b[01;36m\x1b[Kunsigned long long __n\x1b[m\x1b[K)\n'}
[5.933187] (rc_interaction) StderrLine: {'line': b'      |                  \x1b[01;36m\x1b[K~~~~~~~~~~~~~~~~~~~^~~\x1b[m\x1b[K\n'}
[5.933220] (rc_interaction) StderrLine: {'line': b'\x1b[01m\x1b[K/usr/include/c++/11/ostream:220:7:\x1b[m\x1b[K \x1b[01;36m\x1b[Knote: \x1b[m\x1b[Kcandidate: \xe2\x80\x98\x1b[01m\x1b[Kstd::basic_ostream<_CharT, _Traits>::__ostream_type& std::basic_ostream<_CharT, _Traits>::operator<<(double) [with _CharT = char; _Traits = std::char_traits<char>; std::basic_ostream<_CharT, _Traits>::__ostream_type = std::basic_ostream<char>]\x1b[m\x1b[K\xe2\x80\x99\n'}
[5.936582] (rc_interaction) StderrLine: {'line': b'  220 |       \x1b[01;36m\x1b[Koperator\x1b[m\x1b[K<<(double __f)\n'}
[5.936647] (rc_interaction) StderrLine: {'line': b'      |       \x1b[01;36m\x1b[K^~~~~~~~\x1b[m\x1b[K\n'}
[5.936700] (rc_interaction) StderrLine: {'line': b'\x1b[01m\x1b[K/usr/include/c++/11/ostream:220:25:\x1b[m\x1b[K \x1b[01;36m\x1b[Knote: \x1b[m\x1b[K  no known conversion for argument 1 from \xe2\x80\x98\x1b[01m\x1b[K<unresolved overloaded function type>\x1b[m\x1b[K\xe2\x80\x99 to \xe2\x80\x98\x1b[01m\x1b[Kdouble\x1b[m\x1b[K\xe2\x80\x99\n'}
[5.936731] (rc_interaction) StderrLine: {'line': b'  220 |       operator<<(\x1b[01;36m\x1b[Kdouble __f\x1b[m\x1b[K)\n'}
[5.936759] (rc_interaction) StderrLine: {'line': b'      |                  \x1b[01;36m\x1b[K~~~~~~~^~~\x1b[m\x1b[K\n'}
[5.936786] (rc_interaction) StderrLine: {'line': b'\x1b[01m\x1b[K/usr/include/c++/11/ostream:224:7:\x1b[m\x1b[K \x1b[01;36m\x1b[Knote: \x1b[m\x1b[Kcandidate: \xe2\x80\x98\x1b[01m\x1b[Kstd::basic_ostream<_CharT, _Traits>::__ostream_type& std::basic_ostream<_CharT, _Traits>::operator<<(float) [with _CharT = char; _Traits = std::char_traits<char>; std::basic_ostream<_CharT, _Traits>::__ostream_type = std::basic_ostream<char>]\x1b[m\x1b[K\xe2\x80\x99\n'}
[5.936814] (rc_interaction) StderrLine: {'line': b'  224 |       \x1b[01;36m\x1b[Koperator\x1b[m\x1b[K<<(float __f)\n'}
[5.936840] (rc_interaction) StderrLine: {'line': b'      |       \x1b[01;36m\x1b[K^~~~~~~~\x1b[m\x1b[K\n'}
[5.936864] (rc_interaction) StderrLine: {'line': b'\x1b[01m\x1b[K/usr/include/c++/11/ostream:224:24:\x1b[m\x1b[K \x1b[01;36m\x1b[Knote: \x1b[m\x1b[K  no known conversion for argument 1 from \xe2\x80\x98\x1b[01m\x1b[K<unresolved overloaded function type>\x1b[m\x1b[K\xe2\x80\x99 to \xe2\x80\x98\x1b[01m\x1b[Kfloat\x1b[m\x1b[K\xe2\x80\x99\n'}
[5.936890] (rc_interaction) StderrLine: {'line': b'  224 |       operator<<(\x1b[01;36m\x1b[Kfloat __f\x1b[m\x1b[K)\n'}
[5.936916] (rc_interaction) StderrLine: {'line': b'      |                  \x1b[01;36m\x1b[K~~~~~~^~~\x1b[m\x1b[K\n'}
[5.936944] (rc_interaction) StderrLine: {'line': b'\x1b[01m\x1b[K/usr/include/c++/11/ostream:232:7:\x1b[m\x1b[K \x1b[01;36m\x1b[Knote: \x1b[m\x1b[Kcandidate: \xe2\x80\x98\x1b[01m\x1b[Kstd::basic_ostream<_CharT, _Traits>::__ostream_type& std::basic_ostream<_CharT, _Traits>::operator<<(long double) [with _CharT = char; _Traits = std::char_traits<char>; std::basic_ostream<_CharT, _Traits>::__ostream_type = std::basic_ostream<char>]\x1b[m\x1b[K\xe2\x80\x99\n'}
[5.936975] (rc_interaction) StderrLine: {'line': b'  232 |       \x1b[01;36m\x1b[Koperator\x1b[m\x1b[K<<(long double __f)\n'}
[5.937000] (rc_interaction) StderrLine: {'line': b'      |       \x1b[01;36m\x1b[K^~~~~~~~\x1b[m\x1b[K\n'}
[5.937025] (rc_interaction) StderrLine: {'line': b'\x1b[01m\x1b[K/usr/include/c++/11/ostream:232:30:\x1b[m\x1b[K \x1b[01;36m\x1b[Knote: \x1b[m\x1b[K  no known conversion for argument 1 from \xe2\x80\x98\x1b[01m\x1b[K<unresolved overloaded function type>\x1b[m\x1b[K\xe2\x80\x99 to \xe2\x80\x98\x1b[01m\x1b[Klong double\x1b[m\x1b[K\xe2\x80\x99\n'}
[5.937051] (rc_interaction) StderrLine: {'line': b'  232 |       operator<<(\x1b[01;36m\x1b[Klong double __f\x1b[m\x1b[K)\n'}
[5.937075] (rc_interaction) StderrLine: {'line': b'      |                  \x1b[01;36m\x1b[K~~~~~~~~~~~~^~~\x1b[m\x1b[K\n'}
[5.937100] (rc_interaction) StderrLine: {'line': b'\x1b[01m\x1b[K/usr/include/c++/11/ostream:245:7:\x1b[m\x1b[K \x1b[01;36m\x1b[Knote: \x1b[m\x1b[Kcandidate: \xe2\x80\x98\x1b[01m\x1b[Kstd::basic_ostream<_CharT, _Traits>::__ostream_type& std::basic_ostream<_CharT, _Traits>::operator<<(const void*) [with _CharT = char; _Traits = std::char_traits<char>; std::basic_ostream<_CharT, _Traits>::__ostream_type = std::basic_ostream<char>]\x1b[m\x1b[K\xe2\x80\x99\n'}
[5.937126] (rc_interaction) StderrLine: {'line': b'  245 |       \x1b[01;36m\x1b[Koperator\x1b[m\x1b[K<<(const void* __p)\n'}
[5.937152] (rc_interaction) StderrLine: {'line': b'      |       \x1b[01;36m\x1b[K^~~~~~~~\x1b[m\x1b[K\n'}
[5.937179] (rc_interaction) StderrLine: {'line': b'\x1b[01m\x1b[K/usr/include/c++/11/ostream:245:30:\x1b[m\x1b[K \x1b[01;36m\x1b[Knote: \x1b[m\x1b[K  no known conversion for argument 1 from \xe2\x80\x98\x1b[01m\x1b[K<unresolved overloaded function type>\x1b[m\x1b[K\xe2\x80\x99 to \xe2\x80\x98\x1b[01m\x1b[Kconst void*\x1b[m\x1b[K\xe2\x80\x99\n'}
[5.937206] (rc_interaction) StderrLine: {'line': b'  245 |       operator<<(\x1b[01;36m\x1b[Kconst void* __p\x1b[m\x1b[K)\n'}
[5.937231] (rc_interaction) StderrLine: {'line': b'      |                  \x1b[01;36m\x1b[K~~~~~~~~~~~~^~~\x1b[m\x1b[K\n'}
[5.937256] (rc_interaction) StderrLine: {'line': b'\x1b[01m\x1b[K/usr/include/c++/11/ostream:250:7:\x1b[m\x1b[K \x1b[01;36m\x1b[Knote: \x1b[m\x1b[Kcandidate: \xe2\x80\x98\x1b[01m\x1b[Kstd::basic_ostream<_CharT, _Traits>::__ostream_type& std::basic_ostream<_CharT, _Traits>::operator<<(std::nullptr_t) [with _CharT = char; _Traits = std::char_traits<char>; std::basic_ostream<_CharT, _Traits>::__ostream_type = std::basic_ostream<char>; std::nullptr_t = std::nullptr_t]\x1b[m\x1b[K\xe2\x80\x99\n'}
[5.937282] (rc_interaction) StderrLine: {'line': b'  250 |       \x1b[01;36m\x1b[Koperator\x1b[m\x1b[K<<(nullptr_t)\n'}
[5.937307] (rc_interaction) StderrLine: {'line': b'      |       \x1b[01;36m\x1b[K^~~~~~~~\x1b[m\x1b[K\n'}
[5.937331] (rc_interaction) StderrLine: {'line': b'\x1b[01m\x1b[K/usr/include/c++/11/ostream:250:18:\x1b[m\x1b[K \x1b[01;36m\x1b[Knote: \x1b[m\x1b[K  no known conversion for argument 1 from \xe2\x80\x98\x1b[01m\x1b[K<unresolved overloaded function type>\x1b[m\x1b[K\xe2\x80\x99 to \xe2\x80\x98\x1b[01m\x1b[Kstd::nullptr_t\x1b[m\x1b[K\xe2\x80\x99\n'}
[5.937357] (rc_interaction) StderrLine: {'line': b'  250 |       operator<<(\x1b[01;36m\x1b[Knullptr_t\x1b[m\x1b[K)\n'}
[5.937381] (rc_interaction) StderrLine: {'line': b'      |                  \x1b[01;36m\x1b[K^~~~~~~~~\x1b[m\x1b[K\n'}
[5.937409] (rc_interaction) StderrLine: {'line': b'In file included from \x1b[01m\x1b[K/usr/include/c++/11/ostream:829\x1b[m\x1b[K,\n'}
[5.937435] (rc_interaction) StderrLine: {'line': b'                 from \x1b[01m\x1b[K/usr/include/c++/11/iostream:39\x1b[m\x1b[K,\n'}
[5.937460] (rc_interaction) StderrLine: {'line': b'                 from \x1b[01m\x1b[K/opt/ros/humble/include/rclcpp/rclcpp/executor.hpp:22\x1b[m\x1b[K,\n'}
[5.937488] (rc_interaction) StderrLine: {'line': b'                 from \x1b[01m\x1b[K/opt/ros/humble/include/rclcpp/rclcpp/executors/multi_threaded_executor.hpp:25\x1b[m\x1b[K,\n'}
[5.938060] (rc_interaction) StderrLine: {'line': b'                 from \x1b[01m\x1b[K/opt/ros/humble/include/rclcpp/rclcpp/executors.hpp:21\x1b[m\x1b[K,\n'}
[5.939654] (rc_interaction) StderrLine: {'line': b'                 from \x1b[01m\x1b[K/opt/ros/humble/include/rclcpp/rclcpp/rclcpp.hpp:155\x1b[m\x1b[K,\n'}
[5.939697] (rc_interaction) StderrLine: {'line': b'                 from \x1b[01m\x1b[K/home/zbt/Upper-main/rc_interaction/src/model_xbox.cpp:1\x1b[m\x1b[K:\n'}
[5.939731] (rc_interaction) StderrLine: {'line': b'\x1b[01m\x1b[K/usr/include/c++/11/bits/ostream.tcc:119:5:\x1b[m\x1b[K \x1b[01;36m\x1b[Knote: \x1b[m\x1b[Kcandidate: \xe2\x80\x98\x1b[01m\x1b[Kstd::basic_ostream<_Ch, _Tr>& std::basic_ostream<_CharT, _Traits>::operator<<(std::basic_ostream<_CharT, _Traits>::__streambuf_type*) [with _CharT = char; _Traits = std::char_traits<char>; std::basic_ostream<_CharT, _Traits>::__streambuf_type = std::basic_streambuf<char>]\x1b[m\x1b[K\xe2\x80\x99\n'}
[5.939769] (rc_interaction) StderrLine: {'line': b'  119 |     \x1b[01;36m\x1b[Kbasic_ostream<_CharT, _Traits>\x1b[m\x1b[K::\n'}
[5.939797] (rc_interaction) StderrLine: {'line': b'      |     \x1b[01;36m\x1b[K^~~~~~~~~~~~~~~~~~~~~~~~~~~~~~\x1b[m\x1b[K\n'}
[5.939823] (rc_interaction) StderrLine: {'line': b'\x1b[01m\x1b[K/usr/include/c++/11/bits/ostream.tcc:120:34:\x1b[m\x1b[K \x1b[01;36m\x1b[Knote: \x1b[m\x1b[K  no known conversion for argument 1 from \xe2\x80\x98\x1b[01m\x1b[K<unresolved overloaded function type>\x1b[m\x1b[K\xe2\x80\x99 to \xe2\x80\x98\x1b[01m\x1b[Kstd::basic_ostream<char>::__streambuf_type*\x1b[m\x1b[K\xe2\x80\x99 {aka \xe2\x80\x98\x1b[01m\x1b[Kstd::basic_streambuf<char>*\x1b[m\x1b[K\xe2\x80\x99}\n'}
[5.939855] (rc_interaction) StderrLine: {'line': b'  120 |     operator<<(\x1b[01;36m\x1b[K__streambuf_type* __sbin\x1b[m\x1b[K)\n'}
[5.939880] (rc_interaction) StderrLine: {'line': b'      |                \x1b[01;36m\x1b[K~~~~~~~~~~~~~~~~~~^~~~~~\x1b[m\x1b[K\n'}
[5.939906] (rc_interaction) StderrLine: {'line': b'In file included from \x1b[01m\x1b[K/home/zbt/Upper-main/rc_interaction/include/rc_interaction/xbox360_node.hpp:34\x1b[m\x1b[K,\n'}
[5.939931] (rc_interaction) StderrLine: {'line': b'                 from \x1b[01m\x1b[K/home/zbt/Upper-main/rc_interaction/src/model_xbox.cpp:3\x1b[m\x1b[K:\n'}
[5.939956] (rc_interaction) StderrLine: {'line': b'\x1b[01m\x1b[K/home/zbt/Upper-main/rc_interaction/include/rc_interaction/utils.hpp:6:15:\x1b[m\x1b[K \x1b[01;36m\x1b[Knote: \x1b[m\x1b[Kcandidate: \xe2\x80\x98\x1b[01m\x1b[Ktemplate<class T> std::ostream& operator<<(std::ostream&, std::vector<BufferT>&)\x1b[m\x1b[K\xe2\x80\x99\n'}
[5.939986] (rc_interaction) StderrLine: {'line': b'    6 | std::ostream &\x1b[01;36m\x1b[Koperator\x1b[m\x1b[K<<(std::ostream &os, std::vector<T> &__vec) {\n'}
[5.940013] (rc_interaction) StderrLine: {'line': b'      |               \x1b[01;36m\x1b[K^~~~~~~~\x1b[m\x1b[K\n'}
[5.940039] (rc_interaction) StderrLine: {'line': b'\x1b[01m\x1b[K/home/zbt/Upper-main/rc_interaction/include/rc_interaction/utils.hpp:6:15:\x1b[m\x1b[K \x1b[01;36m\x1b[Knote: \x1b[m\x1b[K  template argument deduction/substitution failed:\n'}
[5.940064] (rc_interaction) StderrLine: {'line': b'In file included from \x1b[01m\x1b[K/home/zbt/Upper-main/rc_interaction/src/model_xbox.cpp:4\x1b[m\x1b[K:\n'}
[5.940089] (rc_interaction) StderrLine: {'line': b'\x1b[01m\x1b[K/home/zbt/Upper-main/rc_interaction/include/rc_interaction/sbus_node.hpp:215:34:\x1b[m\x1b[K \x1b[01;36m\x1b[Knote: \x1b[m\x1b[K  couldn\xe2\x80\x99t deduce template parameter \xe2\x80\x98\x1b[01m\x1b[KT\x1b[m\x1b[K\xe2\x80\x99\n'}
[5.940114] (rc_interaction) StderrLine: {'line': b'  215 |       cout<<vel_.twist.linear.x<<\x1b[01;36m\x1b[Kend\x1b[m\x1b[K;\n'}
[5.940139] (rc_interaction) StderrLine: {'line': b'      |                                  \x1b[01;36m\x1b[K^~~\x1b[m\x1b[K\n'}
[5.940164] (rc_interaction) StderrLine: {'line': b'In file included from \x1b[01m\x1b[K/usr/include/c++/11/memory:77\x1b[m\x1b[K,\n'}
[5.940188] (rc_interaction) StderrLine: {'line': b'                 from \x1b[01m\x1b[K/opt/ros/humble/include/rclcpp/rclcpp/rclcpp.hpp:153\x1b[m\x1b[K,\n'}
[5.940213] (rc_interaction) StderrLine: {'line': b'                 from \x1b[01m\x1b[K/home/zbt/Upper-main/rc_interaction/src/model_xbox.cpp:1\x1b[m\x1b[K:\n'}
[5.940238] (rc_interaction) StderrLine: {'line': b'\x1b[01m\x1b[K/usr/include/c++/11/bits/shared_ptr.h:70:5:\x1b[m\x1b[K \x1b[01;36m\x1b[Knote: \x1b[m\x1b[Kcandidate: \xe2\x80\x98\x1b[01m\x1b[Ktemplate<class _Ch, class _Tr, class _Tp, __gnu_cxx::_Lock_policy _Lp> std::basic_ostream<_Ch, _Tr>& std::operator<<(std::basic_ostream<_Ch, _Tr>&, const std::__shared_ptr<_Tp, _Lp>&)\x1b[m\x1b[K\xe2\x80\x99\n'}
[5.940267] (rc_interaction) StderrLine: {'line': b'   70 |     \x1b[01;36m\x1b[Koperator\x1b[m\x1b[K<<(std::basic_ostream<_Ch, _Tr>& __os,\n'}
[5.940292] (rc_interaction) StderrLine: {'line': b'      |     \x1b[01;36m\x1b[K^~~~~~~~\x1b[m\x1b[K\n'}
[5.940317] (rc_interaction) StderrLine: {'line': b'\x1b[01m\x1b[K/usr/include/c++/11/bits/shared_ptr.h:70:5:\x1b[m\x1b[K \x1b[01;36m\x1b[Knote: \x1b[m\x1b[K  template argument deduction/substitution failed:\n'}
[5.940342] (rc_interaction) StderrLine: {'line': b'In file included from \x1b[01m\x1b[K/home/zbt/Upper-main/rc_interaction/src/model_xbox.cpp:4\x1b[m\x1b[K:\n'}
[5.940367] (rc_interaction) StderrLine: {'line': b'\x1b[01m\x1b[K/home/zbt/Upper-main/rc_interaction/include/rc_interaction/sbus_node.hpp:215:34:\x1b[m\x1b[K \x1b[01;36m\x1b[Knote: \x1b[m\x1b[K  couldn\xe2\x80\x99t deduce template parameter \xe2\x80\x98\x1b[01m\x1b[K_Tp\x1b[m\x1b[K\xe2\x80\x99\n'}
[5.940394] (rc_interaction) StderrLine: {'line': b'  215 |       cout<<vel_.twist.linear.x<<\x1b[01;36m\x1b[Kend\x1b[m\x1b[K;\n'}
[5.940420] (rc_interaction) StderrLine: {'line': b'      |                                  \x1b[01;36m\x1b[K^~~\x1b[m\x1b[K\n'}
[5.940446] (rc_interaction) StderrLine: {'line': b'In file included from \x1b[01m\x1b[K/usr/include/c++/11/bits/basic_string.h:48\x1b[m\x1b[K,\n'}
[5.940471] (rc_interaction) StderrLine: {'line': b'                 from \x1b[01m\x1b[K/usr/include/c++/11/string:55\x1b[m\x1b[K,\n'}
[5.940501] (rc_interaction) StderrLine: {'line': b'                 from \x1b[01m\x1b[K/usr/include/c++/11/stdexcept:39\x1b[m\x1b[K,\n'}
[5.940526] (rc_interaction) StderrLine: {'line': b'                 from \x1b[01m\x1b[K/usr/include/c++/11/system_error:41\x1b[m\x1b[K,\n'}
[5.940551] (rc_interaction) StderrLine: {'line': b'                 from \x1b[01m\x1b[K/usr/include/c++/11/mutex:42\x1b[m\x1b[K,\n'}
[5.940575] (rc_interaction) StderrLine: {'line': b'                 from \x1b[01m\x1b[K/usr/include/c++/11/future:38\x1b[m\x1b[K,\n'}
[5.940600] (rc_interaction) StderrLine: {'line': b'                 from \x1b[01m\x1b[K/opt/ros/humble/include/rclcpp/rclcpp/executors.hpp:18\x1b[m\x1b[K,\n'}
[5.940624] (rc_interaction) StderrLine: {'line': b'                 from \x1b[01m\x1b[K/opt/ros/humble/include/rclcpp/rclcpp/rclcpp.hpp:155\x1b[m\x1b[K,\n'}
[5.940649] (rc_interaction) StderrLine: {'line': b'                 from \x1b[01m\x1b[K/home/zbt/Upper-main/rc_interaction/src/model_xbox.cpp:1\x1b[m\x1b[K:\n'}
[5.941131] (rc_interaction) StderrLine: {'line': b'\x1b[01m\x1b[K/usr/include/c++/11/string_view:667:5:\x1b[m\x1b[K \x1b[01;36m\x1b[Knote: \x1b[m\x1b[Kcandidate: \xe2\x80\x98\x1b[01m\x1b[Kstd::basic_ostream<_Ch, _Tr>& std::operator<<(std::basic_ostream<_Ch, _Tr>&, std::basic_string_view<_CharT, _Traits>) [with _CharT = char; _Traits = std::char_traits<char>]\x1b[m\x1b[K\xe2\x80\x99\n'}
[5.941176] (rc_interaction) StderrLine: {'line': b'  667 |     \x1b[01;36m\x1b[Koperator\x1b[m\x1b[K<<(basic_ostream<_CharT, _Traits>& __os,\n'}
[5.941207] (rc_interaction) StderrLine: {'line': b'      |     \x1b[01;36m\x1b[K^~~~~~~~\x1b[m\x1b[K\n'}
[5.941234] (rc_interaction) StderrLine: {'line': b'\x1b[01m\x1b[K/usr/include/c++/11/string_view:668:50:\x1b[m\x1b[K \x1b[01;36m\x1b[Knote: \x1b[m\x1b[K  no known conversion for argument 2 from \xe2\x80\x98\x1b[01m\x1b[K<unresolved overloaded function type>\x1b[m\x1b[K\xe2\x80\x99 to \xe2\x80\x98\x1b[01m\x1b[Kstd::basic_string_view<char>\x1b[m\x1b[K\xe2\x80\x99\n'}
[5.941260] (rc_interaction) StderrLine: {'line': b'  668 |                \x1b[01;36m\x1b[Kbasic_string_view<_CharT,_Traits> __str\x1b[m\x1b[K)\n'}
[5.941285] (rc_interaction) StderrLine: {'line': b'      |                \x1b[01;36m\x1b[K~~~~~~~~~~~~~~~~~~~~~~~~~~~~~~~~~~^~~~~\x1b[m\x1b[K\n'}
[5.941312] (rc_interaction) StderrLine: {'line': b'In file included from \x1b[01m\x1b[K/usr/include/c++/11/string:55\x1b[m\x1b[K,\n'}
[5.941337] (rc_interaction) StderrLine: {'line': b'                 from \x1b[01m\x1b[K/usr/include/c++/11/stdexcept:39\x1b[m\x1b[K,\n'}
[5.941362] (rc_interaction) StderrLine: {'line': b'                 from \x1b[01m\x1b[K/usr/include/c++/11/system_error:41\x1b[m\x1b[K,\n'}
[5.941387] (rc_interaction) StderrLine: {'line': b'                 from \x1b[01m\x1b[K/usr/include/c++/11/mutex:42\x1b[m\x1b[K,\n'}
[5.941415] (rc_interaction) StderrLine: {'line': b'                 from \x1b[01m\x1b[K/usr/include/c++/11/future:38\x1b[m\x1b[K,\n'}
[5.941441] (rc_interaction) StderrLine: {'line': b'                 from \x1b[01m\x1b[K/opt/ros/humble/include/rclcpp/rclcpp/executors.hpp:18\x1b[m\x1b[K,\n'}
[5.941466] (rc_interaction) StderrLine: {'line': b'                 from \x1b[01m\x1b[K/opt/ros/humble/include/rclcpp/rclcpp/rclcpp.hpp:155\x1b[m\x1b[K,\n'}
[5.941492] (rc_interaction) StderrLine: {'line': b'                 from \x1b[01m\x1b[K/home/zbt/Upper-main/rc_interaction/src/model_xbox.cpp:1\x1b[m\x1b[K:\n'}
[5.941522] (rc_interaction) StderrLine: {'line': b'\x1b[01m\x1b[K/usr/include/c++/11/bits/basic_string.h:6531:5:\x1b[m\x1b[K \x1b[01;36m\x1b[Knote: \x1b[m\x1b[Kcandidate: \xe2\x80\x98\x1b[01m\x1b[Ktemplate<class _CharT, class _Traits, class _Alloc> std::basic_ostream<_Ch, _Tr>& std::operator<<(std::basic_ostream<_Ch, _Tr>&, const std::__cxx11::basic_string<_CharT, _Traits, _Allocator>&)\x1b[m\x1b[K\xe2\x80\x99\n'}
[5.941552] (rc_interaction) StderrLine: {'line': b' 6531 |     \x1b[01;36m\x1b[Koperator\x1b[m\x1b[K<<(basic_ostream<_CharT, _Traits>& __os,\n'}
[5.941577] (rc_interaction) StderrLine: {'line': b'      |     \x1b[01;36m\x1b[K^~~~~~~~\x1b[m\x1b[K\n'}
[5.941602] (rc_interaction) StderrLine: {'line': b'\x1b[01m\x1b[K/usr/include/c++/11/bits/basic_string.h:6531:5:\x1b[m\x1b[K \x1b[01;36m\x1b[Knote: \x1b[m\x1b[K  template argument deduction/substitution failed:\n'}
[5.941628] (rc_interaction) StderrLine: {'line': b'In file included from \x1b[01m\x1b[K/home/zbt/Upper-main/rc_interaction/src/model_xbox.cpp:4\x1b[m\x1b[K:\n'}
[5.941654] (rc_interaction) StderrLine: {'line': b'\x1b[01m\x1b[K/home/zbt/Upper-main/rc_interaction/include/rc_interaction/sbus_node.hpp:215:34:\x1b[m\x1b[K \x1b[01;36m\x1b[Knote: \x1b[m\x1b[K  couldn\xe2\x80\x99t deduce template parameter \xe2\x80\x98\x1b[01m\x1b[K_Alloc\x1b[m\x1b[K\xe2\x80\x99\n'}
[5.941681] (rc_interaction) StderrLine: {'line': b'  215 |       cout<<vel_.twist.linear.x<<\x1b[01;36m\x1b[Kend\x1b[m\x1b[K;\n'}
[5.941707] (rc_interaction) StderrLine: {'line': b'      |                                  \x1b[01;36m\x1b[K^~~\x1b[m\x1b[K\n'}
[5.941732] (rc_interaction) StderrLine: {'line': b'In file included from \x1b[01m\x1b[K/usr/include/c++/11/mutex:42\x1b[m\x1b[K,\n'}
[5.941758] (rc_interaction) StderrLine: {'line': b'                 from \x1b[01m\x1b[K/usr/include/c++/11/future:38\x1b[m\x1b[K,\n'}
[5.941783] (rc_interaction) StderrLine: {'line': b'                 from \x1b[01m\x1b[K/opt/ros/humble/include/rclcpp/rclcpp/executors.hpp:18\x1b[m\x1b[K,\n'}
[5.941810] (rc_interaction) StderrLine: {'line': b'                 from \x1b[01m\x1b[K/opt/ros/humble/include/rclcpp/rclcpp/rclcpp.hpp:155\x1b[m\x1b[K,\n'}
[5.941840] (rc_interaction) StderrLine: {'line': b'                 from \x1b[01m\x1b[K/home/zbt/Upper-main/rc_interaction/src/model_xbox.cpp:1\x1b[m\x1b[K:\n'}
[5.941866] (rc_interaction) StderrLine: {'line': b'\x1b[01m\x1b[K/usr/include/c++/11/system_error:279:5:\x1b[m\x1b[K \x1b[01;36m\x1b[Knote: \x1b[m\x1b[Kcandidate: \xe2\x80\x98\x1b[01m\x1b[Ktemplate<class _CharT, class _Traits> std::basic_ostream<_Ch, _Tr>& std::operator<<(std::basic_ostream<_Ch, _Tr>&, const std::error_code&)\x1b[m\x1b[K\xe2\x80\x99\n'}
[5.941892] (rc_interaction) StderrLine: {'line': b'  279 |     \x1b[01;36m\x1b[Koperator\x1b[m\x1b[K<<(basic_ostream<_CharT, _Traits>& __os, const error_code& __e)\n'}
[5.941919] (rc_interaction) StderrLine: {'line': b'      |     \x1b[01;36m\x1b[K^~~~~~~~\x1b[m\x1b[K\n'}
[5.941947] (rc_interaction) StderrLine: {'line': b'\x1b[01m\x1b[K/usr/include/c++/11/system_error:279:5:\x1b[m\x1b[K \x1b[01;36m\x1b[Knote: \x1b[m\x1b[K  template argument deduction/substitution failed:\n'}
[5.941973] (rc_interaction) StderrLine: {'line': b'In file included from \x1b[01m\x1b[K/home/zbt/Upper-main/rc_interaction/src/model_xbox.cpp:4\x1b[m\x1b[K:\n'}
[5.942000] (rc_interaction) StderrLine: {'line': b'\x1b[01m\x1b[K/home/zbt/Upper-main/rc_interaction/include/rc_interaction/sbus_node.hpp:215:34:\x1b[m\x1b[K \x1b[01;36m\x1b[Knote: \x1b[m\x1b[K  cannot convert \xe2\x80\x98\x1b[01m\x1b[Kstd::end\x1b[m\x1b[K\xe2\x80\x99 (type \xe2\x80\x98\x1b[01m\x1b[K<unresolved overloaded function type>\x1b[m\x1b[K\xe2\x80\x99) to type \xe2\x80\x98\x1b[01m\x1b[Kconst std::error_code&\x1b[m\x1b[K\xe2\x80\x99\n'}
[5.942026] (rc_interaction) StderrLine: {'line': b'  215 |       cout<<vel_.twist.linear.x<<\x1b[01;36m\x1b[Kend\x1b[m\x1b[K;\n'}
[5.942052] (rc_interaction) StderrLine: {'line': b'      |                                  \x1b[01;36m\x1b[K^~~\x1b[m\x1b[K\n'}
[5.942077] (rc_interaction) StderrLine: {'line': b'In file included from \x1b[01m\x1b[K/opt/ros/humble/include/rclcpp/rclcpp/executors/multi_threaded_executor.hpp:22\x1b[m\x1b[K,\n'}
[5.942104] (rc_interaction) StderrLine: {'line': b'                 from \x1b[01m\x1b[K/opt/ros/humble/include/rclcpp/rclcpp/executors.hpp:21\x1b[m\x1b[K,\n'}
[5.942129] (rc_interaction) StderrLine: {'line': b'                 from \x1b[01m\x1b[K/opt/ros/humble/include/rclcpp/rclcpp/rclcpp.hpp:155\x1b[m\x1b[K,\n'}
[5.942154] (rc_interaction) StderrLine: {'line': b'                 from \x1b[01m\x1b[K/home/zbt/Upper-main/rc_interaction/src/model_xbox.cpp:1\x1b[m\x1b[K:\n'}
[5.942179] (rc_interaction) StderrLine: {'line': b'\x1b[01m\x1b[K/usr/include/c++/11/thread:92:5:\x1b[m\x1b[K \x1b[01;36m\x1b[Knote: \x1b[m\x1b[Kcandidate: \xe2\x80\x98\x1b[01m\x1b[Ktemplate<class _CharT, class _Traits> std::basic_ostream<_Ch, _Tr>& std::operator<<(std::basic_ostream<_Ch, _Tr>&, std::thread::id)\x1b[m\x1b[K\xe2\x80\x99\n'}
[5.942204] (rc_interaction) StderrLine: {'line': b'   92 |     \x1b[01;36m\x1b[Koperator\x1b[m\x1b[K<<(basic_ostream<_CharT, _Traits>& __out, thread::id __id)\n'}
[5.942229] (rc_interaction) StderrLine: {'line': b'      |     \x1b[01;36m\x1b[K^~~~~~~~\x1b[m\x1b[K\n'}
[5.942254] (rc_interaction) StderrLine: {'line': b'\x1b[01m\x1b[K/usr/include/c++/11/thread:92:5:\x1b[m\x1b[K \x1b[01;36m\x1b[Knote: \x1b[m\x1b[K  template argument deduction/substitution failed:\n'}
[5.942279] (rc_interaction) StderrLine: {'line': b'In file included from \x1b[01m\x1b[K/home/zbt/Upper-main/rc_interaction/src/model_xbox.cpp:4\x1b[m\x1b[K:\n'}
[5.942304] (rc_interaction) StderrLine: {'line': b'\x1b[01m\x1b[K/home/zbt/Upper-main/rc_interaction/include/rc_interaction/sbus_node.hpp:215:34:\x1b[m\x1b[K \x1b[01;36m\x1b[Knote: \x1b[m\x1b[K  cannot convert \xe2\x80\x98\x1b[01m\x1b[Kstd::end\x1b[m\x1b[K\xe2\x80\x99 (type \xe2\x80\x98\x1b[01m\x1b[K<unresolved overloaded function type>\x1b[m\x1b[K\xe2\x80\x99) to type \xe2\x80\x98\x1b[01m\x1b[Kstd::thread::id\x1b[m\x1b[K\xe2\x80\x99\n'}
[5.942333] (rc_interaction) StderrLine: {'line': b'  215 |       cout<<vel_.twist.linear.x<<\x1b[01;36m\x1b[Kend\x1b[m\x1b[K;\n'}
[5.942358] (rc_interaction) StderrLine: {'line': b'      |                                  \x1b[01;36m\x1b[K^~~\x1b[m\x1b[K\n'}
[5.942383] (rc_interaction) StderrLine: {'line': b'In file included from \x1b[01m\x1b[K/usr/include/c++/11/iostream:39\x1b[m\x1b[K,\n'}
[5.942408] (rc_interaction) StderrLine: {'line': b'                 from \x1b[01m\x1b[K/opt/ros/humble/include/rclcpp/rclcpp/executor.hpp:22\x1b[m\x1b[K,\n'}
[5.942437] (rc_interaction) StderrLine: {'line': b'                 from \x1b[01m\x1b[K/opt/ros/humble/include/rclcpp/rclcpp/executors/multi_threaded_executor.hpp:25\x1b[m\x1b[K,\n'}
[5.942462] (rc_interaction) StderrLine: {'line': b'                 from \x1b[01m\x1b[K/opt/ros/humble/include/rclcpp/rclcpp/executors.hpp:21\x1b[m\x1b[K,\n'}
[5.942490] (rc_interaction) StderrLine: {'line': b'                 from \x1b[01m\x1b[K/opt/ros/humble/include/rclcpp/rclcpp/rclcpp.hpp:155\x1b[m\x1b[K,\n'}
[5.942515] (rc_interaction) StderrLine: {'line': b'                 from \x1b[01m\x1b[K/home/zbt/Upper-main/rc_interaction/src/model_xbox.cpp:1\x1b[m\x1b[K:\n'}
[5.942540] (rc_interaction) StderrLine: {'line': b'\x1b[01m\x1b[K/usr/include/c++/11/ostream:513:5:\x1b[m\x1b[K \x1b[01;36m\x1b[Knote: \x1b[m\x1b[Kcandidate: \xe2\x80\x98\x1b[01m\x1b[Kstd::basic_ostream<_Ch, _Tr>& std::operator<<(std::basic_ostream<_Ch, _Tr>&, _CharT) [with _CharT = char; _Traits = std::char_traits<char>]\x1b[m\x1b[K\xe2\x80\x99\n'}
[5.942566] (rc_interaction) StderrLine: {'line': b'  513 |     \x1b[01;36m\x1b[Koperator\x1b[m\x1b[K<<(basic_ostream<_CharT, _Traits>& __out, _CharT __c)\n'}
[5.942591] (rc_interaction) StderrLine: {'line': b'      |     \x1b[01;36m\x1b[K^~~~~~~~\x1b[m\x1b[K\n'}
[5.942616] (rc_interaction) StderrLine: {'line': b'\x1b[01m\x1b[K/usr/include/c++/11/ostream:513:62:\x1b[m\x1b[K \x1b[01;36m\x1b[Knote: \x1b[m\x1b[K  no known conversion for argument 2 from \xe2\x80\x98\x1b[01m\x1b[K<unresolved overloaded function type>\x1b[m\x1b[K\xe2\x80\x99 to \xe2\x80\x98\x1b[01m\x1b[Kchar\x1b[m\x1b[K\xe2\x80\x99\n'}
[5.942644] (rc_interaction) StderrLine: {'line': b'  513 |     operator<<(basic_ostream<_CharT, _Traits>& __out, \x1b[01;36m\x1b[K_CharT __c\x1b[m\x1b[K)\n'}
[5.947346] (rc_interaction) StderrLine: {'line': b'      |                                                       \x1b[01;36m\x1b[K~~~~~~~^~~\x1b[m\x1b[K\n'}
[5.947417] (rc_interaction) StderrLine: {'line': b'\x1b[01m\x1b[K/usr/include/c++/11/ostream:518:5:\x1b[m\x1b[K \x1b[01;36m\x1b[Knote: \x1b[m\x1b[Kcandidate: \xe2\x80\x98\x1b[01m\x1b[Ktemplate<class _CharT, class _Traits> std::basic_ostream<_Ch, _Tr>& std::operator<<(std::basic_ostream<_Ch, _Tr>&, char)\x1b[m\x1b[K\xe2\x80\x99\n'}
[5.947459] (rc_interaction) StderrLine: {'line': b'  518 |     \x1b[01;36m\x1b[Koperator\x1b[m\x1b[K<<(basic_ostream<_CharT, _Traits>& __out, char __c)\n'}
[5.947574] (rc_interaction) StderrLine: {'line': b'      |     \x1b[01;36m\x1b[K^~~~~~~~\x1b[m\x1b[K\n'}
[5.948674] (rc_interaction) StderrLine: {'line': b'\x1b[01m\x1b[K/usr/include/c++/11/ostream:518:5:\x1b[m\x1b[K \x1b[01;36m\x1b[Knote: \x1b[m\x1b[K  template argument deduction/substitution failed:\n'}
[5.948725] (rc_interaction) StderrLine: {'line': b'In file included from \x1b[01m\x1b[K/home/zbt/Upper-main/rc_interaction/src/model_xbox.cpp:4\x1b[m\x1b[K:\n'}
[5.949272] (rc_interaction) StderrLine: {'line': b'\x1b[01m\x1b[K/home/zbt/Upper-main/rc_interaction/include/rc_interaction/sbus_node.hpp:215:34:\x1b[m\x1b[K \x1b[01;36m\x1b[Knote: \x1b[m\x1b[K  cannot convert \xe2\x80\x98\x1b[01m\x1b[Kstd::end\x1b[m\x1b[K\xe2\x80\x99 (type \xe2\x80\x98\x1b[01m\x1b[K<unresolved overloaded function type>\x1b[m\x1b[K\xe2\x80\x99) to type \xe2\x80\x98\x1b[01m\x1b[Kchar\x1b[m\x1b[K\xe2\x80\x99\n'}
[5.949341] (rc_interaction) StderrLine: {'line': b'  215 |       cout<<vel_.twist.linear.x<<\x1b[01;36m\x1b[Kend\x1b[m\x1b[K;\n'}
[5.949805] (rc_interaction) StderrLine: {'line': b'      |                                  \x1b[01;36m\x1b[K^~~\x1b[m\x1b[K\n'}
[5.949840] (rc_interaction) StderrLine: {'line': b'In file included from \x1b[01m\x1b[K/usr/include/c++/11/iostream:39\x1b[m\x1b[K,\n'}
[5.949868] (rc_interaction) StderrLine: {'line': b'                 from \x1b[01m\x1b[K/opt/ros/humble/include/rclcpp/rclcpp/executor.hpp:22\x1b[m\x1b[K,\n'}
[5.949895] (rc_interaction) StderrLine: {'line': b'                 from \x1b[01m\x1b[K/opt/ros/humble/include/rclcpp/rclcpp/executors/multi_threaded_executor.hpp:25\x1b[m\x1b[K,\n'}
[5.949927] (rc_interaction) StderrLine: {'line': b'                 from \x1b[01m\x1b[K/opt/ros/humble/include/rclcpp/rclcpp/executors.hpp:21\x1b[m\x1b[K,\n'}
[5.949952] (rc_interaction) StderrLine: {'line': b'                 from \x1b[01m\x1b[K/opt/ros/humble/include/rclcpp/rclcpp/rclcpp.hpp:155\x1b[m\x1b[K,\n'}
[5.949977] (rc_interaction) StderrLine: {'line': b'                 from \x1b[01m\x1b[K/home/zbt/Upper-main/rc_interaction/src/model_xbox.cpp:1\x1b[m\x1b[K:\n'}
[5.950002] (rc_interaction) StderrLine: {'line': b'\x1b[01m\x1b[K/usr/include/c++/11/ostream:524:5:\x1b[m\x1b[K \x1b[01;36m\x1b[Knote: \x1b[m\x1b[Kcandidate: \xe2\x80\x98\x1b[01m\x1b[Ktemplate<class _Traits> std::basic_ostream<char, _Traits>& std::operator<<(std::basic_ostream<char, _Traits>&, char)\x1b[m\x1b[K\xe2\x80\x99\n'}
[5.950028] (rc_interaction) StderrLine: {'line': b'  524 |     \x1b[01;36m\x1b[Koperator\x1b[m\x1b[K<<(basic_ostream<char, _Traits>& __out, char __c)\n'}
[5.950053] (rc_interaction) StderrLine: {'line': b'      |     \x1b[01;36m\x1b[K^~~~~~~~\x1b[m\x1b[K\n'}
[5.950078] (rc_interaction) StderrLine: {'line': b'\x1b[01m\x1b[K/usr/include/c++/11/ostream:524:5:\x1b[m\x1b[K \x1b[01;36m\x1b[Knote: \x1b[m\x1b[K  template argument deduction/substitution failed:\n'}
[5.950104] (rc_interaction) StderrLine: {'line': b'In file included from \x1b[01m\x1b[K/home/zbt/Upper-main/rc_interaction/src/model_xbox.cpp:4\x1b[m\x1b[K:\n'}
[5.950130] (rc_interaction) StderrLine: {'line': b'\x1b[01m\x1b[K/home/zbt/Upper-main/rc_interaction/include/rc_interaction/sbus_node.hpp:215:34:\x1b[m\x1b[K \x1b[01;36m\x1b[Knote: \x1b[m\x1b[K  cannot convert \xe2\x80\x98\x1b[01m\x1b[Kstd::end\x1b[m\x1b[K\xe2\x80\x99 (type \xe2\x80\x98\x1b[01m\x1b[K<unresolved overloaded function type>\x1b[m\x1b[K\xe2\x80\x99) to type \xe2\x80\x98\x1b[01m\x1b[Kchar\x1b[m\x1b[K\xe2\x80\x99\n'}
[5.950163] (rc_interaction) StderrLine: {'line': b'  215 |       cout<<vel_.twist.linear.x<<\x1b[01;36m\x1b[Kend\x1b[m\x1b[K;\n'}
[5.950189] (rc_interaction) StderrLine: {'line': b'      |                                  \x1b[01;36m\x1b[K^~~\x1b[m\x1b[K\n'}
[5.950215] (rc_interaction) StderrLine: {'line': b'In file included from \x1b[01m\x1b[K/usr/include/c++/11/iostream:39\x1b[m\x1b[K,\n'}
[5.950239] (rc_interaction) StderrLine: {'line': b'                 from \x1b[01m\x1b[K/opt/ros/humble/include/rclcpp/rclcpp/executor.hpp:22\x1b[m\x1b[K,\n'}
[5.950264] (rc_interaction) StderrLine: {'line': b'                 from \x1b[01m\x1b[K/opt/ros/humble/include/rclcpp/rclcpp/executors/multi_threaded_executor.hpp:25\x1b[m\x1b[K,\n'}
[5.950288] (rc_interaction) StderrLine: {'line': b'                 from \x1b[01m\x1b[K/opt/ros/humble/include/rclcpp/rclcpp/executors.hpp:21\x1b[m\x1b[K,\n'}
[5.950313] (rc_interaction) StderrLine: {'line': b'                 from \x1b[01m\x1b[K/opt/ros/humble/include/rclcpp/rclcpp/rclcpp.hpp:155\x1b[m\x1b[K,\n'}
[5.950337] (rc_interaction) StderrLine: {'line': b'                 from \x1b[01m\x1b[K/home/zbt/Upper-main/rc_interaction/src/model_xbox.cpp:1\x1b[m\x1b[K:\n'}
[5.950362] (rc_interaction) StderrLine: {'line': b'\x1b[01m\x1b[K/usr/include/c++/11/ostream:530:5:\x1b[m\x1b[K \x1b[01;36m\x1b[Knote: \x1b[m\x1b[Kcandidate: \xe2\x80\x98\x1b[01m\x1b[Ktemplate<class _Traits> std::basic_ostream<char, _Traits>& std::operator<<(std::basic_ostream<char, _Traits>&, signed char)\x1b[m\x1b[K\xe2\x80\x99\n'}
[5.950393] (rc_interaction) StderrLine: {'line': b'  530 |     \x1b[01;36m\x1b[Koperator\x1b[m\x1b[K<<(basic_ostream<char, _Traits>& __out, signed char __c)\n'}
[5.950418] (rc_interaction) StderrLine: {'line': b'      |     \x1b[01;36m\x1b[K^~~~~~~~\x1b[m\x1b[K\n'}
[5.950443] (rc_interaction) StderrLine: {'line': b'\x1b[01m\x1b[K/usr/include/c++/11/ostream:530:5:\x1b[m\x1b[K \x1b[01;36m\x1b[Knote: \x1b[m\x1b[K  template argument deduction/substitution failed:\n'}
[5.950467] (rc_interaction) StderrLine: {'line': b'In file included from \x1b[01m\x1b[K/home/zbt/Upper-main/rc_interaction/src/model_xbox.cpp:4\x1b[m\x1b[K:\n'}
[5.950492] (rc_interaction) StderrLine: {'line': b'\x1b[01m\x1b[K/home/zbt/Upper-main/rc_interaction/include/rc_interaction/sbus_node.hpp:215:34:\x1b[m\x1b[K \x1b[01;36m\x1b[Knote: \x1b[m\x1b[K  cannot convert \xe2\x80\x98\x1b[01m\x1b[Kstd::end\x1b[m\x1b[K\xe2\x80\x99 (type \xe2\x80\x98\x1b[01m\x1b[K<unresolved overloaded function type>\x1b[m\x1b[K\xe2\x80\x99) to type \xe2\x80\x98\x1b[01m\x1b[Ksigned char\x1b[m\x1b[K\xe2\x80\x99\n'}
[5.950518] (rc_interaction) StderrLine: {'line': b'  215 |       cout<<vel_.twist.linear.x<<\x1b[01;36m\x1b[Kend\x1b[m\x1b[K;\n'}
[5.950543] (rc_interaction) StderrLine: {'line': b'      |                                  \x1b[01;36m\x1b[K^~~\x1b[m\x1b[K\n'}
[5.950567] (rc_interaction) StderrLine: {'line': b'In file included from \x1b[01m\x1b[K/usr/include/c++/11/iostream:39\x1b[m\x1b[K,\n'}
[5.950591] (rc_interaction) StderrLine: {'line': b'                 from \x1b[01m\x1b[K/opt/ros/humble/include/rclcpp/rclcpp/executor.hpp:22\x1b[m\x1b[K,\n'}
[5.950616] (rc_interaction) StderrLine: {'line': b'                 from \x1b[01m\x1b[K/opt/ros/humble/include/rclcpp/rclcpp/executors/multi_threaded_executor.hpp:25\x1b[m\x1b[K,\n'}
[5.950641] (rc_interaction) StderrLine: {'line': b'                 from \x1b[01m\x1b[K/opt/ros/humble/include/rclcpp/rclcpp/executors.hpp:21\x1b[m\x1b[K,\n'}
[5.950667] (rc_interaction) StderrLine: {'line': b'                 from \x1b[01m\x1b[K/opt/ros/humble/include/rclcpp/rclcpp/rclcpp.hpp:155\x1b[m\x1b[K,\n'}
[5.950701] (rc_interaction) StderrLine: {'line': b'                 from \x1b[01m\x1b[K/home/zbt/Upper-main/rc_interaction/src/model_xbox.cpp:1\x1b[m\x1b[K:\n'}
[5.954012] (rc_interaction) StderrLine: {'line': b'\x1b[01m\x1b[K/usr/include/c++/11/ostream:535:5:\x1b[m\x1b[K \x1b[01;36m\x1b[Knote: \x1b[m\x1b[Kcandidate: \xe2\x80\x98\x1b[01m\x1b[Ktemplate<class _Traits> std::basic_ostream<char, _Traits>& std::operator<<(std::basic_ostream<char, _Traits>&, unsigned char)\x1b[m\x1b[K\xe2\x80\x99\n'}
[5.954051] (rc_interaction) StderrLine: {'line': b'  535 |     \x1b[01;36m\x1b[Koperator\x1b[m\x1b[K<<(basic_ostream<char, _Traits>& __out, unsigned char __c)\n'}
[5.954079] (rc_interaction) StderrLine: {'line': b'      |     \x1b[01;36m\x1b[K^~~~~~~~\x1b[m\x1b[K\n'}
[5.954106] (rc_interaction) StderrLine: {'line': b'\x1b[01m\x1b[K/usr/include/c++/11/ostream:535:5:\x1b[m\x1b[K \x1b[01;36m\x1b[Knote: \x1b[m\x1b[K  template argument deduction/substitution failed:\n'}
[5.954132] (rc_interaction) StderrLine: {'line': b'In file included from \x1b[01m\x1b[K/home/zbt/Upper-main/rc_interaction/src/model_xbox.cpp:4\x1b[m\x1b[K:\n'}
[5.954157] (rc_interaction) StderrLine: {'line': b'\x1b[01m\x1b[K/home/zbt/Upper-main/rc_interaction/include/rc_interaction/sbus_node.hpp:215:34:\x1b[m\x1b[K \x1b[01;36m\x1b[Knote: \x1b[m\x1b[K  cannot convert \xe2\x80\x98\x1b[01m\x1b[Kstd::end\x1b[m\x1b[K\xe2\x80\x99 (type \xe2\x80\x98\x1b[01m\x1b[K<unresolved overloaded function type>\x1b[m\x1b[K\xe2\x80\x99) to type \xe2\x80\x98\x1b[01m\x1b[Kunsigned char\x1b[m\x1b[K\xe2\x80\x99\n'}
[5.954186] (rc_interaction) StderrLine: {'line': b'  215 |       cout<<vel_.twist.linear.x<<\x1b[01;36m\x1b[Kend\x1b[m\x1b[K;\n'}
[5.954211] (rc_interaction) StderrLine: {'line': b'      |                                  \x1b[01;36m\x1b[K^~~\x1b[m\x1b[K\n'}
[5.954240] (rc_interaction) StderrLine: {'line': b'In file included from \x1b[01m\x1b[K/usr/include/c++/11/iostream:39\x1b[m\x1b[K,\n'}
[5.954264] (rc_interaction) StderrLine: {'line': b'                 from \x1b[01m\x1b[K/opt/ros/humble/include/rclcpp/rclcpp/executor.hpp:22\x1b[m\x1b[K,\n'}
[5.954288] (rc_interaction) StderrLine: {'line': b'                 from \x1b[01m\x1b[K/opt/ros/humble/include/rclcpp/rclcpp/executors/multi_threaded_executor.hpp:25\x1b[m\x1b[K,\n'}
[5.954313] (rc_interaction) StderrLine: {'line': b'                 from \x1b[01m\x1b[K/opt/ros/humble/include/rclcpp/rclcpp/executors.hpp:21\x1b[m\x1b[K,\n'}
[5.954339] (rc_interaction) StderrLine: {'line': b'                 from \x1b[01m\x1b[K/opt/ros/humble/include/rclcpp/rclcpp/rclcpp.hpp:155\x1b[m\x1b[K,\n'}
[5.954363] (rc_interaction) StderrLine: {'line': b'                 from \x1b[01m\x1b[K/home/zbt/Upper-main/rc_interaction/src/model_xbox.cpp:1\x1b[m\x1b[K:\n'}
[5.954387] (rc_interaction) StderrLine: {'line': b'\x1b[01m\x1b[K/usr/include/c++/11/ostream:594:5:\x1b[m\x1b[K \x1b[01;36m\x1b[Knote: \x1b[m\x1b[Kcandidate: \xe2\x80\x98\x1b[01m\x1b[Kstd::basic_ostream<_Ch, _Tr>& std::operator<<(std::basic_ostream<_Ch, _Tr>&, const _CharT*) [with _CharT = char; _Traits = std::char_traits<char>]\x1b[m\x1b[K\xe2\x80\x99\n'}
[5.954413] (rc_interaction) StderrLine: {'line': b'  594 |     \x1b[01;36m\x1b[Koperator\x1b[m\x1b[K<<(basic_ostream<_CharT, _Traits>& __out, const _CharT* __s)\n'}
[5.954438] (rc_interaction) StderrLine: {'line': b'      |     \x1b[01;36m\x1b[K^~~~~~~~\x1b[m\x1b[K\n'}
[5.954463] (rc_interaction) StderrLine: {'line': b'\x1b[01m\x1b[K/usr/include/c++/11/ostream:594:69:\x1b[m\x1b[K \x1b[01;36m\x1b[Knote: \x1b[m\x1b[K  no known conversion for argument 2 from \xe2\x80\x98\x1b[01m\x1b[K<unresolved overloaded function type>\x1b[m\x1b[K\xe2\x80\x99 to \xe2\x80\x98\x1b[01m\x1b[Kconst char*\x1b[m\x1b[K\xe2\x80\x99\n'}
[5.954488] (rc_interaction) StderrLine: {'line': b'  594 |     operator<<(basic_ostream<_CharT, _Traits>& __out, \x1b[01;36m\x1b[Kconst _CharT* __s\x1b[m\x1b[K)\n'}
[5.954537] (rc_interaction) StderrLine: {'line': b'      |                                                       \x1b[01;36m\x1b[K~~~~~~~~~~~~~~^~~\x1b[m\x1b[K\n'}
[5.954564] (rc_interaction) StderrLine: {'line': b'In file included from \x1b[01m\x1b[K/usr/include/c++/11/ostream:829\x1b[m\x1b[K,\n'}
[5.955610] (rc_interaction) StderrLine: {'line': b'                 from \x1b[01m\x1b[K/usr/include/c++/11/iostream:39\x1b[m\x1b[K,\n'}
[5.955671] (rc_interaction) StderrLine: {'line': b'                 from \x1b[01m\x1b[K/opt/ros/humble/include/rclcpp/rclcpp/executor.hpp:22\x1b[m\x1b[K,\n'}
[5.955703] (rc_interaction) StderrLine: {'line': b'                 from \x1b[01m\x1b[K/opt/ros/humble/include/rclcpp/rclcpp/executors/multi_threaded_executor.hpp:25\x1b[m\x1b[K,\n'}
[5.955732] (rc_interaction) StderrLine: {'line': b'                 from \x1b[01m\x1b[K/opt/ros/humble/include/rclcpp/rclcpp/executors.hpp:21\x1b[m\x1b[K,\n'}
[5.955761] (rc_interaction) StderrLine: {'line': b'                 from \x1b[01m\x1b[K/opt/ros/humble/include/rclcpp/rclcpp/rclcpp.hpp:155\x1b[m\x1b[K,\n'}
[5.955786] (rc_interaction) StderrLine: {'line': b'                 from \x1b[01m\x1b[K/home/zbt/Upper-main/rc_interaction/src/model_xbox.cpp:1\x1b[m\x1b[K:\n'}
[5.959519] (rc_interaction) StderrLine: {'line': b'\x1b[01m\x1b[K/usr/include/c++/11/bits/ostream.tcc:321:5:\x1b[m\x1b[K \x1b[01;36m\x1b[Knote: \x1b[m\x1b[Kcandidate: \xe2\x80\x98\x1b[01m\x1b[Ktemplate<class _CharT, class _Traits> std::basic_ostream<_Ch, _Tr>& std::operator<<(std::basic_ostream<_Ch, _Tr>&, const char*)\x1b[m\x1b[K\xe2\x80\x99\n'}
[5.959576] (rc_interaction) StderrLine: {'line': b'  321 |     \x1b[01;36m\x1b[Koperator\x1b[m\x1b[K<<(basic_ostream<_CharT, _Traits>& __out, const char* __s)\n'}
[5.959610] (rc_interaction) StderrLine: {'line': b'      |     \x1b[01;36m\x1b[K^~~~~~~~\x1b[m\x1b[K\n'}
[5.959640] (rc_interaction) StderrLine: {'line': b'\x1b[01m\x1b[K/usr/include/c++/11/bits/ostream.tcc:321:5:\x1b[m\x1b[K \x1b[01;36m\x1b[Knote: \x1b[m\x1b[K  template argument deduction/substitution failed:\n'}
[5.959668] (rc_interaction) StderrLine: {'line': b'In file included from \x1b[01m\x1b[K/home/zbt/Upper-main/rc_interaction/src/model_xbox.cpp:4\x1b[m\x1b[K:\n'}
[5.959703] (rc_interaction) StderrLine: {'line': b'\x1b[01m\x1b[K/home/zbt/Upper-main/rc_interaction/include/rc_interaction/sbus_node.hpp:215:34:\x1b[m\x1b[K \x1b[01;36m\x1b[Knote: \x1b[m\x1b[K  cannot convert \xe2\x80\x98\x1b[01m\x1b[Kstd::end\x1b[m\x1b[K\xe2\x80\x99 (type \xe2\x80\x98\x1b[01m\x1b[K<unresolved overloaded function type>\x1b[m\x1b[K\xe2\x80\x99) to type \xe2\x80\x98\x1b[01m\x1b[Kconst char*\x1b[m\x1b[K\xe2\x80\x99\n'}
[5.959737] (rc_interaction) StderrLine: {'line': b'  215 |       cout<<vel_.twist.linear.x<<\x1b[01;36m\x1b[Kend\x1b[m\x1b[K;\n'}
[5.959765] (rc_interaction) StderrLine: {'line': b'      |                                  \x1b[01;36m\x1b[K^~~\x1b[m\x1b[K\n'}
[5.959793] (rc_interaction) StderrLine: {'line': b'In file included from \x1b[01m\x1b[K/usr/include/c++/11/iostream:39\x1b[m\x1b[K,\n'}
[5.959820] (rc_interaction) StderrLine: {'line': b'                 from \x1b[01m\x1b[K/opt/ros/humble/include/rclcpp/rclcpp/executor.hpp:22\x1b[m\x1b[K,\n'}
[5.959847] (rc_interaction) StderrLine: {'line': b'                 from \x1b[01m\x1b[K/opt/ros/humble/include/rclcpp/rclcpp/executors/multi_threaded_executor.hpp:25\x1b[m\x1b[K,\n'}
[5.959872] (rc_interaction) StderrLine: {'line': b'                 from \x1b[01m\x1b[K/opt/ros/humble/include/rclcpp/rclcpp/executors.hpp:21\x1b[m\x1b[K,\n'}
[5.959898] (rc_interaction) StderrLine: {'line': b'                 from \x1b[01m\x1b[K/opt/ros/humble/include/rclcpp/rclcpp/rclcpp.hpp:155\x1b[m\x1b[K,\n'}
[5.959923] (rc_interaction) StderrLine: {'line': b'                 from \x1b[01m\x1b[K/home/zbt/Upper-main/rc_interaction/src/model_xbox.cpp:1\x1b[m\x1b[K:\n'}
[5.959947] (rc_interaction) StderrLine: {'line': b'\x1b[01m\x1b[K/usr/include/c++/11/ostream:611:5:\x1b[m\x1b[K \x1b[01;36m\x1b[Knote: \x1b[m\x1b[Kcandidate: \xe2\x80\x98\x1b[01m\x1b[Ktemplate<class _Traits> std::basic_ostream<char, _Traits>& std::operator<<(std::basic_ostream<char, _Traits>&, const char*)\x1b[m\x1b[K\xe2\x80\x99\n'}
[5.959974] (rc_interaction) StderrLine: {'line': b'  611 |     \x1b[01;36m\x1b[Koperator\x1b[m\x1b[K<<(basic_ostream<char, _Traits>& __out, const char* __s)\n'}
[5.959999] (rc_interaction) StderrLine: {'line': b'      |     \x1b[01;36m\x1b[K^~~~~~~~\x1b[m\x1b[K\n'}
[5.960027] (rc_interaction) StderrLine: {'line': b'\x1b[01m\x1b[K/usr/include/c++/11/ostream:611:5:\x1b[m\x1b[K \x1b[01;36m\x1b[Knote: \x1b[m\x1b[K  template argument deduction/substitution failed:\n'}
[5.960051] (rc_interaction) StderrLine: {'line': b'In file included from \x1b[01m\x1b[K/home/zbt/Upper-main/rc_interaction/src/model_xbox.cpp:4\x1b[m\x1b[K:\n'}
[5.960076] (rc_interaction) StderrLine: {'line': b'\x1b[01m\x1b[K/home/zbt/Upper-main/rc_interaction/include/rc_interaction/sbus_node.hpp:215:34:\x1b[m\x1b[K \x1b[01;36m\x1b[Knote: \x1b[m\x1b[K  cannot convert \xe2\x80\x98\x1b[01m\x1b[Kstd::end\x1b[m\x1b[K\xe2\x80\x99 (type \xe2\x80\x98\x1b[01m\x1b[K<unresolved overloaded function type>\x1b[m\x1b[K\xe2\x80\x99) to type \xe2\x80\x98\x1b[01m\x1b[Kconst char*\x1b[m\x1b[K\xe2\x80\x99\n'}
[5.960102] (rc_interaction) StderrLine: {'line': b'  215 |       cout<<vel_.twist.linear.x<<\x1b[01;36m\x1b[Kend\x1b[m\x1b[K;\n'}
[5.960127] (rc_interaction) StderrLine: {'line': b'      |                                  \x1b[01;36m\x1b[K^~~\x1b[m\x1b[K\n'}
[5.960152] (rc_interaction) StderrLine: {'line': b'In file included from \x1b[01m\x1b[K/usr/include/c++/11/iostream:39\x1b[m\x1b[K,\n'}
[5.960177] (rc_interaction) StderrLine: {'line': b'                 from \x1b[01m\x1b[K/opt/ros/humble/include/rclcpp/rclcpp/executor.hpp:22\x1b[m\x1b[K,\n'}
[5.960203] (rc_interaction) StderrLine: {'line': b'                 from \x1b[01m\x1b[K/opt/ros/humble/include/rclcpp/rclcpp/executors/multi_threaded_executor.hpp:25\x1b[m\x1b[K,\n'}
[5.960228] (rc_interaction) StderrLine: {'line': b'                 from \x1b[01m\x1b[K/opt/ros/humble/include/rclcpp/rclcpp/executors.hpp:21\x1b[m\x1b[K,\n'}
[5.960253] (rc_interaction) StderrLine: {'line': b'                 from \x1b[01m\x1b[K/opt/ros/humble/include/rclcpp/rclcpp/rclcpp.hpp:155\x1b[m\x1b[K,\n'}
[5.960278] (rc_interaction) StderrLine: {'line': b'                 from \x1b[01m\x1b[K/home/zbt/Upper-main/rc_interaction/src/model_xbox.cpp:1\x1b[m\x1b[K:\n'}
[5.960302] (rc_interaction) StderrLine: {'line': b'\x1b[01m\x1b[K/usr/include/c++/11/ostream:624:5:\x1b[m\x1b[K \x1b[01;36m\x1b[Knote: \x1b[m\x1b[Kcandidate: \xe2\x80\x98\x1b[01m\x1b[Ktemplate<class _Traits> std::basic_ostream<char, _Traits>& std::operator<<(std::basic_ostream<char, _Traits>&, const signed char*)\x1b[m\x1b[K\xe2\x80\x99\n'}
[5.960328] (rc_interaction) StderrLine: {'line': b'  624 |     \x1b[01;36m\x1b[Koperator\x1b[m\x1b[K<<(basic_ostream<char, _Traits>& __out, const signed char* __s)\n'}
[5.960352] (rc_interaction) StderrLine: {'line': b'      |     \x1b[01;36m\x1b[K^~~~~~~~\x1b[m\x1b[K\n'}
[5.960376] (rc_interaction) StderrLine: {'line': b'\x1b[01m\x1b[K/usr/include/c++/11/ostream:624:5:\x1b[m\x1b[K \x1b[01;36m\x1b[Knote: \x1b[m\x1b[K  template argument deduction/substitution failed:\n'}
[5.960401] (rc_interaction) StderrLine: {'line': b'In file included from \x1b[01m\x1b[K/home/zbt/Upper-main/rc_interaction/src/model_xbox.cpp:4\x1b[m\x1b[K:\n'}
[5.960425] (rc_interaction) StderrLine: {'line': b'\x1b[01m\x1b[K/home/zbt/Upper-main/rc_interaction/include/rc_interaction/sbus_node.hpp:215:34:\x1b[m\x1b[K \x1b[01;36m\x1b[Knote: \x1b[m\x1b[K  cannot convert \xe2\x80\x98\x1b[01m\x1b[Kstd::end\x1b[m\x1b[K\xe2\x80\x99 (type \xe2\x80\x98\x1b[01m\x1b[K<unresolved overloaded function type>\x1b[m\x1b[K\xe2\x80\x99) to type \xe2\x80\x98\x1b[01m\x1b[Kconst signed char*\x1b[m\x1b[K\xe2\x80\x99\n'}
[5.960462] (rc_interaction) StderrLine: {'line': b'  215 |       cout<<vel_.twist.linear.x<<\x1b[01;36m\x1b[Kend\x1b[m\x1b[K;\n'}
[5.960488] (rc_interaction) StderrLine: {'line': b'      |                                  \x1b[01;36m\x1b[K^~~\x1b[m\x1b[K\n'}
[5.960515] (rc_interaction) StderrLine: {'line': b'In file included from \x1b[01m\x1b[K/usr/include/c++/11/iostream:39\x1b[m\x1b[K,\n'}
[5.960540] (rc_interaction) StderrLine: {'line': b'                 from \x1b[01m\x1b[K/opt/ros/humble/include/rclcpp/rclcpp/executor.hpp:22\x1b[m\x1b[K,\n'}
[5.960564] (rc_interaction) StderrLine: {'line': b'                 from \x1b[01m\x1b[K/opt/ros/humble/include/rclcpp/rclcpp/executors/multi_threaded_executor.hpp:25\x1b[m\x1b[K,\n'}
[5.960592] (rc_interaction) StderrLine: {'line': b'                 from \x1b[01m\x1b[K/opt/ros/humble/include/rclcpp/rclcpp/executors.hpp:21\x1b[m\x1b[K,\n'}
[5.960618] (rc_interaction) StderrLine: {'line': b'                 from \x1b[01m\x1b[K/opt/ros/humble/include/rclcpp/rclcpp/rclcpp.hpp:155\x1b[m\x1b[K,\n'}
[5.960643] (rc_interaction) StderrLine: {'line': b'                 from \x1b[01m\x1b[K/home/zbt/Upper-main/rc_interaction/src/model_xbox.cpp:1\x1b[m\x1b[K:\n'}
[5.960668] (rc_interaction) StderrLine: {'line': b'\x1b[01m\x1b[K/usr/include/c++/11/ostream:629:5:\x1b[m\x1b[K \x1b[01;36m\x1b[Knote: \x1b[m\x1b[Kcandidate: \xe2\x80\x98\x1b[01m\x1b[Ktemplate<class _Traits> std::basic_ostream<char, _Traits>& std::operator<<(std::basic_ostream<char, _Traits>&, const unsigned char*)\x1b[m\x1b[K\xe2\x80\x99\n'}
[5.960697] (rc_interaction) StderrLine: {'line': b'  629 |     \x1b[01;36m\x1b[Koperator\x1b[m\x1b[K<<(basic_ostream<char, _Traits>& __out, const unsigned char* __s)\n'}
[5.960722] (rc_interaction) StderrLine: {'line': b'      |     \x1b[01;36m\x1b[K^~~~~~~~\x1b[m\x1b[K\n'}
[5.960746] (rc_interaction) StderrLine: {'line': b'\x1b[01m\x1b[K/usr/include/c++/11/ostream:629:5:\x1b[m\x1b[K \x1b[01;36m\x1b[Knote: \x1b[m\x1b[K  template argument deduction/substitution failed:\n'}
[5.960774] (rc_interaction) StderrLine: {'line': b'In file included from \x1b[01m\x1b[K/home/zbt/Upper-main/rc_interaction/src/model_xbox.cpp:4\x1b[m\x1b[K:\n'}
[5.960798] (rc_interaction) StderrLine: {'line': b'\x1b[01m\x1b[K/home/zbt/Upper-main/rc_interaction/include/rc_interaction/sbus_node.hpp:215:34:\x1b[m\x1b[K \x1b[01;36m\x1b[Knote: \x1b[m\x1b[K  cannot convert \xe2\x80\x98\x1b[01m\x1b[Kstd::end\x1b[m\x1b[K\xe2\x80\x99 (type \xe2\x80\x98\x1b[01m\x1b[K<unresolved overloaded function type>\x1b[m\x1b[K\xe2\x80\x99) to type \xe2\x80\x98\x1b[01m\x1b[Kconst unsigned char*\x1b[m\x1b[K\xe2\x80\x99\n'}
[5.960823] (rc_interaction) StderrLine: {'line': b'  215 |       cout<<vel_.twist.linear.x<<\x1b[01;36m\x1b[Kend\x1b[m\x1b[K;\n'}
[5.960848] (rc_interaction) StderrLine: {'line': b'      |                                  \x1b[01;36m\x1b[K^~~\x1b[m\x1b[K\n'}
[5.960872] (rc_interaction) StderrLine: {'line': b'In file included from \x1b[01m\x1b[K/usr/include/c++/11/iostream:39\x1b[m\x1b[K,\n'}
[5.960896] (rc_interaction) StderrLine: {'line': b'                 from \x1b[01m\x1b[K/opt/ros/humble/include/rclcpp/rclcpp/executor.hpp:22\x1b[m\x1b[K,\n'}
[5.960920] (rc_interaction) StderrLine: {'line': b'                 from \x1b[01m\x1b[K/opt/ros/humble/include/rclcpp/rclcpp/executors/multi_threaded_executor.hpp:25\x1b[m\x1b[K,\n'}
[5.960945] (rc_interaction) StderrLine: {'line': b'                 from \x1b[01m\x1b[K/opt/ros/humble/include/rclcpp/rclcpp/executors.hpp:21\x1b[m\x1b[K,\n'}
[5.960969] (rc_interaction) StderrLine: {'line': b'                 from \x1b[01m\x1b[K/opt/ros/humble/include/rclcpp/rclcpp/rclcpp.hpp:155\x1b[m\x1b[K,\n'}
[5.960994] (rc_interaction) StderrLine: {'line': b'                 from \x1b[01m\x1b[K/home/zbt/Upper-main/rc_interaction/src/model_xbox.cpp:1\x1b[m\x1b[K:\n'}
[5.961018] (rc_interaction) StderrLine: {'line': b'\x1b[01m\x1b[K/usr/include/c++/11/ostream:750:5:\x1b[m\x1b[K \x1b[01;36m\x1b[Knote: \x1b[m\x1b[Kcandidate: \xe2\x80\x98\x1b[01m\x1b[Ktemplate<class _Ostream, class _Tp> _Ostream&& std::operator<<(_Ostream&&, const _Tp&)\x1b[m\x1b[K\xe2\x80\x99\n'}
[5.961044] (rc_interaction) StderrLine: {'line': b'  750 |     \x1b[01;36m\x1b[Koperator\x1b[m\x1b[K<<(_Ostream&& __os, const _Tp& __x)\n'}
[5.961068] (rc_interaction) StderrLine: {'line': b'      |     \x1b[01;36m\x1b[K^~~~~~~~\x1b[m\x1b[K\n'}
[5.961092] (rc_interaction) StderrLine: {'line': b'\x1b[01m\x1b[K/usr/include/c++/11/ostream:750:5:\x1b[m\x1b[K \x1b[01;36m\x1b[Knote: \x1b[m\x1b[K  template argument deduction/substitution failed:\n'}
[5.961116] (rc_interaction) StderrLine: {'line': b'In file included from \x1b[01m\x1b[K/home/zbt/Upper-main/rc_interaction/src/model_xbox.cpp:4\x1b[m\x1b[K:\n'}
[5.961143] (rc_interaction) StderrLine: {'line': b'\x1b[01m\x1b[K/home/zbt/Upper-main/rc_interaction/include/rc_interaction/sbus_node.hpp:215:34:\x1b[m\x1b[K \x1b[01;36m\x1b[Knote: \x1b[m\x1b[K  couldn\xe2\x80\x99t deduce template parameter \xe2\x80\x98\x1b[01m\x1b[K_Tp\x1b[m\x1b[K\xe2\x80\x99\n'}
[5.961168] (rc_interaction) StderrLine: {'line': b'  215 |       cout<<vel_.twist.linear.x<<\x1b[01;36m\x1b[Kend\x1b[m\x1b[K;\n'}
[5.961193] (rc_interaction) StderrLine: {'line': b'      |                                  \x1b[01;36m\x1b[K^~~\x1b[m\x1b[K\n'}
[5.961217] (rc_interaction) StderrLine: {'line': b'In file included from \x1b[01m\x1b[K/opt/ros/humble/include/rosidl_runtime_cpp/rosidl_runtime_cpp/traits.hpp:19\x1b[m\x1b[K,\n'}
[5.965970] (rc_interaction) StderrLine: {'line': b'                 from \x1b[01m\x1b[K/opt/ros/humble/include/builtin_interfaces/builtin_interfaces/msg/detail/duration__traits.hpp:15\x1b[m\x1b[K,\n'}
[5.966018] (rc_interaction) StderrLine: {'line': b'                 from \x1b[01m\x1b[K/opt/ros/humble/include/builtin_interfaces/builtin_interfaces/msg/duration.hpp:9\x1b[m\x1b[K,\n'}
[5.966050] (rc_interaction) StderrLine: {'line': b'                 from \x1b[01m\x1b[K/opt/ros/humble/include/rclcpp/rclcpp/duration.hpp:20\x1b[m\x1b[K,\n'}
[5.966079] (rc_interaction) StderrLine: {'line': b'                 from \x1b[01m\x1b[K/opt/ros/humble/include/rclcpp/rclcpp/qos.hpp:20\x1b[m\x1b[K,\n'}
[5.966107] (rc_interaction) StderrLine: {'line': b'                 from \x1b[01m\x1b[K/opt/ros/humble/include/rclcpp/rclcpp/node_interfaces/node_graph_interface.hpp:32\x1b[m\x1b[K,\n'}
[5.966136] (rc_interaction) StderrLine: {'line': b'                 from \x1b[01m\x1b[K/opt/ros/humble/include/rclcpp/rclcpp/client.hpp:42\x1b[m\x1b[K,\n'}
[5.966161] (rc_interaction) StderrLine: {'line': b'                 from \x1b[01m\x1b[K/opt/ros/humble/include/rclcpp/rclcpp/callback_group.hpp:24\x1b[m\x1b[K,\n'}
[5.966186] (rc_interaction) StderrLine: {'line': b'                 from \x1b[01m\x1b[K/opt/ros/humble/include/rclcpp/rclcpp/any_executable.hpp:20\x1b[m\x1b[K,\n'}
[5.966214] (rc_interaction) StderrLine: {'line': b'                 from \x1b[01m\x1b[K/opt/ros/humble/include/rclcpp/rclcpp/memory_strategy.hpp:25\x1b[m\x1b[K,\n'}
[5.966239] (rc_interaction) StderrLine: {'line': b'                 from \x1b[01m\x1b[K/opt/ros/humble/include/rclcpp/rclcpp/memory_strategies.hpp:18\x1b[m\x1b[K,\n'}
[5.966264] (rc_interaction) StderrLine: {'line': b'                 from \x1b[01m\x1b[K/opt/ros/humble/include/rclcpp/rclcpp/executor_options.hpp:20\x1b[m\x1b[K,\n'}
[5.966290] (rc_interaction) StderrLine: {'line': b'                 from \x1b[01m\x1b[K/opt/ros/humble/include/rclcpp/rclcpp/executor.hpp:37\x1b[m\x1b[K,\n'}
[5.966315] (rc_interaction) StderrLine: {'line': b'                 from \x1b[01m\x1b[K/opt/ros/humble/include/rclcpp/rclcpp/executors/multi_threaded_executor.hpp:25\x1b[m\x1b[K,\n'}
[5.966340] (rc_interaction) StderrLine: {'line': b'                 from \x1b[01m\x1b[K/opt/ros/humble/include/rclcpp/rclcpp/executors.hpp:21\x1b[m\x1b[K,\n'}
[5.966364] (rc_interaction) StderrLine: {'line': b'                 from \x1b[01m\x1b[K/opt/ros/humble/include/rclcpp/rclcpp/rclcpp.hpp:155\x1b[m\x1b[K,\n'}
[5.966389] (rc_interaction) StderrLine: {'line': b'                 from \x1b[01m\x1b[K/home/zbt/Upper-main/rc_interaction/src/model_xbox.cpp:1\x1b[m\x1b[K:\n'}
[5.966414] (rc_interaction) StderrLine: {'line': b'\x1b[01m\x1b[K/usr/include/c++/11/iomanip:79:5:\x1b[m\x1b[K \x1b[01;36m\x1b[Knote: \x1b[m\x1b[Kcandidate: \xe2\x80\x98\x1b[01m\x1b[Ktemplate<class _CharT, class _Traits> std::basic_ostream<_Ch, _Tr>& std::operator<<(std::basic_ostream<_Ch, _Tr>&, std::_Resetiosflags)\x1b[m\x1b[K\xe2\x80\x99\n'}
[5.966440] (rc_interaction) StderrLine: {'line': b'   79 |     \x1b[01;36m\x1b[Koperator\x1b[m\x1b[K<<(basic_ostream<_CharT, _Traits>& __os, _Resetiosflags __f)\n'}
[5.966465] (rc_interaction) StderrLine: {'line': b'      |     \x1b[01;36m\x1b[K^~~~~~~~\x1b[m\x1b[K\n'}
[5.966497] (rc_interaction) StderrLine: {'line': b'\x1b[01m\x1b[K/usr/include/c++/11/iomanip:79:5:\x1b[m\x1b[K \x1b[01;36m\x1b[Knote: \x1b[m\x1b[K  template argument deduction/substitution failed:\n'}
[5.966525] (rc_interaction) StderrLine: {'line': b'In file included from \x1b[01m\x1b[K/home/zbt/Upper-main/rc_interaction/src/model_xbox.cpp:4\x1b[m\x1b[K:\n'}
[5.966550] (rc_interaction) StderrLine: {'line': b'\x1b[01m\x1b[K/home/zbt/Upper-main/rc_interaction/include/rc_interaction/sbus_node.hpp:215:34:\x1b[m\x1b[K \x1b[01;36m\x1b[Knote: \x1b[m\x1b[K  cannot convert \xe2\x80\x98\x1b[01m\x1b[Kstd::end\x1b[m\x1b[K\xe2\x80\x99 (type \xe2\x80\x98\x1b[01m\x1b[K<unresolved overloaded function type>\x1b[m\x1b[K\xe2\x80\x99) to type \xe2\x80\x98\x1b[01m\x1b[Kstd::_Resetiosflags\x1b[m\x1b[K\xe2\x80\x99\n'}
[5.966577] (rc_interaction) StderrLine: {'line': b'  215 |       cout<<vel_.twist.linear.x<<\x1b[01;36m\x1b[Kend\x1b[m\x1b[K;\n'}
[5.966602] (rc_interaction) StderrLine: {'line': b'      |                                  \x1b[01;36m\x1b[K^~~\x1b[m\x1b[K\n'}
[5.966626] (rc_interaction) StderrLine: {'line': b'In file included from \x1b[01m\x1b[K/opt/ros/humble/include/rosidl_runtime_cpp/rosidl_runtime_cpp/traits.hpp:19\x1b[m\x1b[K,\n'}
[5.966650] (rc_interaction) StderrLine: {'line': b'                 from \x1b[01m\x1b[K/opt/ros/humble/include/builtin_interfaces/builtin_interfaces/msg/detail/duration__traits.hpp:15\x1b[m\x1b[K,\n'}
[5.966675] (rc_interaction) StderrLine: {'line': b'                 from \x1b[01m\x1b[K/opt/ros/humble/include/builtin_interfaces/builtin_interfaces/msg/duration.hpp:9\x1b[m\x1b[K,\n'}
[5.966699] (rc_interaction) StderrLine: {'line': b'                 from \x1b[01m\x1b[K/opt/ros/humble/include/rclcpp/rclcpp/duration.hpp:20\x1b[m\x1b[K,\n'}
[5.966723] (rc_interaction) StderrLine: {'line': b'                 from \x1b[01m\x1b[K/opt/ros/humble/include/rclcpp/rclcpp/qos.hpp:20\x1b[m\x1b[K,\n'}
[5.966747] (rc_interaction) StderrLine: {'line': b'                 from \x1b[01m\x1b[K/opt/ros/humble/include/rclcpp/rclcpp/node_interfaces/node_graph_interface.hpp:32\x1b[m\x1b[K,\n'}
[5.966771] (rc_interaction) StderrLine: {'line': b'                 from \x1b[01m\x1b[K/opt/ros/humble/include/rclcpp/rclcpp/client.hpp:42\x1b[m\x1b[K,\n'}
[5.966795] (rc_interaction) StderrLine: {'line': b'                 from \x1b[01m\x1b[K/opt/ros/humble/include/rclcpp/rclcpp/callback_group.hpp:24\x1b[m\x1b[K,\n'}
[5.966819] (rc_interaction) StderrLine: {'line': b'                 from \x1b[01m\x1b[K/opt/ros/humble/include/rclcpp/rclcpp/any_executable.hpp:20\x1b[m\x1b[K,\n'}
[5.966842] (rc_interaction) StderrLine: {'line': b'                 from \x1b[01m\x1b[K/opt/ros/humble/include/rclcpp/rclcpp/memory_strategy.hpp:25\x1b[m\x1b[K,\n'}
[5.966866] (rc_interaction) StderrLine: {'line': b'                 from \x1b[01m\x1b[K/opt/ros/humble/include/rclcpp/rclcpp/memory_strategies.hpp:18\x1b[m\x1b[K,\n'}
[5.966890] (rc_interaction) StderrLine: {'line': b'                 from \x1b[01m\x1b[K/opt/ros/humble/include/rclcpp/rclcpp/executor_options.hpp:20\x1b[m\x1b[K,\n'}
[5.966914] (rc_interaction) StderrLine: {'line': b'                 from \x1b[01m\x1b[K/opt/ros/humble/include/rclcpp/rclcpp/executor.hpp:37\x1b[m\x1b[K,\n'}
[5.966939] (rc_interaction) StderrLine: {'line': b'                 from \x1b[01m\x1b[K/opt/ros/humble/include/rclcpp/rclcpp/executors/multi_threaded_executor.hpp:25\x1b[m\x1b[K,\n'}
[5.966963] (rc_interaction) StderrLine: {'line': b'                 from \x1b[01m\x1b[K/opt/ros/humble/include/rclcpp/rclcpp/executors.hpp:21\x1b[m\x1b[K,\n'}
[5.967011] (rc_interaction) StderrLine: {'line': b'                 from \x1b[01m\x1b[K/opt/ros/humble/include/rclcpp/rclcpp/rclcpp.hpp:155\x1b[m\x1b[K,\n'}
[5.967037] (rc_interaction) StderrLine: {'line': b'                 from \x1b[01m\x1b[K/home/zbt/Upper-main/rc_interaction/src/model_xbox.cpp:1\x1b[m\x1b[K:\n'}
[5.967061] (rc_interaction) StderrLine: {'line': b'\x1b[01m\x1b[K/usr/include/c++/11/iomanip:109:5:\x1b[m\x1b[K \x1b[01;36m\x1b[Knote: \x1b[m\x1b[Kcandidate: \xe2\x80\x98\x1b[01m\x1b[Ktemplate<class _CharT, class _Traits> std::basic_ostream<_Ch, _Tr>& std::operator<<(std::basic_ostream<_Ch, _Tr>&, std::_Setiosflags)\x1b[m\x1b[K\xe2\x80\x99\n'}
[5.967089] (rc_interaction) StderrLine: {'line': b'  109 |     \x1b[01;36m\x1b[Koperator\x1b[m\x1b[K<<(basic_ostream<_CharT, _Traits>& __os, _Setiosflags __f)\n'}
[5.967113] (rc_interaction) StderrLine: {'line': b'      |     \x1b[01;36m\x1b[K^~~~~~~~\x1b[m\x1b[K\n'}
[5.967137] (rc_interaction) StderrLine: {'line': b'\x1b[01m\x1b[K/usr/include/c++/11/iomanip:109:5:\x1b[m\x1b[K \x1b[01;36m\x1b[Knote: \x1b[m\x1b[K  template argument deduction/substitution failed:\n'}
[5.967163] (rc_interaction) StderrLine: {'line': b'In file included from \x1b[01m\x1b[K/home/zbt/Upper-main/rc_interaction/src/model_xbox.cpp:4\x1b[m\x1b[K:\n'}
[5.967187] (rc_interaction) StderrLine: {'line': b'\x1b[01m\x1b[K/home/zbt/Upper-main/rc_interaction/include/rc_interaction/sbus_node.hpp:215:34:\x1b[m\x1b[K \x1b[01;36m\x1b[Knote: \x1b[m\x1b[K  cannot convert \xe2\x80\x98\x1b[01m\x1b[Kstd::end\x1b[m\x1b[K\xe2\x80\x99 (type \xe2\x80\x98\x1b[01m\x1b[K<unresolved overloaded function type>\x1b[m\x1b[K\xe2\x80\x99) to type \xe2\x80\x98\x1b[01m\x1b[Kstd::_Setiosflags\x1b[m\x1b[K\xe2\x80\x99\n'}
[5.967215] (rc_interaction) StderrLine: {'line': b'  215 |       cout<<vel_.twist.linear.x<<\x1b[01;36m\x1b[Kend\x1b[m\x1b[K;\n'}
[5.967239] (rc_interaction) StderrLine: {'line': b'      |                                  \x1b[01;36m\x1b[K^~~\x1b[m\x1b[K\n'}
[5.967263] (rc_interaction) StderrLine: {'line': b'In file included from \x1b[01m\x1b[K/opt/ros/humble/include/rosidl_runtime_cpp/rosidl_runtime_cpp/traits.hpp:19\x1b[m\x1b[K,\n'}
[5.967286] (rc_interaction) StderrLine: {'line': b'                 from \x1b[01m\x1b[K/opt/ros/humble/include/builtin_interfaces/builtin_interfaces/msg/detail/duration__traits.hpp:15\x1b[m\x1b[K,\n'}
[5.967310] (rc_interaction) StderrLine: {'line': b'                 from \x1b[01m\x1b[K/opt/ros/humble/include/builtin_interfaces/builtin_interfaces/msg/duration.hpp:9\x1b[m\x1b[K,\n'}
[5.967334] (rc_interaction) StderrLine: {'line': b'                 from \x1b[01m\x1b[K/opt/ros/humble/include/rclcpp/rclcpp/duration.hpp:20\x1b[m\x1b[K,\n'}
[5.967359] (rc_interaction) StderrLine: {'line': b'                 from \x1b[01m\x1b[K/opt/ros/humble/include/rclcpp/rclcpp/qos.hpp:20\x1b[m\x1b[K,\n'}
[5.967383] (rc_interaction) StderrLine: {'line': b'                 from \x1b[01m\x1b[K/opt/ros/humble/include/rclcpp/rclcpp/node_interfaces/node_graph_interface.hpp:32\x1b[m\x1b[K,\n'}
[5.967407] (rc_interaction) StderrLine: {'line': b'                 from \x1b[01m\x1b[K/opt/ros/humble/include/rclcpp/rclcpp/client.hpp:42\x1b[m\x1b[K,\n'}
[5.967430] (rc_interaction) StderrLine: {'line': b'                 from \x1b[01m\x1b[K/opt/ros/humble/include/rclcpp/rclcpp/callback_group.hpp:24\x1b[m\x1b[K,\n'}
[5.967454] (rc_interaction) StderrLine: {'line': b'                 from \x1b[01m\x1b[K/opt/ros/humble/include/rclcpp/rclcpp/any_executable.hpp:20\x1b[m\x1b[K,\n'}
[5.967484] (rc_interaction) StderrLine: {'line': b'                 from \x1b[01m\x1b[K/opt/ros/humble/include/rclcpp/rclcpp/memory_strategy.hpp:25\x1b[m\x1b[K,\n'}
[5.967508] (rc_interaction) StderrLine: {'line': b'                 from \x1b[01m\x1b[K/opt/ros/humble/include/rclcpp/rclcpp/memory_strategies.hpp:18\x1b[m\x1b[K,\n'}
[5.967532] (rc_interaction) StderrLine: {'line': b'                 from \x1b[01m\x1b[K/opt/ros/humble/include/rclcpp/rclcpp/executor_options.hpp:20\x1b[m\x1b[K,\n'}
[5.967556] (rc_interaction) StderrLine: {'line': b'                 from \x1b[01m\x1b[K/opt/ros/humble/include/rclcpp/rclcpp/executor.hpp:37\x1b[m\x1b[K,\n'}
[5.967580] (rc_interaction) StderrLine: {'line': b'                 from \x1b[01m\x1b[K/opt/ros/humble/include/rclcpp/rclcpp/executors/multi_threaded_executor.hpp:25\x1b[m\x1b[K,\n'}
[5.967604] (rc_interaction) StderrLine: {'line': b'                 from \x1b[01m\x1b[K/opt/ros/humble/include/rclcpp/rclcpp/executors.hpp:21\x1b[m\x1b[K,\n'}
[5.967628] (rc_interaction) StderrLine: {'line': b'                 from \x1b[01m\x1b[K/opt/ros/humble/include/rclcpp/rclcpp/rclcpp.hpp:155\x1b[m\x1b[K,\n'}
[5.967654] (rc_interaction) StderrLine: {'line': b'                 from \x1b[01m\x1b[K/home/zbt/Upper-main/rc_interaction/src/model_xbox.cpp:1\x1b[m\x1b[K:\n'}
[5.967678] (rc_interaction) StderrLine: {'line': b'\x1b[01m\x1b[K/usr/include/c++/11/iomanip:143:5:\x1b[m\x1b[K \x1b[01;36m\x1b[Knote: \x1b[m\x1b[Kcandidate: \xe2\x80\x98\x1b[01m\x1b[Ktemplate<class _CharT, class _Traits> std::basic_ostream<_Ch, _Tr>& std::operator<<(std::basic_ostream<_Ch, _Tr>&, std::_Setbase)\x1b[m\x1b[K\xe2\x80\x99\n'}
[5.967702] (rc_interaction) StderrLine: {'line': b'  143 |     \x1b[01;36m\x1b[Koperator\x1b[m\x1b[K<<(basic_ostream<_CharT, _Traits>& __os, _Setbase __f)\n'}
[5.967726] (rc_interaction) StderrLine: {'line': b'      |     \x1b[01;36m\x1b[K^~~~~~~~\x1b[m\x1b[K\n'}
[5.967751] (rc_interaction) StderrLine: {'line': b'\x1b[01m\x1b[K/usr/include/c++/11/iomanip:143:5:\x1b[m\x1b[K \x1b[01;36m\x1b[Knote: \x1b[m\x1b[K  template argument deduction/substitution failed:\n'}
[5.967775] (rc_interaction) StderrLine: {'line': b'In file included from \x1b[01m\x1b[K/home/zbt/Upper-main/rc_interaction/src/model_xbox.cpp:4\x1b[m\x1b[K:\n'}
[5.967800] (rc_interaction) StderrLine: {'line': b'\x1b[01m\x1b[K/home/zbt/Upper-main/rc_interaction/include/rc_interaction/sbus_node.hpp:215:34:\x1b[m\x1b[K \x1b[01;36m\x1b[Knote: \x1b[m\x1b[K  cannot convert \xe2\x80\x98\x1b[01m\x1b[Kstd::end\x1b[m\x1b[K\xe2\x80\x99 (type \xe2\x80\x98\x1b[01m\x1b[K<unresolved overloaded function type>\x1b[m\x1b[K\xe2\x80\x99) to type \xe2\x80\x98\x1b[01m\x1b[Kstd::_Setbase\x1b[m\x1b[K\xe2\x80\x99\n'}
[5.967825] (rc_interaction) StderrLine: {'line': b'  215 |       cout<<vel_.twist.linear.x<<\x1b[01;36m\x1b[Kend\x1b[m\x1b[K;\n'}
[5.967849] (rc_interaction) StderrLine: {'line': b'      |                                  \x1b[01;36m\x1b[K^~~\x1b[m\x1b[K\n'}
[5.967873] (rc_interaction) StderrLine: {'line': b'In file included from \x1b[01m\x1b[K/opt/ros/humble/include/rosidl_runtime_cpp/rosidl_runtime_cpp/traits.hpp:19\x1b[m\x1b[K,\n'}
[5.967897] (rc_interaction) StderrLine: {'line': b'                 from \x1b[01m\x1b[K/opt/ros/humble/include/builtin_interfaces/builtin_interfaces/msg/detail/duration__traits.hpp:15\x1b[m\x1b[K,\n'}
[5.967921] (rc_interaction) StderrLine: {'line': b'                 from \x1b[01m\x1b[K/opt/ros/humble/include/builtin_interfaces/builtin_interfaces/msg/duration.hpp:9\x1b[m\x1b[K,\n'}
[5.967946] (rc_interaction) StderrLine: {'line': b'                 from \x1b[01m\x1b[K/opt/ros/humble/include/rclcpp/rclcpp/duration.hpp:20\x1b[m\x1b[K,\n'}
[5.967972] (rc_interaction) StderrLine: {'line': b'                 from \x1b[01m\x1b[K/opt/ros/humble/include/rclcpp/rclcpp/qos.hpp:20\x1b[m\x1b[K,\n'}
[5.967997] (rc_interaction) StderrLine: {'line': b'                 from \x1b[01m\x1b[K/opt/ros/humble/include/rclcpp/rclcpp/node_interfaces/node_graph_interface.hpp:32\x1b[m\x1b[K,\n'}
[5.968024] (rc_interaction) StderrLine: {'line': b'                 from \x1b[01m\x1b[K/opt/ros/humble/include/rclcpp/rclcpp/client.hpp:42\x1b[m\x1b[K,\n'}
[5.968048] (rc_interaction) StderrLine: {'line': b'                 from \x1b[01m\x1b[K/opt/ros/humble/include/rclcpp/rclcpp/callback_group.hpp:24\x1b[m\x1b[K,\n'}
[5.968072] (rc_interaction) StderrLine: {'line': b'                 from \x1b[01m\x1b[K/opt/ros/humble/include/rclcpp/rclcpp/any_executable.hpp:20\x1b[m\x1b[K,\n'}
[5.968096] (rc_interaction) StderrLine: {'line': b'                 from \x1b[01m\x1b[K/opt/ros/humble/include/rclcpp/rclcpp/memory_strategy.hpp:25\x1b[m\x1b[K,\n'}
[5.968123] (rc_interaction) StderrLine: {'line': b'                 from \x1b[01m\x1b[K/opt/ros/humble/include/rclcpp/rclcpp/memory_strategies.hpp:18\x1b[m\x1b[K,\n'}
[5.968149] (rc_interaction) StderrLine: {'line': b'                 from \x1b[01m\x1b[K/opt/ros/humble/include/rclcpp/rclcpp/executor_options.hpp:20\x1b[m\x1b[K,\n'}
[5.968173] (rc_interaction) StderrLine: {'line': b'                 from \x1b[01m\x1b[K/opt/ros/humble/include/rclcpp/rclcpp/executor.hpp:37\x1b[m\x1b[K,\n'}
[5.968199] (rc_interaction) StderrLine: {'line': b'                 from \x1b[01m\x1b[K/opt/ros/humble/include/rclcpp/rclcpp/executors/multi_threaded_executor.hpp:25\x1b[m\x1b[K,\n'}
[5.968223] (rc_interaction) StderrLine: {'line': b'                 from \x1b[01m\x1b[K/opt/ros/humble/include/rclcpp/rclcpp/executors.hpp:21\x1b[m\x1b[K,\n'}
[5.968246] (rc_interaction) StderrLine: {'line': b'                 from \x1b[01m\x1b[K/opt/ros/humble/include/rclcpp/rclcpp/rclcpp.hpp:155\x1b[m\x1b[K,\n'}
[5.968270] (rc_interaction) StderrLine: {'line': b'                 from \x1b[01m\x1b[K/home/zbt/Upper-main/rc_interaction/src/model_xbox.cpp:1\x1b[m\x1b[K:\n'}
[5.968294] (rc_interaction) StderrLine: {'line': b'\x1b[01m\x1b[K/usr/include/c++/11/iomanip:178:5:\x1b[m\x1b[K \x1b[01;36m\x1b[Knote: \x1b[m\x1b[Kcandidate: \xe2\x80\x98\x1b[01m\x1b[Kstd::basic_ostream<_Ch, _Tr>& std::operator<<(std::basic_ostream<_Ch, _Tr>&, std::_Setfill<_CharT>) [with _CharT = char; _Traits = std::char_traits<char>]\x1b[m\x1b[K\xe2\x80\x99\n'}
[5.968319] (rc_interaction) StderrLine: {'line': b'  178 |     \x1b[01;36m\x1b[Koperator\x1b[m\x1b[K<<(basic_ostream<_CharT, _Traits>& __os, _Setfill<_CharT> __f)\n'}
[5.968343] (rc_interaction) StderrLine: {'line': b'      |     \x1b[01;36m\x1b[K^~~~~~~~\x1b[m\x1b[K\n'}
[5.968367] (rc_interaction) StderrLine: {'line': b'\x1b[01m\x1b[K/usr/include/c++/11/iomanip:178:71:\x1b[m\x1b[K \x1b[01;36m\x1b[Knote: \x1b[m\x1b[K  no known conversion for argument 2 from \xe2\x80\x98\x1b[01m\x1b[K<unresolved overloaded function type>\x1b[m\x1b[K\xe2\x80\x99 to \xe2\x80\x98\x1b[01m\x1b[Kstd::_Setfill<char>\x1b[m\x1b[K\xe2\x80\x99\n'}
[5.968394] (rc_interaction) StderrLine: {'line': b'  178 |     operator<<(basic_ostream<_CharT, _Traits>& __os, \x1b[01;36m\x1b[K_Setfill<_CharT> __f\x1b[m\x1b[K)\n'}
[5.968418] (rc_interaction) StderrLine: {'line': b'      |                                                      \x1b[01;36m\x1b[K~~~~~~~~~~~~~~~~~^~~\x1b[m\x1b[K\n'}
[5.968442] (rc_interaction) StderrLine: {'line': b'\x1b[01m\x1b[K/usr/include/c++/11/iomanip:208:5:\x1b[m\x1b[K \x1b[01;36m\x1b[Knote: \x1b[m\x1b[Kcandidate: \xe2\x80\x98\x1b[01m\x1b[Ktemplate<class _CharT, class _Traits> std::basic_ostream<_Ch, _Tr>& std::operator<<(std::basic_ostream<_Ch, _Tr>&, std::_Setprecision)\x1b[m\x1b[K\xe2\x80\x99\n'}
[5.968466] (rc_interaction) StderrLine: {'line': b'  208 |     \x1b[01;36m\x1b[Koperator\x1b[m\x1b[K<<(basic_ostream<_CharT, _Traits>& __os, _Setprecision __f)\n'}
[5.968491] (rc_interaction) StderrLine: {'line': b'      |     \x1b[01;36m\x1b[K^~~~~~~~\x1b[m\x1b[K\n'}
[5.968517] (rc_interaction) StderrLine: {'line': b'\x1b[01m\x1b[K/usr/include/c++/11/iomanip:208:5:\x1b[m\x1b[K \x1b[01;36m\x1b[Knote: \x1b[m\x1b[K  template argument deduction/substitution failed:\n'}
[5.968545] (rc_interaction) StderrLine: {'line': b'In file included from \x1b[01m\x1b[K/home/zbt/Upper-main/rc_interaction/src/model_xbox.cpp:4\x1b[m\x1b[K:\n'}
[5.968568] (rc_interaction) StderrLine: {'line': b'\x1b[01m\x1b[K/home/zbt/Upper-main/rc_interaction/include/rc_interaction/sbus_node.hpp:215:34:\x1b[m\x1b[K \x1b[01;36m\x1b[Knote: \x1b[m\x1b[K  cannot convert \xe2\x80\x98\x1b[01m\x1b[Kstd::end\x1b[m\x1b[K\xe2\x80\x99 (type \xe2\x80\x98\x1b[01m\x1b[K<unresolved overloaded function type>\x1b[m\x1b[K\xe2\x80\x99) to type \xe2\x80\x98\x1b[01m\x1b[Kstd::_Setprecision\x1b[m\x1b[K\xe2\x80\x99\n'}
[5.968593] (rc_interaction) StderrLine: {'line': b'  215 |       cout<<vel_.twist.linear.x<<\x1b[01;36m\x1b[Kend\x1b[m\x1b[K;\n'}
[5.968617] (rc_interaction) StderrLine: {'line': b'      |                                  \x1b[01;36m\x1b[K^~~\x1b[m\x1b[K\n'}
[5.968642] (rc_interaction) StderrLine: {'line': b'In file included from \x1b[01m\x1b[K/opt/ros/humble/include/rosidl_runtime_cpp/rosidl_runtime_cpp/traits.hpp:19\x1b[m\x1b[K,\n'}
[5.968666] (rc_interaction) StderrLine: {'line': b'                 from \x1b[01m\x1b[K/opt/ros/humble/include/builtin_interfaces/builtin_interfaces/msg/detail/duration__traits.hpp:15\x1b[m\x1b[K,\n'}
[5.968692] (rc_interaction) StderrLine: {'line': b'                 from \x1b[01m\x1b[K/opt/ros/humble/include/builtin_interfaces/builtin_interfaces/msg/duration.hpp:9\x1b[m\x1b[K,\n'}
[5.968717] (rc_interaction) StderrLine: {'line': b'                 from \x1b[01m\x1b[K/opt/ros/humble/include/rclcpp/rclcpp/duration.hpp:20\x1b[m\x1b[K,\n'}
[5.968740] (rc_interaction) StderrLine: {'line': b'                 from \x1b[01m\x1b[K/opt/ros/humble/include/rclcpp/rclcpp/qos.hpp:20\x1b[m\x1b[K,\n'}
[5.968764] (rc_interaction) StderrLine: {'line': b'                 from \x1b[01m\x1b[K/opt/ros/humble/include/rclcpp/rclcpp/node_interfaces/node_graph_interface.hpp:32\x1b[m\x1b[K,\n'}
[5.968788] (rc_interaction) StderrLine: {'line': b'                 from \x1b[01m\x1b[K/opt/ros/humble/include/rclcpp/rclcpp/client.hpp:42\x1b[m\x1b[K,\n'}
[5.968812] (rc_interaction) StderrLine: {'line': b'                 from \x1b[01m\x1b[K/opt/ros/humble/include/rclcpp/rclcpp/callback_group.hpp:24\x1b[m\x1b[K,\n'}
[5.968835] (rc_interaction) StderrLine: {'line': b'                 from \x1b[01m\x1b[K/opt/ros/humble/include/rclcpp/rclcpp/any_executable.hpp:20\x1b[m\x1b[K,\n'}
[5.968863] (rc_interaction) StderrLine: {'line': b'                 from \x1b[01m\x1b[K/opt/ros/humble/include/rclcpp/rclcpp/memory_strategy.hpp:25\x1b[m\x1b[K,\n'}
[5.968887] (rc_interaction) StderrLine: {'line': b'                 from \x1b[01m\x1b[K/opt/ros/humble/include/rclcpp/rclcpp/memory_strategies.hpp:18\x1b[m\x1b[K,\n'}
[5.968910] (rc_interaction) StderrLine: {'line': b'                 from \x1b[01m\x1b[K/opt/ros/humble/include/rclcpp/rclcpp/executor_options.hpp:20\x1b[m\x1b[K,\n'}
[5.968935] (rc_interaction) StderrLine: {'line': b'                 from \x1b[01m\x1b[K/opt/ros/humble/include/rclcpp/rclcpp/executor.hpp:37\x1b[m\x1b[K,\n'}
[5.968959] (rc_interaction) StderrLine: {'line': b'                 from \x1b[01m\x1b[K/opt/ros/humble/include/rclcpp/rclcpp/executors/multi_threaded_executor.hpp:25\x1b[m\x1b[K,\n'}
[5.974772] (rc_interaction) StderrLine: {'line': b'                 from \x1b[01m\x1b[K/opt/ros/humble/include/rclcpp/rclcpp/executors.hpp:21\x1b[m\x1b[K,\n'}
[5.974862] (rc_interaction) StderrLine: {'line': b'                 from \x1b[01m\x1b[K/opt/ros/humble/include/rclcpp/rclcpp/rclcpp.hpp:155\x1b[m\x1b[K,\n'}
[5.974902] (rc_interaction) StderrLine: {'line': b'                 from \x1b[01m\x1b[K/home/zbt/Upper-main/rc_interaction/src/model_xbox.cpp:1\x1b[m\x1b[K:\n'}
[5.974931] (rc_interaction) StderrLine: {'line': b'\x1b[01m\x1b[K/usr/include/c++/11/iomanip:238:5:\x1b[m\x1b[K \x1b[01;36m\x1b[Knote: \x1b[m\x1b[Kcandidate: \xe2\x80\x98\x1b[01m\x1b[Ktemplate<class _CharT, class _Traits> std::basic_ostream<_Ch, _Tr>& std::operator<<(std::basic_ostream<_Ch, _Tr>&, std::_Setw)\x1b[m\x1b[K\xe2\x80\x99\n'}
[5.974960] (rc_interaction) StderrLine: {'line': b'  238 |     \x1b[01;36m\x1b[Koperator\x1b[m\x1b[K<<(basic_ostream<_CharT, _Traits>& __os, _Setw __f)\n'}
[5.974986] (rc_interaction) StderrLine: {'line': b'      |     \x1b[01;36m\x1b[K^~~~~~~~\x1b[m\x1b[K\n'}
[5.975012] (rc_interaction) StderrLine: {'line': b'\x1b[01m\x1b[K/usr/include/c++/11/iomanip:238:5:\x1b[m\x1b[K \x1b[01;36m\x1b[Knote: \x1b[m\x1b[K  template argument deduction/substitution failed:\n'}
[5.975037] (rc_interaction) StderrLine: {'line': b'In file included from \x1b[01m\x1b[K/home/zbt/Upper-main/rc_interaction/src/model_xbox.cpp:4\x1b[m\x1b[K:\n'}
[5.975063] (rc_interaction) StderrLine: {'line': b'\x1b[01m\x1b[K/home/zbt/Upper-main/rc_interaction/include/rc_interaction/sbus_node.hpp:215:34:\x1b[m\x1b[K \x1b[01;36m\x1b[Knote: \x1b[m\x1b[K  cannot convert \xe2\x80\x98\x1b[01m\x1b[Kstd::end\x1b[m\x1b[K\xe2\x80\x99 (type \xe2\x80\x98\x1b[01m\x1b[K<unresolved overloaded function type>\x1b[m\x1b[K\xe2\x80\x99) to type \xe2\x80\x98\x1b[01m\x1b[Kstd::_Setw\x1b[m\x1b[K\xe2\x80\x99\n'}
[5.975093] (rc_interaction) StderrLine: {'line': b'  215 |       cout<<vel_.twist.linear.x<<\x1b[01;36m\x1b[Kend\x1b[m\x1b[K;\n'}
[5.975118] (rc_interaction) StderrLine: {'line': b'      |                                  \x1b[01;36m\x1b[K^~~\x1b[m\x1b[K\n'}
[5.975147] (rc_interaction) StderrLine: {'line': b'In file included from \x1b[01m\x1b[K/opt/ros/humble/include/rosidl_runtime_cpp/rosidl_runtime_cpp/traits.hpp:19\x1b[m\x1b[K,\n'}
[5.975171] (rc_interaction) StderrLine: {'line': b'                 from \x1b[01m\x1b[K/opt/ros/humble/include/builtin_interfaces/builtin_interfaces/msg/detail/duration__traits.hpp:15\x1b[m\x1b[K,\n'}
[5.975199] (rc_interaction) StderrLine: {'line': b'                 from \x1b[01m\x1b[K/opt/ros/humble/include/builtin_interfaces/builtin_interfaces/msg/duration.hpp:9\x1b[m\x1b[K,\n'}
[5.975228] (rc_interaction) StderrLine: {'line': b'                 from \x1b[01m\x1b[K/opt/ros/humble/include/rclcpp/rclcpp/duration.hpp:20\x1b[m\x1b[K,\n'}
[5.975257] (rc_interaction) StderrLine: {'line': b'                 from \x1b[01m\x1b[K/opt/ros/humble/include/rclcpp/rclcpp/qos.hpp:20\x1b[m\x1b[K,\n'}
[5.975285] (rc_interaction) StderrLine: {'line': b'                 from \x1b[01m\x1b[K/opt/ros/humble/include/rclcpp/rclcpp/node_interfaces/node_graph_interface.hpp:32\x1b[m\x1b[K,\n'}
[5.975311] (rc_interaction) StderrLine: {'line': b'                 from \x1b[01m\x1b[K/opt/ros/humble/include/rclcpp/rclcpp/client.hpp:42\x1b[m\x1b[K,\n'}
[5.975337] (rc_interaction) StderrLine: {'line': b'                 from \x1b[01m\x1b[K/opt/ros/humble/include/rclcpp/rclcpp/callback_group.hpp:24\x1b[m\x1b[K,\n'}
[5.975361] (rc_interaction) StderrLine: {'line': b'                 from \x1b[01m\x1b[K/opt/ros/humble/include/rclcpp/rclcpp/any_executable.hpp:20\x1b[m\x1b[K,\n'}
[5.975386] (rc_interaction) StderrLine: {'line': b'                 from \x1b[01m\x1b[K/opt/ros/humble/include/rclcpp/rclcpp/memory_strategy.hpp:25\x1b[m\x1b[K,\n'}
[5.975410] (rc_interaction) StderrLine: {'line': b'                 from \x1b[01m\x1b[K/opt/ros/humble/include/rclcpp/rclcpp/memory_strategies.hpp:18\x1b[m\x1b[K,\n'}
[5.975435] (rc_interaction) StderrLine: {'line': b'                 from \x1b[01m\x1b[K/opt/ros/humble/include/rclcpp/rclcpp/executor_options.hpp:20\x1b[m\x1b[K,\n'}
[5.975460] (rc_interaction) StderrLine: {'line': b'                 from \x1b[01m\x1b[K/opt/ros/humble/include/rclcpp/rclcpp/executor.hpp:37\x1b[m\x1b[K,\n'}
[5.975484] (rc_interaction) StderrLine: {'line': b'                 from \x1b[01m\x1b[K/opt/ros/humble/include/rclcpp/rclcpp/executors/multi_threaded_executor.hpp:25\x1b[m\x1b[K,\n'}
[5.975511] (rc_interaction) StderrLine: {'line': b'                 from \x1b[01m\x1b[K/opt/ros/humble/include/rclcpp/rclcpp/executors.hpp:21\x1b[m\x1b[K,\n'}
[5.975537] (rc_interaction) StderrLine: {'line': b'                 from \x1b[01m\x1b[K/opt/ros/humble/include/rclcpp/rclcpp/rclcpp.hpp:155\x1b[m\x1b[K,\n'}
[5.975562] (rc_interaction) StderrLine: {'line': b'                 from \x1b[01m\x1b[K/home/zbt/Upper-main/rc_interaction/src/model_xbox.cpp:1\x1b[m\x1b[K:\n'}
[5.975587] (rc_interaction) StderrLine: {'line': b'\x1b[01m\x1b[K/usr/include/c++/11/iomanip:311:5:\x1b[m\x1b[K \x1b[01;36m\x1b[Knote: \x1b[m\x1b[Kcandidate: \xe2\x80\x98\x1b[01m\x1b[Ktemplate<class _CharT, class _Traits, class _MoneyT> std::basic_ostream<_Ch, _Tr>& std::operator<<(std::basic_ostream<_Ch, _Tr>&, std::_Put_money<_MoneyT>)\x1b[m\x1b[K\xe2\x80\x99\n'}
[5.975616] (rc_interaction) StderrLine: {'line': b'  311 |     \x1b[01;36m\x1b[Koperator\x1b[m\x1b[K<<(basic_ostream<_CharT, _Traits>& __os, _Put_money<_MoneyT> __f)\n'}
[5.975642] (rc_interaction) StderrLine: {'line': b'      |     \x1b[01;36m\x1b[K^~~~~~~~\x1b[m\x1b[K\n'}
[5.975667] (rc_interaction) StderrLine: {'line': b'\x1b[01m\x1b[K/usr/include/c++/11/iomanip:311:5:\x1b[m\x1b[K \x1b[01;36m\x1b[Knote: \x1b[m\x1b[K  template argument deduction/substitution failed:\n'}
[5.975691] (rc_interaction) StderrLine: {'line': b'In file included from \x1b[01m\x1b[K/home/zbt/Upper-main/rc_interaction/src/model_xbox.cpp:4\x1b[m\x1b[K:\n'}
[5.975716] (rc_interaction) StderrLine: {'line': b'\x1b[01m\x1b[K/home/zbt/Upper-main/rc_interaction/include/rc_interaction/sbus_node.hpp:215:34:\x1b[m\x1b[K \x1b[01;36m\x1b[Knote: \x1b[m\x1b[K  couldn\xe2\x80\x99t deduce template parameter \xe2\x80\x98\x1b[01m\x1b[K_MoneyT\x1b[m\x1b[K\xe2\x80\x99\n'}
[5.975743] (rc_interaction) StderrLine: {'line': b'  215 |       cout<<vel_.twist.linear.x<<\x1b[01;36m\x1b[Kend\x1b[m\x1b[K;\n'}
[5.975767] (rc_interaction) StderrLine: {'line': b'      |                                  \x1b[01;36m\x1b[K^~~\x1b[m\x1b[K\n'}
[5.975792] (rc_interaction) StderrLine: {'line': b'In file included from \x1b[01m\x1b[K/opt/ros/humble/include/rosidl_runtime_cpp/rosidl_runtime_cpp/traits.hpp:19\x1b[m\x1b[K,\n'}
[5.975816] (rc_interaction) StderrLine: {'line': b'                 from \x1b[01m\x1b[K/opt/ros/humble/include/builtin_interfaces/builtin_interfaces/msg/detail/duration__traits.hpp:15\x1b[m\x1b[K,\n'}
[5.975841] (rc_interaction) StderrLine: {'line': b'                 from \x1b[01m\x1b[K/opt/ros/humble/include/builtin_interfaces/builtin_interfaces/msg/duration.hpp:9\x1b[m\x1b[K,\n'}
[5.975867] (rc_interaction) StderrLine: {'line': b'                 from \x1b[01m\x1b[K/opt/ros/humble/include/rclcpp/rclcpp/duration.hpp:20\x1b[m\x1b[K,\n'}
[5.975891] (rc_interaction) StderrLine: {'line': b'                 from \x1b[01m\x1b[K/opt/ros/humble/include/rclcpp/rclcpp/qos.hpp:20\x1b[m\x1b[K,\n'}
[5.975915] (rc_interaction) StderrLine: {'line': b'                 from \x1b[01m\x1b[K/opt/ros/humble/include/rclcpp/rclcpp/node_interfaces/node_graph_interface.hpp:32\x1b[m\x1b[K,\n'}
[5.975939] (rc_interaction) StderrLine: {'line': b'                 from \x1b[01m\x1b[K/opt/ros/humble/include/rclcpp/rclcpp/client.hpp:42\x1b[m\x1b[K,\n'}
[5.975964] (rc_interaction) StderrLine: {'line': b'                 from \x1b[01m\x1b[K/opt/ros/humble/include/rclcpp/rclcpp/callback_group.hpp:24\x1b[m\x1b[K,\n'}
[5.975988] (rc_interaction) StderrLine: {'line': b'                 from \x1b[01m\x1b[K/opt/ros/humble/include/rclcpp/rclcpp/any_executable.hpp:20\x1b[m\x1b[K,\n'}
[5.976012] (rc_interaction) StderrLine: {'line': b'                 from \x1b[01m\x1b[K/opt/ros/humble/include/rclcpp/rclcpp/memory_strategy.hpp:25\x1b[m\x1b[K,\n'}
[5.976038] (rc_interaction) StderrLine: {'line': b'                 from \x1b[01m\x1b[K/opt/ros/humble/include/rclcpp/rclcpp/memory_strategies.hpp:18\x1b[m\x1b[K,\n'}
[5.976062] (rc_interaction) StderrLine: {'line': b'                 from \x1b[01m\x1b[K/opt/ros/humble/include/rclcpp/rclcpp/executor_options.hpp:20\x1b[m\x1b[K,\n'}
[5.976086] (rc_interaction) StderrLine: {'line': b'                 from \x1b[01m\x1b[K/opt/ros/humble/include/rclcpp/rclcpp/executor.hpp:37\x1b[m\x1b[K,\n'}
[5.976110] (rc_interaction) StderrLine: {'line': b'                 from \x1b[01m\x1b[K/opt/ros/humble/include/rclcpp/rclcpp/executors/multi_threaded_executor.hpp:25\x1b[m\x1b[K,\n'}
[5.976134] (rc_interaction) StderrLine: {'line': b'                 from \x1b[01m\x1b[K/opt/ros/humble/include/rclcpp/rclcpp/executors.hpp:21\x1b[m\x1b[K,\n'}
[5.976158] (rc_interaction) StderrLine: {'line': b'                 from \x1b[01m\x1b[K/opt/ros/humble/include/rclcpp/rclcpp/rclcpp.hpp:155\x1b[m\x1b[K,\n'}
[5.976185] (rc_interaction) StderrLine: {'line': b'                 from \x1b[01m\x1b[K/home/zbt/Upper-main/rc_interaction/src/model_xbox.cpp:1\x1b[m\x1b[K:\n'}
[5.976210] (rc_interaction) StderrLine: {'line': b'\x1b[01m\x1b[K/usr/include/c++/11/iomanip:363:5:\x1b[m\x1b[K \x1b[01;36m\x1b[Knote: \x1b[m\x1b[Kcandidate: \xe2\x80\x98\x1b[01m\x1b[Kstd::basic_ostream<_Ch, _Tr>& std::operator<<(std::basic_ostream<_Ch, _Tr>&, std::_Put_time<_CharT>) [with _CharT = char; _Traits = std::char_traits<char>]\x1b[m\x1b[K\xe2\x80\x99\n'}
[5.976239] (rc_interaction) StderrLine: {'line': b'  363 |     \x1b[01;36m\x1b[Koperator\x1b[m\x1b[K<<(basic_ostream<_CharT, _Traits>& __os, _Put_time<_CharT> __f)\n'}
[5.976263] (rc_interaction) StderrLine: {'line': b'      |     \x1b[01;36m\x1b[K^~~~~~~~\x1b[m\x1b[K\n'}
[5.976287] (rc_interaction) StderrLine: {'line': b'\x1b[01m\x1b[K/usr/include/c++/11/iomanip:363:72:\x1b[m\x1b[K \x1b[01;36m\x1b[Knote: \x1b[m\x1b[K  no known conversion for argument 2 from \xe2\x80\x98\x1b[01m\x1b[K<unresolved overloaded function type>\x1b[m\x1b[K\xe2\x80\x99 to \xe2\x80\x98\x1b[01m\x1b[Kstd::_Put_time<char>\x1b[m\x1b[K\xe2\x80\x99\n'}
[5.976315] (rc_interaction) StderrLine: {'line': b'  363 |     operator<<(basic_ostream<_CharT, _Traits>& __os, \x1b[01;36m\x1b[K_Put_time<_CharT> __f\x1b[m\x1b[K)\n'}
[5.976340] (rc_interaction) StderrLine: {'line': b'      |                                                      \x1b[01;36m\x1b[K~~~~~~~~~~~~~~~~~~^~~\x1b[m\x1b[K\n'}
[5.976364] (rc_interaction) StderrLine: {'line': b'In file included from \x1b[01m\x1b[K/usr/include/eigen3/Eigen/Core:50\x1b[m\x1b[K,\n'}
[5.976389] (rc_interaction) StderrLine: {'line': b'                 from \x1b[01m\x1b[K/usr/include/eigen3/Eigen/Dense:1\x1b[m\x1b[K,\n'}
[5.976413] (rc_interaction) StderrLine: {'line': b'                 from \x1b[01m\x1b[K/usr/include/eigen3/Eigen/Eigen:1\x1b[m\x1b[K,\n'}
[5.976438] (rc_interaction) StderrLine: {'line': b'                 from \x1b[01m\x1b[K/opt/ros/humble/include/tf2_sensor_msgs/tf2_sensor_msgs.hpp:44\x1b[m\x1b[K,\n'}
[5.976462] (rc_interaction) StderrLine: {'line': b'                 from \x1b[01m\x1b[K/home/zbt/Upper-main/rc_interaction/include/rc_interaction/xbox360_node.hpp:31\x1b[m\x1b[K,\n'}
[5.976487] (rc_interaction) StderrLine: {'line': b'                 from \x1b[01m\x1b[K/home/zbt/Upper-main/rc_interaction/src/model_xbox.cpp:3\x1b[m\x1b[K:\n'}
[5.976511] (rc_interaction) StderrLine: {'line': b'\x1b[01m\x1b[K/usr/include/c++/11/complex:555:5:\x1b[m\x1b[K \x1b[01;36m\x1b[Knote: \x1b[m\x1b[Kcandidate: \xe2\x80\x98\x1b[01m\x1b[Ktemplate<class _Tp, class _CharT, class _Traits> std::basic_ostream<_CharT, _Traits>& std::operator<<(std::basic_ostream<_CharT, _Traits>&, const std::complex<_Tp>&)\x1b[m\x1b[K\xe2\x80\x99\n'}
[5.976539] (rc_interaction) StderrLine: {'line': b'  555 |     \x1b[01;36m\x1b[Koperator\x1b[m\x1b[K<<(basic_ostream<_CharT, _Traits>& __os, const complex<_Tp>& __x)\n'}
[5.976564] (rc_interaction) StderrLine: {'line': b'      |     \x1b[01;36m\x1b[K^~~~~~~~\x1b[m\x1b[K\n'}
[5.976589] (rc_interaction) StderrLine: {'line': b'\x1b[01m\x1b[K/usr/include/c++/11/complex:555:5:\x1b[m\x1b[K \x1b[01;36m\x1b[Knote: \x1b[m\x1b[K  template argument deduction/substitution failed:\n'}
[5.976613] (rc_interaction) StderrLine: {'line': b'In file included from \x1b[01m\x1b[K/home/zbt/Upper-main/rc_interaction/src/model_xbox.cpp:4\x1b[m\x1b[K:\n'}
[5.976638] (rc_interaction) StderrLine: {'line': b'\x1b[01m\x1b[K/home/zbt/Upper-main/rc_interaction/include/rc_interaction/sbus_node.hpp:215:34:\x1b[m\x1b[K \x1b[01;36m\x1b[Knote: \x1b[m\x1b[K  couldn\xe2\x80\x99t deduce template parameter \xe2\x80\x98\x1b[01m\x1b[K_Tp\x1b[m\x1b[K\xe2\x80\x99\n'}
[5.976662] (rc_interaction) StderrLine: {'line': b'  215 |       cout<<vel_.twist.linear.x<<\x1b[01;36m\x1b[Kend\x1b[m\x1b[K;\n'}
[5.976687] (rc_interaction) StderrLine: {'line': b'      |                                  \x1b[01;36m\x1b[K^~~\x1b[m\x1b[K\n'}
[5.976711] (rc_interaction) StderrLine: {'line': b'In file included from \x1b[01m\x1b[K/usr/include/eigen3/Eigen/Core:81\x1b[m\x1b[K,\n'}
[5.984049] (rc_interaction) StderrLine: {'line': b'                 from \x1b[01m\x1b[K/usr/include/eigen3/Eigen/Dense:1\x1b[m\x1b[K,\n'}
[5.984102] (rc_interaction) StderrLine: {'line': b'                 from \x1b[01m\x1b[K/usr/include/eigen3/Eigen/Eigen:1\x1b[m\x1b[K,\n'}
[5.984134] (rc_interaction) StderrLine: {'line': b'                 from \x1b[01m\x1b[K/opt/ros/humble/include/tf2_sensor_msgs/tf2_sensor_msgs.hpp:44\x1b[m\x1b[K,\n'}
[5.984163] (rc_interaction) StderrLine: {'line': b'                 from \x1b[01m\x1b[K/home/zbt/Upper-main/rc_interaction/include/rc_interaction/xbox360_node.hpp:31\x1b[m\x1b[K,\n'}
[5.984199] (rc_interaction) StderrLine: {'line': b'                 from \x1b[01m\x1b[K/home/zbt/Upper-main/rc_interaction/src/model_xbox.cpp:3\x1b[m\x1b[K:\n'}
[5.984244] (rc_interaction) StderrLine: {'line': b'\x1b[01m\x1b[K/usr/include/c++/11/cstddef:126:5:\x1b[m\x1b[K \x1b[01;36m\x1b[Knote: \x1b[m\x1b[Kcandidate: \xe2\x80\x98\x1b[01m\x1b[Ktemplate<class _IntegerType> constexpr std::__byte_op_t<_IntegerType> std::operator<<(std::byte, _IntegerType)\x1b[m\x1b[K\xe2\x80\x99\n'}
[5.984276] (rc_interaction) StderrLine: {'line': b'  126 |     \x1b[01;36m\x1b[Koperator\x1b[m\x1b[K<<(byte __b, _IntegerType __shift) noexcept\n'}
[5.984301] (rc_interaction) StderrLine: {'line': b'      |     \x1b[01;36m\x1b[K^~~~~~~~\x1b[m\x1b[K\n'}
[5.984327] (rc_interaction) StderrLine: {'line': b'\x1b[01m\x1b[K/usr/include/c++/11/cstddef:126:5:\x1b[m\x1b[K \x1b[01;36m\x1b[Knote: \x1b[m\x1b[K  template argument deduction/substitution failed:\n'}
[5.984352] (rc_interaction) StderrLine: {'line': b'In file included from \x1b[01m\x1b[K/home/zbt/Upper-main/rc_interaction/src/model_xbox.cpp:4\x1b[m\x1b[K:\n'}
[5.984376] (rc_interaction) StderrLine: {'line': b'\x1b[01m\x1b[K/home/zbt/Upper-main/rc_interaction/include/rc_interaction/sbus_node.hpp:215:34:\x1b[m\x1b[K \x1b[01;36m\x1b[Knote: \x1b[m\x1b[K  couldn\xe2\x80\x99t deduce template parameter \xe2\x80\x98\x1b[01m\x1b[K_IntegerType\x1b[m\x1b[K\xe2\x80\x99\n'}
[5.984403] (rc_interaction) StderrLine: {'line': b'  215 |       cout<<vel_.twist.linear.x<<\x1b[01;36m\x1b[Kend\x1b[m\x1b[K;\n'}
[5.984427] (rc_interaction) StderrLine: {'line': b'      |                                  \x1b[01;36m\x1b[K^~~\x1b[m\x1b[K\n'}
[5.984451] (rc_interaction) StderrLine: {'line': b'\x1b[01m\x1b[K/home/zbt/Upper-main/rc_interaction/include/rc_interaction/sbus_node.hpp:216:32:\x1b[m\x1b[K \x1b[01;31m\x1b[Kerror: \x1b[m\x1b[Kno match for \xe2\x80\x98\x1b[01m\x1b[Koperator<<\x1b[m\x1b[K\xe2\x80\x99 (operand types are \xe2\x80\x98\x1b[01m\x1b[Kstd::basic_ostream<char>::__ostream_type\x1b[m\x1b[K\xe2\x80\x99 {aka \xe2\x80\x98\x1b[01m\x1b[Kstd::basic_ostream<char>\x1b[m\x1b[K\xe2\x80\x99} and \xe2\x80\x98\x1b[01m\x1b[K<unresolved overloaded function type>\x1b[m\x1b[K\xe2\x80\x99)\n'}
[5.984481] (rc_interaction) StderrLine: {'line': b'  216 |       \x1b[01;31m\x1b[Kcout<<vel_.twist.linear.y<<end\x1b[m\x1b[K;\n'}
[5.984522] (rc_interaction) StderrLine: {'line': b'      |       \x1b[01;31m\x1b[K~~~~~~~~~~~~~~~~~~~~~~~~~^~~~~\x1b[m\x1b[K\n'}
[5.984554] (rc_interaction) StderrLine: {'line': b'In file included from \x1b[01m\x1b[K/usr/include/c++/11/iostream:39\x1b[m\x1b[K,\n'}
[5.984581] (rc_interaction) StderrLine: {'line': b'                 from \x1b[01m\x1b[K/opt/ros/humble/include/rclcpp/rclcpp/executor.hpp:22\x1b[m\x1b[K,\n'}
[5.984607] (rc_interaction) StderrLine: {'line': b'                 from \x1b[01m\x1b[K/opt/ros/humble/include/rclcpp/rclcpp/executors/multi_threaded_executor.hpp:25\x1b[m\x1b[K,\n'}
[5.984633] (rc_interaction) StderrLine: {'line': b'                 from \x1b[01m\x1b[K/opt/ros/humble/include/rclcpp/rclcpp/executors.hpp:21\x1b[m\x1b[K,\n'}
[5.984657] (rc_interaction) StderrLine: {'line': b'                 from \x1b[01m\x1b[K/opt/ros/humble/include/rclcpp/rclcpp/rclcpp.hpp:155\x1b[m\x1b[K,\n'}
[5.984682] (rc_interaction) StderrLine: {'line': b'                 from \x1b[01m\x1b[K/home/zbt/Upper-main/rc_interaction/src/model_xbox.cpp:1\x1b[m\x1b[K:\n'}
[5.984706] (rc_interaction) StderrLine: {'line': b'\x1b[01m\x1b[K/usr/include/c++/11/ostream:108:7:\x1b[m\x1b[K \x1b[01;36m\x1b[Knote: \x1b[m\x1b[Kcandidate: \xe2\x80\x98\x1b[01m\x1b[Kstd::basic_ostream<_CharT, _Traits>::__ostream_type& std::basic_ostream<_CharT, _Traits>::operator<<(std::basic_ostream<_CharT, _Traits>::__ostream_type& (*)(std::basic_ostream<_CharT, _Traits>::__ostream_type&)) [with _CharT = char; _Traits = std::char_traits<char>; std::basic_ostream<_CharT, _Traits>::__ostream_type = std::basic_ostream<char>]\x1b[m\x1b[K\xe2\x80\x99\n'}
[5.984732] (rc_interaction) StderrLine: {'line': b'  108 |       \x1b[01;36m\x1b[Koperator\x1b[m\x1b[K<<(__ostream_type& (*__pf)(__ostream_type&))\n'}
[5.984759] (rc_interaction) StderrLine: {'line': b'      |       \x1b[01;36m\x1b[K^~~~~~~~\x1b[m\x1b[K\n'}
[5.984783] (rc_interaction) StderrLine: {'line': b'\x1b[01m\x1b[K/usr/include/c++/11/ostream:108:36:\x1b[m\x1b[K \x1b[01;36m\x1b[Knote: \x1b[m\x1b[K  no known conversion for argument 1 from \xe2\x80\x98\x1b[01m\x1b[K<unresolved overloaded function type>\x1b[m\x1b[K\xe2\x80\x99 to \xe2\x80\x98\x1b[01m\x1b[Kstd::basic_ostream<char>::__ostream_type& (*)(std::basic_ostream<char>::__ostream_type&)\x1b[m\x1b[K\xe2\x80\x99 {aka \xe2\x80\x98\x1b[01m\x1b[Kstd::basic_ostream<char>& (*)(std::basic_ostream<char>&)\x1b[m\x1b[K\xe2\x80\x99}\n'}
[5.984812] (rc_interaction) StderrLine: {'line': b'  108 |       operator<<(\x1b[01;36m\x1b[K__ostream_type& (*__pf)(__ostream_type&)\x1b[m\x1b[K)\n'}
[5.984836] (rc_interaction) StderrLine: {'line': b'      |                  \x1b[01;36m\x1b[K~~~~~~~~~~~~~~~~~~^~~~~~~~~~~~~~~~~~~~~~\x1b[m\x1b[K\n'}
[5.984861] (rc_interaction) StderrLine: {'line': b'\x1b[01m\x1b[K/usr/include/c++/11/ostream:117:7:\x1b[m\x1b[K \x1b[01;36m\x1b[Knote: \x1b[m\x1b[Kcandidate: \xe2\x80\x98\x1b[01m\x1b[Kstd::basic_ostream<_CharT, _Traits>::__ostream_type& std::basic_ostream<_CharT, _Traits>::operator<<(std::basic_ostream<_CharT, _Traits>::__ios_type& (*)(std::basic_ostream<_CharT, _Traits>::__ios_type&)) [with _CharT = char; _Traits = std::char_traits<char>; std::basic_ostream<_CharT, _Traits>::__ostream_type = std::basic_ostream<char>; std::basic_ostream<_CharT, _Traits>::__ios_type = std::basic_ios<char>]\x1b[m\x1b[K\xe2\x80\x99\n'}
[5.984887] (rc_interaction) StderrLine: {'line': b'  117 |       \x1b[01;36m\x1b[Koperator\x1b[m\x1b[K<<(__ios_type& (*__pf)(__ios_type&))\n'}
[5.984912] (rc_interaction) StderrLine: {'line': b'      |       \x1b[01;36m\x1b[K^~~~~~~~\x1b[m\x1b[K\n'}
[5.984936] (rc_interaction) StderrLine: {'line': b'\x1b[01m\x1b[K/usr/include/c++/11/ostream:117:32:\x1b[m\x1b[K \x1b[01;36m\x1b[Knote: \x1b[m\x1b[K  no known conversion for argument 1 from \xe2\x80\x98\x1b[01m\x1b[K<unresolved overloaded function type>\x1b[m\x1b[K\xe2\x80\x99 to \xe2\x80\x98\x1b[01m\x1b[Kstd::basic_ostream<char>::__ios_type& (*)(std::basic_ostream<char>::__ios_type&)\x1b[m\x1b[K\xe2\x80\x99 {aka \xe2\x80\x98\x1b[01m\x1b[Kstd::basic_ios<char>& (*)(std::basic_ios<char>&)\x1b[m\x1b[K\xe2\x80\x99}\n'}
[5.984961] (rc_interaction) StderrLine: {'line': b'  117 |       operator<<(\x1b[01;36m\x1b[K__ios_type& (*__pf)(__ios_type&)\x1b[m\x1b[K)\n'}
[5.984988] (rc_interaction) StderrLine: {'line': b'      |                  \x1b[01;36m\x1b[K~~~~~~~~~~~~~~^~~~~~~~~~~~~~~~~~\x1b[m\x1b[K\n'}
[5.985012] (rc_interaction) StderrLine: {'line': b'\x1b[01m\x1b[K/usr/include/c++/11/ostream:127:7:\x1b[m\x1b[K \x1b[01;36m\x1b[Knote: \x1b[m\x1b[Kcandidate: \xe2\x80\x98\x1b[01m\x1b[Kstd::basic_ostream<_CharT, _Traits>::__ostream_type& std::basic_ostream<_CharT, _Traits>::operator<<(std::ios_base& (*)(std::ios_base&)) [with _CharT = char; _Traits = std::char_traits<char>; std::basic_ostream<_CharT, _Traits>::__ostream_type = std::basic_ostream<char>]\x1b[m\x1b[K\xe2\x80\x99\n'}
[5.985038] (rc_interaction) StderrLine: {'line': b'  127 |       \x1b[01;36m\x1b[Koperator\x1b[m\x1b[K<<(ios_base& (*__pf) (ios_base&))\n'}
[5.985062] (rc_interaction) StderrLine: {'line': b'      |       \x1b[01;36m\x1b[K^~~~~~~~\x1b[m\x1b[K\n'}
[5.985086] (rc_interaction) StderrLine: {'line': b'\x1b[01m\x1b[K/usr/include/c++/11/ostream:127:30:\x1b[m\x1b[K \x1b[01;36m\x1b[Knote: \x1b[m\x1b[K  no known conversion for argument 1 from \xe2\x80\x98\x1b[01m\x1b[K<unresolved overloaded function type>\x1b[m\x1b[K\xe2\x80\x99 to \xe2\x80\x98\x1b[01m\x1b[Kstd::ios_base& (*)(std::ios_base&)\x1b[m\x1b[K\xe2\x80\x99\n'}
[5.985111] (rc_interaction) StderrLine: {'line': b'  127 |       operator<<(\x1b[01;36m\x1b[Kios_base& (*__pf) (ios_base&)\x1b[m\x1b[K)\n'}
[5.985135] (rc_interaction) StderrLine: {'line': b'      |                  \x1b[01;36m\x1b[K~~~~~~~~~~~~^~~~~~~~~~~~~~~~~\x1b[m\x1b[K\n'}
[5.985159] (rc_interaction) StderrLine: {'line': b'\x1b[01m\x1b[K/usr/include/c++/11/ostream:166:7:\x1b[m\x1b[K \x1b[01;36m\x1b[Knote: \x1b[m\x1b[Kcandidate: \xe2\x80\x98\x1b[01m\x1b[Kstd::basic_ostream<_CharT, _Traits>::__ostream_type& std::basic_ostream<_CharT, _Traits>::operator<<(long int) [with _CharT = char; _Traits = std::char_traits<char>; std::basic_ostream<_CharT, _Traits>::__ostream_type = std::basic_ostream<char>]\x1b[m\x1b[K\xe2\x80\x99\n'}
[5.985191] (rc_interaction) StderrLine: {'line': b'  166 |       \x1b[01;36m\x1b[Koperator\x1b[m\x1b[K<<(long __n)\n'}
[5.985215] (rc_interaction) StderrLine: {'line': b'      |       \x1b[01;36m\x1b[K^~~~~~~~\x1b[m\x1b[K\n'}
[5.985239] (rc_interaction) StderrLine: {'line': b'\x1b[01m\x1b[K/usr/include/c++/11/ostream:166:23:\x1b[m\x1b[K \x1b[01;36m\x1b[Knote: \x1b[m\x1b[K  no known conversion for argument 1 from \xe2\x80\x98\x1b[01m\x1b[K<unresolved overloaded function type>\x1b[m\x1b[K\xe2\x80\x99 to \xe2\x80\x98\x1b[01m\x1b[Klong int\x1b[m\x1b[K\xe2\x80\x99\n'}
[5.985264] (rc_interaction) StderrLine: {'line': b'  166 |       operator<<(\x1b[01;36m\x1b[Klong __n\x1b[m\x1b[K)\n'}
[5.985288] (rc_interaction) StderrLine: {'line': b'      |                  \x1b[01;36m\x1b[K~~~~~^~~\x1b[m\x1b[K\n'}
[5.985312] (rc_interaction) StderrLine: {'line': b'\x1b[01m\x1b[K/usr/include/c++/11/ostream:170:7:\x1b[m\x1b[K \x1b[01;36m\x1b[Knote: \x1b[m\x1b[Kcandidate: \xe2\x80\x98\x1b[01m\x1b[Kstd::basic_ostream<_CharT, _Traits>::__ostream_type& std::basic_ostream<_CharT, _Traits>::operator<<(long unsigned int) [with _CharT = char; _Traits = std::char_traits<char>; std::basic_ostream<_CharT, _Traits>::__ostream_type = std::basic_ostream<char>]\x1b[m\x1b[K\xe2\x80\x99\n'}
[5.985337] (rc_interaction) StderrLine: {'line': b'  170 |       \x1b[01;36m\x1b[Koperator\x1b[m\x1b[K<<(unsigned long __n)\n'}
[5.985361] (rc_interaction) StderrLine: {'line': b'      |       \x1b[01;36m\x1b[K^~~~~~~~\x1b[m\x1b[K\n'}
[5.985385] (rc_interaction) StderrLine: {'line': b'\x1b[01m\x1b[K/usr/include/c++/11/ostream:170:32:\x1b[m\x1b[K \x1b[01;36m\x1b[Knote: \x1b[m\x1b[K  no known conversion for argument 1 from \xe2\x80\x98\x1b[01m\x1b[K<unresolved overloaded function type>\x1b[m\x1b[K\xe2\x80\x99 to \xe2\x80\x98\x1b[01m\x1b[Klong unsigned int\x1b[m\x1b[K\xe2\x80\x99\n'}
[5.985412] (rc_interaction) StderrLine: {'line': b'  170 |       operator<<(\x1b[01;36m\x1b[Kunsigned long __n\x1b[m\x1b[K)\n'}
[5.985436] (rc_interaction) StderrLine: {'line': b'      |                  \x1b[01;36m\x1b[K~~~~~~~~~~~~~~^~~\x1b[m\x1b[K\n'}
[5.985460] (rc_interaction) StderrLine: {'line': b'\x1b[01m\x1b[K/usr/include/c++/11/ostream:174:7:\x1b[m\x1b[K \x1b[01;36m\x1b[Knote: \x1b[m\x1b[Kcandidate: \xe2\x80\x98\x1b[01m\x1b[Kstd::basic_ostream<_CharT, _Traits>::__ostream_type& std::basic_ostream<_CharT, _Traits>::operator<<(bool) [with _CharT = char; _Traits = std::char_traits<char>; std::basic_ostream<_CharT, _Traits>::__ostream_type = std::basic_ostream<char>]\x1b[m\x1b[K\xe2\x80\x99\n'}
[5.985485] (rc_interaction) StderrLine: {'line': b'  174 |       \x1b[01;36m\x1b[Koperator\x1b[m\x1b[K<<(bool __n)\n'}
[5.985509] (rc_interaction) StderrLine: {'line': b'      |       \x1b[01;36m\x1b[K^~~~~~~~\x1b[m\x1b[K\n'}
[5.985533] (rc_interaction) StderrLine: {'line': b'\x1b[01m\x1b[K/usr/include/c++/11/ostream:174:23:\x1b[m\x1b[K \x1b[01;36m\x1b[Knote: \x1b[m\x1b[K  no known conversion for argument 1 from \xe2\x80\x98\x1b[01m\x1b[K<unresolved overloaded function type>\x1b[m\x1b[K\xe2\x80\x99 to \xe2\x80\x98\x1b[01m\x1b[Kbool\x1b[m\x1b[K\xe2\x80\x99\n'}
[5.985558] (rc_interaction) StderrLine: {'line': b'  174 |       operator<<(\x1b[01;36m\x1b[Kbool __n\x1b[m\x1b[K)\n'}
[5.985582] (rc_interaction) StderrLine: {'line': b'      |                  \x1b[01;36m\x1b[K~~~~~^~~\x1b[m\x1b[K\n'}
[5.985609] (rc_interaction) StderrLine: {'line': b'In file included from \x1b[01m\x1b[K/usr/include/c++/11/ostream:829\x1b[m\x1b[K,\n'}
[5.985633] (rc_interaction) StderrLine: {'line': b'                 from \x1b[01m\x1b[K/usr/include/c++/11/iostream:39\x1b[m\x1b[K,\n'}
[5.985657] (rc_interaction) StderrLine: {'line': b'                 from \x1b[01m\x1b[K/opt/ros/humble/include/rclcpp/rclcpp/executor.hpp:22\x1b[m\x1b[K,\n'}
[5.985682] (rc_interaction) StderrLine: {'line': b'                 from \x1b[01m\x1b[K/opt/ros/humble/include/rclcpp/rclcpp/executors/multi_threaded_executor.hpp:25\x1b[m\x1b[K,\n'}
[5.985706] (rc_interaction) StderrLine: {'line': b'                 from \x1b[01m\x1b[K/opt/ros/humble/include/rclcpp/rclcpp/executors.hpp:21\x1b[m\x1b[K,\n'}
[5.985733] (rc_interaction) StderrLine: {'line': b'                 from \x1b[01m\x1b[K/opt/ros/humble/include/rclcpp/rclcpp/rclcpp.hpp:155\x1b[m\x1b[K,\n'}
[5.985757] (rc_interaction) StderrLine: {'line': b'                 from \x1b[01m\x1b[K/home/zbt/Upper-main/rc_interaction/src/model_xbox.cpp:1\x1b[m\x1b[K:\n'}
[5.985781] (rc_interaction) StderrLine: {'line': b'\x1b[01m\x1b[K/usr/include/c++/11/bits/ostream.tcc:91:5:\x1b[m\x1b[K \x1b[01;36m\x1b[Knote: \x1b[m\x1b[Kcandidate: \xe2\x80\x98\x1b[01m\x1b[Kstd::basic_ostream<_Ch, _Tr>& std::basic_ostream<_CharT, _Traits>::operator<<(short int) [with _CharT = char; _Traits = std::char_traits<char>]\x1b[m\x1b[K\xe2\x80\x99\n'}
[5.985809] (rc_interaction) StderrLine: {'line': b'   91 |     \x1b[01;36m\x1b[Kbasic_ostream<_CharT, _Traits>\x1b[m\x1b[K::\n'}
[5.985833] (rc_interaction) StderrLine: {'line': b'      |     \x1b[01;36m\x1b[K^~~~~~~~~~~~~~~~~~~~~~~~~~~~~~\x1b[m\x1b[K\n'}
[5.985860] (rc_interaction) StderrLine: {'line': b'\x1b[01m\x1b[K/usr/include/c++/11/bits/ostream.tcc:92:22:\x1b[m\x1b[K \x1b[01;36m\x1b[Knote: \x1b[m\x1b[K  no known conversion for argument 1 from \xe2\x80\x98\x1b[01m\x1b[K<unresolved overloaded function type>\x1b[m\x1b[K\xe2\x80\x99 to \xe2\x80\x98\x1b[01m\x1b[Kshort int\x1b[m\x1b[K\xe2\x80\x99\n'}
[5.985885] (rc_interaction) StderrLine: {'line': b'   92 |     operator<<(\x1b[01;36m\x1b[Kshort __n\x1b[m\x1b[K)\n'}
[5.985909] (rc_interaction) StderrLine: {'line': b'      |                \x1b[01;36m\x1b[K~~~~~~^~~\x1b[m\x1b[K\n'}
[5.985933] (rc_interaction) StderrLine: {'line': b'In file included from \x1b[01m\x1b[K/usr/include/c++/11/iostream:39\x1b[m\x1b[K,\n'}
[5.985958] (rc_interaction) StderrLine: {'line': b'                 from \x1b[01m\x1b[K/opt/ros/humble/include/rclcpp/rclcpp/executor.hpp:22\x1b[m\x1b[K,\n'}
[5.985982] (rc_interaction) StderrLine: {'line': b'                 from \x1b[01m\x1b[K/opt/ros/humble/include/rclcpp/rclcpp/executors/multi_threaded_executor.hpp:25\x1b[m\x1b[K,\n'}
[5.986007] (rc_interaction) StderrLine: {'line': b'                 from \x1b[01m\x1b[K/opt/ros/humble/include/rclcpp/rclcpp/executors.hpp:21\x1b[m\x1b[K,\n'}
[5.986030] (rc_interaction) StderrLine: {'line': b'                 from \x1b[01m\x1b[K/opt/ros/humble/include/rclcpp/rclcpp/rclcpp.hpp:155\x1b[m\x1b[K,\n'}
[5.986055] (rc_interaction) StderrLine: {'line': b'                 from \x1b[01m\x1b[K/home/zbt/Upper-main/rc_interaction/src/model_xbox.cpp:1\x1b[m\x1b[K:\n'}
[5.986078] (rc_interaction) StderrLine: {'line': b'\x1b[01m\x1b[K/usr/include/c++/11/ostream:181:7:\x1b[m\x1b[K \x1b[01;36m\x1b[Knote: \x1b[m\x1b[Kcandidate: \xe2\x80\x98\x1b[01m\x1b[Kstd::basic_ostream<_CharT, _Traits>::__ostream_type& std::basic_ostream<_CharT, _Traits>::operator<<(short unsigned int) [with _CharT = char; _Traits = std::char_traits<char>; std::basic_ostream<_CharT, _Traits>::__ostream_type = std::basic_ostream<char>]\x1b[m\x1b[K\xe2\x80\x99\n'}
[5.986112] (rc_interaction) StderrLine: {'line': b'  181 |       \x1b[01;36m\x1b[Koperator\x1b[m\x1b[K<<(unsigned short __n)\n'}
[5.986136] (rc_interaction) StderrLine: {'line': b'      |       \x1b[01;36m\x1b[K^~~~~~~~\x1b[m\x1b[K\n'}
[5.986160] (rc_interaction) StderrLine: {'line': b'\x1b[01m\x1b[K/usr/include/c++/11/ostream:181:33:\x1b[m\x1b[K \x1b[01;36m\x1b[Knote: \x1b[m\x1b[K  no known conversion for argument 1 from \xe2\x80\x98\x1b[01m\x1b[K<unresolved overloaded function type>\x1b[m\x1b[K\xe2\x80\x99 to \xe2\x80\x98\x1b[01m\x1b[Kshort unsigned int\x1b[m\x1b[K\xe2\x80\x99\n'}
[5.986185] (rc_interaction) StderrLine: {'line': b'  181 |       operator<<(\x1b[01;36m\x1b[Kunsigned short __n\x1b[m\x1b[K)\n'}
[5.986209] (rc_interaction) StderrLine: {'line': b'      |                  \x1b[01;36m\x1b[K~~~~~~~~~~~~~~~^~~\x1b[m\x1b[K\n'}
[5.986233] (rc_interaction) StderrLine: {'line': b'In file included from \x1b[01m\x1b[K/usr/include/c++/11/ostream:829\x1b[m\x1b[K,\n'}
[5.992087] (rc_interaction) StderrLine: {'line': b'                 from \x1b[01m\x1b[K/usr/include/c++/11/iostream:39\x1b[m\x1b[K,\n'}
[5.992141] (rc_interaction) StderrLine: {'line': b'                 from \x1b[01m\x1b[K/opt/ros/humble/include/rclcpp/rclcpp/executor.hpp:22\x1b[m\x1b[K,\n'}
[5.992173] (rc_interaction) StderrLine: {'line': b'                 from \x1b[01m\x1b[K/opt/ros/humble/include/rclcpp/rclcpp/executors/multi_threaded_executor.hpp:25\x1b[m\x1b[K,\n'}
[5.992201] (rc_interaction) StderrLine: {'line': b'                 from \x1b[01m\x1b[K/opt/ros/humble/include/rclcpp/rclcpp/executors.hpp:21\x1b[m\x1b[K,\n'}
[5.992227] (rc_interaction) StderrLine: {'line': b'                 from \x1b[01m\x1b[K/opt/ros/humble/include/rclcpp/rclcpp/rclcpp.hpp:155\x1b[m\x1b[K,\n'}
[5.992253] (rc_interaction) StderrLine: {'line': b'                 from \x1b[01m\x1b[K/home/zbt/Upper-main/rc_interaction/src/model_xbox.cpp:1\x1b[m\x1b[K:\n'}
[5.992280] (rc_interaction) StderrLine: {'line': b'\x1b[01m\x1b[K/usr/include/c++/11/bits/ostream.tcc:105:5:\x1b[m\x1b[K \x1b[01;36m\x1b[Knote: \x1b[m\x1b[Kcandidate: \xe2\x80\x98\x1b[01m\x1b[Kstd::basic_ostream<_Ch, _Tr>& std::basic_ostream<_CharT, _Traits>::operator<<(int) [with _CharT = char; _Traits = std::char_traits<char>]\x1b[m\x1b[K\xe2\x80\x99\n'}
[5.992308] (rc_interaction) StderrLine: {'line': b'  105 |     \x1b[01;36m\x1b[Kbasic_ostream<_CharT, _Traits>\x1b[m\x1b[K::\n'}
[5.992333] (rc_interaction) StderrLine: {'line': b'      |     \x1b[01;36m\x1b[K^~~~~~~~~~~~~~~~~~~~~~~~~~~~~~\x1b[m\x1b[K\n'}
[5.992358] (rc_interaction) StderrLine: {'line': b'\x1b[01m\x1b[K/usr/include/c++/11/bits/ostream.tcc:106:20:\x1b[m\x1b[K \x1b[01;36m\x1b[Knote: \x1b[m\x1b[K  no known conversion for argument 1 from \xe2\x80\x98\x1b[01m\x1b[K<unresolved overloaded function type>\x1b[m\x1b[K\xe2\x80\x99 to \xe2\x80\x98\x1b[01m\x1b[Kint\x1b[m\x1b[K\xe2\x80\x99\n'}
[5.992385] (rc_interaction) StderrLine: {'line': b'  106 |     operator<<(\x1b[01;36m\x1b[Kint __n\x1b[m\x1b[K)\n'}
[5.992412] (rc_interaction) StderrLine: {'line': b'      |                \x1b[01;36m\x1b[K~~~~^~~\x1b[m\x1b[K\n'}
[5.992437] (rc_interaction) StderrLine: {'line': b'In file included from \x1b[01m\x1b[K/usr/include/c++/11/iostream:39\x1b[m\x1b[K,\n'}
[5.992461] (rc_interaction) StderrLine: {'line': b'                 from \x1b[01m\x1b[K/opt/ros/humble/include/rclcpp/rclcpp/executor.hpp:22\x1b[m\x1b[K,\n'}
[5.992486] (rc_interaction) StderrLine: {'line': b'                 from \x1b[01m\x1b[K/opt/ros/humble/include/rclcpp/rclcpp/executors/multi_threaded_executor.hpp:25\x1b[m\x1b[K,\n'}
[5.992511] (rc_interaction) StderrLine: {'line': b'                 from \x1b[01m\x1b[K/opt/ros/humble/include/rclcpp/rclcpp/executors.hpp:21\x1b[m\x1b[K,\n'}
[5.992539] (rc_interaction) StderrLine: {'line': b'                 from \x1b[01m\x1b[K/opt/ros/humble/include/rclcpp/rclcpp/rclcpp.hpp:155\x1b[m\x1b[K,\n'}
[5.992563] (rc_interaction) StderrLine: {'line': b'                 from \x1b[01m\x1b[K/home/zbt/Upper-main/rc_interaction/src/model_xbox.cpp:1\x1b[m\x1b[K:\n'}
[5.992588] (rc_interaction) StderrLine: {'line': b'\x1b[01m\x1b[K/usr/include/c++/11/ostream:192:7:\x1b[m\x1b[K \x1b[01;36m\x1b[Knote: \x1b[m\x1b[Kcandidate: \xe2\x80\x98\x1b[01m\x1b[Kstd::basic_ostream<_CharT, _Traits>::__ostream_type& std::basic_ostream<_CharT, _Traits>::operator<<(unsigned int) [with _CharT = char; _Traits = std::char_traits<char>; std::basic_ostream<_CharT, _Traits>::__ostream_type = std::basic_ostream<char>]\x1b[m\x1b[K\xe2\x80\x99\n'}
[5.992615] (rc_interaction) StderrLine: {'line': b'  192 |       \x1b[01;36m\x1b[Koperator\x1b[m\x1b[K<<(unsigned int __n)\n'}
[5.992643] (rc_interaction) StderrLine: {'line': b'      |       \x1b[01;36m\x1b[K^~~~~~~~\x1b[m\x1b[K\n'}
[5.992675] (rc_interaction) StderrLine: {'line': b'\x1b[01m\x1b[K/usr/include/c++/11/ostream:192:31:\x1b[m\x1b[K \x1b[01;36m\x1b[Knote: \x1b[m\x1b[K  no known conversion for argument 1 from \xe2\x80\x98\x1b[01m\x1b[K<unresolved overloaded function type>\x1b[m\x1b[K\xe2\x80\x99 to \xe2\x80\x98\x1b[01m\x1b[Kunsigned int\x1b[m\x1b[K\xe2\x80\x99\n'}
[5.992711] (rc_interaction) StderrLine: {'line': b'  192 |       operator<<(\x1b[01;36m\x1b[Kunsigned int __n\x1b[m\x1b[K)\n'}
[5.992736] (rc_interaction) StderrLine: {'line': b'      |                  \x1b[01;36m\x1b[K~~~~~~~~~~~~~^~~\x1b[m\x1b[K\n'}
[5.992761] (rc_interaction) StderrLine: {'line': b'\x1b[01m\x1b[K/usr/include/c++/11/ostream:201:7:\x1b[m\x1b[K \x1b[01;36m\x1b[Knote: \x1b[m\x1b[Kcandidate: \xe2\x80\x98\x1b[01m\x1b[Kstd::basic_ostream<_CharT, _Traits>::__ostream_type& std::basic_ostream<_CharT, _Traits>::operator<<(long long int) [with _CharT = char; _Traits = std::char_traits<char>; std::basic_ostream<_CharT, _Traits>::__ostream_type = std::basic_ostream<char>]\x1b[m\x1b[K\xe2\x80\x99\n'}
[5.992790] (rc_interaction) StderrLine: {'line': b'  201 |       \x1b[01;36m\x1b[Koperator\x1b[m\x1b[K<<(long long __n)\n'}
[5.992815] (rc_interaction) StderrLine: {'line': b'      |       \x1b[01;36m\x1b[K^~~~~~~~\x1b[m\x1b[K\n'}
[5.992840] (rc_interaction) StderrLine: {'line': b'\x1b[01m\x1b[K/usr/include/c++/11/ostream:201:28:\x1b[m\x1b[K \x1b[01;36m\x1b[Knote: \x1b[m\x1b[K  no known conversion for argument 1 from \xe2\x80\x98\x1b[01m\x1b[K<unresolved overloaded function type>\x1b[m\x1b[K\xe2\x80\x99 to \xe2\x80\x98\x1b[01m\x1b[Klong long int\x1b[m\x1b[K\xe2\x80\x99\n'}
[5.992865] (rc_interaction) StderrLine: {'line': b'  201 |       operator<<(\x1b[01;36m\x1b[Klong long __n\x1b[m\x1b[K)\n'}
[5.992890] (rc_interaction) StderrLine: {'line': b'      |                  \x1b[01;36m\x1b[K~~~~~~~~~~^~~\x1b[m\x1b[K\n'}
[5.992915] (rc_interaction) StderrLine: {'line': b'\x1b[01m\x1b[K/usr/include/c++/11/ostream:205:7:\x1b[m\x1b[K \x1b[01;36m\x1b[Knote: \x1b[m\x1b[Kcandidate: \xe2\x80\x98\x1b[01m\x1b[Kstd::basic_ostream<_CharT, _Traits>::__ostream_type& std::basic_ostream<_CharT, _Traits>::operator<<(long long unsigned int) [with _CharT = char; _Traits = std::char_traits<char>; std::basic_ostream<_CharT, _Traits>::__ostream_type = std::basic_ostream<char>]\x1b[m\x1b[K\xe2\x80\x99\n'}
[5.992944] (rc_interaction) StderrLine: {'line': b'  205 |       \x1b[01;36m\x1b[Koperator\x1b[m\x1b[K<<(unsigned long long __n)\n'}
[5.992969] (rc_interaction) StderrLine: {'line': b'      |       \x1b[01;36m\x1b[K^~~~~~~~\x1b[m\x1b[K\n'}
[5.992997] (rc_interaction) StderrLine: {'line': b'\x1b[01m\x1b[K/usr/include/c++/11/ostream:205:37:\x1b[m\x1b[K \x1b[01;36m\x1b[Knote: \x1b[m\x1b[K  no known conversion for argument 1 from \xe2\x80\x98\x1b[01m\x1b[K<unresolved overloaded function type>\x1b[m\x1b[K\xe2\x80\x99 to \xe2\x80\x98\x1b[01m\x1b[Klong long unsigned int\x1b[m\x1b[K\xe2\x80\x99\n'}
[5.993022] (rc_interaction) StderrLine: {'line': b'  205 |       operator<<(\x1b[01;36m\x1b[Kunsigned long long __n\x1b[m\x1b[K)\n'}
[5.993047] (rc_interaction) StderrLine: {'line': b'      |                  \x1b[01;36m\x1b[K~~~~~~~~~~~~~~~~~~~^~~\x1b[m\x1b[K\n'}
[5.993072] (rc_interaction) StderrLine: {'line': b'\x1b[01m\x1b[K/usr/include/c++/11/ostream:220:7:\x1b[m\x1b[K \x1b[01;36m\x1b[Knote: \x1b[m\x1b[Kcandidate: \xe2\x80\x98\x1b[01m\x1b[Kstd::basic_ostream<_CharT, _Traits>::__ostream_type& std::basic_ostream<_CharT, _Traits>::operator<<(double) [with _CharT = char; _Traits = std::char_traits<char>; std::basic_ostream<_CharT, _Traits>::__ostream_type = std::basic_ostream<char>]\x1b[m\x1b[K\xe2\x80\x99\n'}
[5.993099] (rc_interaction) StderrLine: {'line': b'  220 |       \x1b[01;36m\x1b[Koperator\x1b[m\x1b[K<<(double __f)\n'}
[5.993124] (rc_interaction) StderrLine: {'line': b'      |       \x1b[01;36m\x1b[K^~~~~~~~\x1b[m\x1b[K\n'}
[5.993179] (rc_interaction) StderrLine: {'line': b'\x1b[01m\x1b[K/usr/include/c++/11/ostream:220:25:\x1b[m\x1b[K \x1b[01;36m\x1b[Knote: \x1b[m\x1b[K  no known conversion for argument 1 from \xe2\x80\x98\x1b[01m\x1b[K<unresolved overloaded function type>\x1b[m\x1b[K\xe2\x80\x99 to \xe2\x80\x98\x1b[01m\x1b[Kdouble\x1b[m\x1b[K\xe2\x80\x99\n'}
[5.993205] (rc_interaction) StderrLine: {'line': b'  220 |       operator<<(\x1b[01;36m\x1b[Kdouble __f\x1b[m\x1b[K)\n'}
[5.993230] (rc_interaction) StderrLine: {'line': b'      |                  \x1b[01;36m\x1b[K~~~~~~~^~~\x1b[m\x1b[K\n'}
[5.993258] (rc_interaction) StderrLine: {'line': b'\x1b[01m\x1b[K/usr/include/c++/11/ostream:224:7:\x1b[m\x1b[K \x1b[01;36m\x1b[Knote: \x1b[m\x1b[Kcandidate: \xe2\x80\x98\x1b[01m\x1b[Kstd::basic_ostream<_CharT, _Traits>::__ostream_type& std::basic_ostream<_CharT, _Traits>::operator<<(float) [with _CharT = char; _Traits = std::char_traits<char>; std::basic_ostream<_CharT, _Traits>::__ostream_type = std::basic_ostream<char>]\x1b[m\x1b[K\xe2\x80\x99\n'}
[5.993284] (rc_interaction) StderrLine: {'line': b'  224 |       \x1b[01;36m\x1b[Koperator\x1b[m\x1b[K<<(float __f)\n'}
[5.993309] (rc_interaction) StderrLine: {'line': b'      |       \x1b[01;36m\x1b[K^~~~~~~~\x1b[m\x1b[K\n'}
[5.993334] (rc_interaction) StderrLine: {'line': b'\x1b[01m\x1b[K/usr/include/c++/11/ostream:224:24:\x1b[m\x1b[K \x1b[01;36m\x1b[Knote: \x1b[m\x1b[K  no known conversion for argument 1 from \xe2\x80\x98\x1b[01m\x1b[K<unresolved overloaded function type>\x1b[m\x1b[K\xe2\x80\x99 to \xe2\x80\x98\x1b[01m\x1b[Kfloat\x1b[m\x1b[K\xe2\x80\x99\n'}
[5.993360] (rc_interaction) StderrLine: {'line': b'  224 |       operator<<(\x1b[01;36m\x1b[Kfloat __f\x1b[m\x1b[K)\n'}
[5.993384] (rc_interaction) StderrLine: {'line': b'      |                  \x1b[01;36m\x1b[K~~~~~~^~~\x1b[m\x1b[K\n'}
[5.993409] (rc_interaction) StderrLine: {'line': b'\x1b[01m\x1b[K/usr/include/c++/11/ostream:232:7:\x1b[m\x1b[K \x1b[01;36m\x1b[Knote: \x1b[m\x1b[Kcandidate: \xe2\x80\x98\x1b[01m\x1b[Kstd::basic_ostream<_CharT, _Traits>::__ostream_type& std::basic_ostream<_CharT, _Traits>::operator<<(long double) [with _CharT = char; _Traits = std::char_traits<char>; std::basic_ostream<_CharT, _Traits>::__ostream_type = std::basic_ostream<char>]\x1b[m\x1b[K\xe2\x80\x99\n'}
[5.993436] (rc_interaction) StderrLine: {'line': b'  232 |       \x1b[01;36m\x1b[Koperator\x1b[m\x1b[K<<(long double __f)\n'}
[5.993460] (rc_interaction) StderrLine: {'line': b'      |       \x1b[01;36m\x1b[K^~~~~~~~\x1b[m\x1b[K\n'}
[5.993485] (rc_interaction) StderrLine: {'line': b'\x1b[01m\x1b[K/usr/include/c++/11/ostream:232:30:\x1b[m\x1b[K \x1b[01;36m\x1b[Knote: \x1b[m\x1b[K  no known conversion for argument 1 from \xe2\x80\x98\x1b[01m\x1b[K<unresolved overloaded function type>\x1b[m\x1b[K\xe2\x80\x99 to \xe2\x80\x98\x1b[01m\x1b[Klong double\x1b[m\x1b[K\xe2\x80\x99\n'}
[5.993512] (rc_interaction) StderrLine: {'line': b'  232 |       operator<<(\x1b[01;36m\x1b[Klong double __f\x1b[m\x1b[K)\n'}
[5.993537] (rc_interaction) StderrLine: {'line': b'      |                  \x1b[01;36m\x1b[K~~~~~~~~~~~~^~~\x1b[m\x1b[K\n'}
[5.993562] (rc_interaction) StderrLine: {'line': b'\x1b[01m\x1b[K/usr/include/c++/11/ostream:245:7:\x1b[m\x1b[K \x1b[01;36m\x1b[Knote: \x1b[m\x1b[Kcandidate: \xe2\x80\x98\x1b[01m\x1b[Kstd::basic_ostream<_CharT, _Traits>::__ostream_type& std::basic_ostream<_CharT, _Traits>::operator<<(const void*) [with _CharT = char; _Traits = std::char_traits<char>; std::basic_ostream<_CharT, _Traits>::__ostream_type = std::basic_ostream<char>]\x1b[m\x1b[K\xe2\x80\x99\n'}
[5.993588] (rc_interaction) StderrLine: {'line': b'  245 |       \x1b[01;36m\x1b[Koperator\x1b[m\x1b[K<<(const void* __p)\n'}
[5.993612] (rc_interaction) StderrLine: {'line': b'      |       \x1b[01;36m\x1b[K^~~~~~~~\x1b[m\x1b[K\n'}
[5.993636] (rc_interaction) StderrLine: {'line': b'\x1b[01m\x1b[K/usr/include/c++/11/ostream:245:30:\x1b[m\x1b[K \x1b[01;36m\x1b[Knote: \x1b[m\x1b[K  no known conversion for argument 1 from \xe2\x80\x98\x1b[01m\x1b[K<unresolved overloaded function type>\x1b[m\x1b[K\xe2\x80\x99 to \xe2\x80\x98\x1b[01m\x1b[Kconst void*\x1b[m\x1b[K\xe2\x80\x99\n'}
[5.993660] (rc_interaction) StderrLine: {'line': b'  245 |       operator<<(\x1b[01;36m\x1b[Kconst void* __p\x1b[m\x1b[K)\n'}
[5.993684] (rc_interaction) StderrLine: {'line': b'      |                  \x1b[01;36m\x1b[K~~~~~~~~~~~~^~~\x1b[m\x1b[K\n'}
[5.993709] (rc_interaction) StderrLine: {'line': b'\x1b[01m\x1b[K/usr/include/c++/11/ostream:250:7:\x1b[m\x1b[K \x1b[01;36m\x1b[Knote: \x1b[m\x1b[Kcandidate: \xe2\x80\x98\x1b[01m\x1b[Kstd::basic_ostream<_CharT, _Traits>::__ostream_type& std::basic_ostream<_CharT, _Traits>::operator<<(std::nullptr_t) [with _CharT = char; _Traits = std::char_traits<char>; std::basic_ostream<_CharT, _Traits>::__ostream_type = std::basic_ostream<char>; std::nullptr_t = std::nullptr_t]\x1b[m\x1b[K\xe2\x80\x99\n'}
[5.993741] (rc_interaction) StderrLine: {'line': b'  250 |       \x1b[01;36m\x1b[Koperator\x1b[m\x1b[K<<(nullptr_t)\n'}
[5.993768] (rc_interaction) StderrLine: {'line': b'      |       \x1b[01;36m\x1b[K^~~~~~~~\x1b[m\x1b[K\n'}
[5.993793] (rc_interaction) StderrLine: {'line': b'\x1b[01m\x1b[K/usr/include/c++/11/ostream:250:18:\x1b[m\x1b[K \x1b[01;36m\x1b[Knote: \x1b[m\x1b[K  no known conversion for argument 1 from \xe2\x80\x98\x1b[01m\x1b[K<unresolved overloaded function type>\x1b[m\x1b[K\xe2\x80\x99 to \xe2\x80\x98\x1b[01m\x1b[Kstd::nullptr_t\x1b[m\x1b[K\xe2\x80\x99\n'}
[5.993817] (rc_interaction) StderrLine: {'line': b'  250 |       operator<<(\x1b[01;36m\x1b[Knullptr_t\x1b[m\x1b[K)\n'}
[5.993845] (rc_interaction) StderrLine: {'line': b'      |                  \x1b[01;36m\x1b[K^~~~~~~~~\x1b[m\x1b[K\n'}
[5.993870] (rc_interaction) StderrLine: {'line': b'In file included from \x1b[01m\x1b[K/usr/include/c++/11/ostream:829\x1b[m\x1b[K,\n'}
[5.993895] (rc_interaction) StderrLine: {'line': b'                 from \x1b[01m\x1b[K/usr/include/c++/11/iostream:39\x1b[m\x1b[K,\n'}
[5.993919] (rc_interaction) StderrLine: {'line': b'                 from \x1b[01m\x1b[K/opt/ros/humble/include/rclcpp/rclcpp/executor.hpp:22\x1b[m\x1b[K,\n'}
[5.993944] (rc_interaction) StderrLine: {'line': b'                 from \x1b[01m\x1b[K/opt/ros/humble/include/rclcpp/rclcpp/executors/multi_threaded_executor.hpp:25\x1b[m\x1b[K,\n'}
[5.993969] (rc_interaction) StderrLine: {'line': b'                 from \x1b[01m\x1b[K/opt/ros/humble/include/rclcpp/rclcpp/executors.hpp:21\x1b[m\x1b[K,\n'}
[5.993993] (rc_interaction) StderrLine: {'line': b'                 from \x1b[01m\x1b[K/opt/ros/humble/include/rclcpp/rclcpp/rclcpp.hpp:155\x1b[m\x1b[K,\n'}
[5.997535] (rc_interaction) StderrLine: {'line': b'                 from \x1b[01m\x1b[K/home/zbt/Upper-main/rc_interaction/src/model_xbox.cpp:1\x1b[m\x1b[K:\n'}
[5.997586] (rc_interaction) StderrLine: {'line': b'\x1b[01m\x1b[K/usr/include/c++/11/bits/ostream.tcc:119:5:\x1b[m\x1b[K \x1b[01;36m\x1b[Knote: \x1b[m\x1b[Kcandidate: \xe2\x80\x98\x1b[01m\x1b[Kstd::basic_ostream<_Ch, _Tr>& std::basic_ostream<_CharT, _Traits>::operator<<(std::basic_ostream<_CharT, _Traits>::__streambuf_type*) [with _CharT = char; _Traits = std::char_traits<char>; std::basic_ostream<_CharT, _Traits>::__streambuf_type = std::basic_streambuf<char>]\x1b[m\x1b[K\xe2\x80\x99\n'}
[5.997623] (rc_interaction) StderrLine: {'line': b'  119 |     \x1b[01;36m\x1b[Kbasic_ostream<_CharT, _Traits>\x1b[m\x1b[K::\n'}
[5.997653] (rc_interaction) StderrLine: {'line': b'      |     \x1b[01;36m\x1b[K^~~~~~~~~~~~~~~~~~~~~~~~~~~~~~\x1b[m\x1b[K\n'}
[5.997728] (rc_interaction) StderrLine: {'line': b'\x1b[01m\x1b[K/usr/include/c++/11/bits/ostream.tcc:120:34:\x1b[m\x1b[K \x1b[01;36m\x1b[Knote: \x1b[m\x1b[K  no known conversion for argument 1 from \xe2\x80\x98\x1b[01m\x1b[K<unresolved overloaded function type>\x1b[m\x1b[K\xe2\x80\x99 to \xe2\x80\x98\x1b[01m\x1b[Kstd::basic_ostream<char>::__streambuf_type*\x1b[m\x1b[K\xe2\x80\x99 {aka \xe2\x80\x98\x1b[01m\x1b[Kstd::basic_streambuf<char>*\x1b[m\x1b[K\xe2\x80\x99}\n'}
[5.997761] (rc_interaction) StderrLine: {'line': b'  120 |     operator<<(\x1b[01;36m\x1b[K__streambuf_type* __sbin\x1b[m\x1b[K)\n'}
[5.997788] (rc_interaction) StderrLine: {'line': b'      |                \x1b[01;36m\x1b[K~~~~~~~~~~~~~~~~~~^~~~~~\x1b[m\x1b[K\n'}
[5.997831] (rc_interaction) StderrLine: {'line': b'In file included from \x1b[01m\x1b[K/home/zbt/Upper-main/rc_interaction/include/rc_interaction/xbox360_node.hpp:34\x1b[m\x1b[K,\n'}
[5.997858] (rc_interaction) StderrLine: {'line': b'                 from \x1b[01m\x1b[K/home/zbt/Upper-main/rc_interaction/src/model_xbox.cpp:3\x1b[m\x1b[K:\n'}
[5.997883] (rc_interaction) StderrLine: {'line': b'\x1b[01m\x1b[K/home/zbt/Upper-main/rc_interaction/include/rc_interaction/utils.hpp:6:15:\x1b[m\x1b[K \x1b[01;36m\x1b[Knote: \x1b[m\x1b[Kcandidate: \xe2\x80\x98\x1b[01m\x1b[Ktemplate<class T> std::ostream& operator<<(std::ostream&, std::vector<BufferT>&)\x1b[m\x1b[K\xe2\x80\x99\n'}
[5.997917] (rc_interaction) StderrLine: {'line': b'    6 | std::ostream &\x1b[01;36m\x1b[Koperator\x1b[m\x1b[K<<(std::ostream &os, std::vector<T> &__vec) {\n'}
[5.997942] (rc_interaction) StderrLine: {'line': b'      |               \x1b[01;36m\x1b[K^~~~~~~~\x1b[m\x1b[K\n'}
[5.997966] (rc_interaction) StderrLine: {'line': b'\x1b[01m\x1b[K/home/zbt/Upper-main/rc_interaction/include/rc_interaction/utils.hpp:6:15:\x1b[m\x1b[K \x1b[01;36m\x1b[Knote: \x1b[m\x1b[K  template argument deduction/substitution failed:\n'}
[5.997991] (rc_interaction) StderrLine: {'line': b'In file included from \x1b[01m\x1b[K/home/zbt/Upper-main/rc_interaction/src/model_xbox.cpp:4\x1b[m\x1b[K:\n'}
[5.998021] (rc_interaction) StderrLine: {'line': b'\x1b[01m\x1b[K/home/zbt/Upper-main/rc_interaction/include/rc_interaction/sbus_node.hpp:216:34:\x1b[m\x1b[K \x1b[01;36m\x1b[Knote: \x1b[m\x1b[K  couldn\xe2\x80\x99t deduce template parameter \xe2\x80\x98\x1b[01m\x1b[KT\x1b[m\x1b[K\xe2\x80\x99\n'}
[5.998046] (rc_interaction) StderrLine: {'line': b'  216 |       cout<<vel_.twist.linear.y<<\x1b[01;36m\x1b[Kend\x1b[m\x1b[K;\n'}
[5.998072] (rc_interaction) StderrLine: {'line': b'      |                                  \x1b[01;36m\x1b[K^~~\x1b[m\x1b[K\n'}
[5.998097] (rc_interaction) StderrLine: {'line': b'In file included from \x1b[01m\x1b[K/usr/include/c++/11/memory:77\x1b[m\x1b[K,\n'}
[5.998121] (rc_interaction) StderrLine: {'line': b'                 from \x1b[01m\x1b[K/opt/ros/humble/include/rclcpp/rclcpp/rclcpp.hpp:153\x1b[m\x1b[K,\n'}
[5.998145] (rc_interaction) StderrLine: {'line': b'                 from \x1b[01m\x1b[K/home/zbt/Upper-main/rc_interaction/src/model_xbox.cpp:1\x1b[m\x1b[K:\n'}
[5.998171] (rc_interaction) StderrLine: {'line': b'\x1b[01m\x1b[K/usr/include/c++/11/bits/shared_ptr.h:70:5:\x1b[m\x1b[K \x1b[01;36m\x1b[Knote: \x1b[m\x1b[Kcandidate: \xe2\x80\x98\x1b[01m\x1b[Ktemplate<class _Ch, class _Tr, class _Tp, __gnu_cxx::_Lock_policy _Lp> std::basic_ostream<_Ch, _Tr>& std::operator<<(std::basic_ostream<_Ch, _Tr>&, const std::__shared_ptr<_Tp, _Lp>&)\x1b[m\x1b[K\xe2\x80\x99\n'}
[5.998197] (rc_interaction) StderrLine: {'line': b'   70 |     \x1b[01;36m\x1b[Koperator\x1b[m\x1b[K<<(std::basic_ostream<_Ch, _Tr>& __os,\n'}
[5.998220] (rc_interaction) StderrLine: {'line': b'      |     \x1b[01;36m\x1b[K^~~~~~~~\x1b[m\x1b[K\n'}
[5.998245] (rc_interaction) StderrLine: {'line': b'\x1b[01m\x1b[K/usr/include/c++/11/bits/shared_ptr.h:70:5:\x1b[m\x1b[K \x1b[01;36m\x1b[Knote: \x1b[m\x1b[K  template argument deduction/substitution failed:\n'}
[5.998272] (rc_interaction) StderrLine: {'line': b'In file included from \x1b[01m\x1b[K/home/zbt/Upper-main/rc_interaction/src/model_xbox.cpp:4\x1b[m\x1b[K:\n'}
[5.998297] (rc_interaction) StderrLine: {'line': b'\x1b[01m\x1b[K/home/zbt/Upper-main/rc_interaction/include/rc_interaction/sbus_node.hpp:216:34:\x1b[m\x1b[K \x1b[01;36m\x1b[Knote: \x1b[m\x1b[K  couldn\xe2\x80\x99t deduce template parameter \xe2\x80\x98\x1b[01m\x1b[K_Tp\x1b[m\x1b[K\xe2\x80\x99\n'}
[5.998324] (rc_interaction) StderrLine: {'line': b'  216 |       cout<<vel_.twist.linear.y<<\x1b[01;36m\x1b[Kend\x1b[m\x1b[K;\n'}
[5.998348] (rc_interaction) StderrLine: {'line': b'      |                                  \x1b[01;36m\x1b[K^~~\x1b[m\x1b[K\n'}
[5.998372] (rc_interaction) StderrLine: {'line': b'In file included from \x1b[01m\x1b[K/usr/include/c++/11/bits/basic_string.h:48\x1b[m\x1b[K,\n'}
[5.998396] (rc_interaction) StderrLine: {'line': b'                 from \x1b[01m\x1b[K/usr/include/c++/11/string:55\x1b[m\x1b[K,\n'}
[5.998421] (rc_interaction) StderrLine: {'line': b'                 from \x1b[01m\x1b[K/usr/include/c++/11/stdexcept:39\x1b[m\x1b[K,\n'}
[5.998445] (rc_interaction) StderrLine: {'line': b'                 from \x1b[01m\x1b[K/usr/include/c++/11/system_error:41\x1b[m\x1b[K,\n'}
[5.998472] (rc_interaction) StderrLine: {'line': b'                 from \x1b[01m\x1b[K/usr/include/c++/11/mutex:42\x1b[m\x1b[K,\n'}
[5.998496] (rc_interaction) StderrLine: {'line': b'                 from \x1b[01m\x1b[K/usr/include/c++/11/future:38\x1b[m\x1b[K,\n'}
[5.998520] (rc_interaction) StderrLine: {'line': b'                 from \x1b[01m\x1b[K/opt/ros/humble/include/rclcpp/rclcpp/executors.hpp:18\x1b[m\x1b[K,\n'}
[5.998544] (rc_interaction) StderrLine: {'line': b'                 from \x1b[01m\x1b[K/opt/ros/humble/include/rclcpp/rclcpp/rclcpp.hpp:155\x1b[m\x1b[K,\n'}
[5.998568] (rc_interaction) StderrLine: {'line': b'                 from \x1b[01m\x1b[K/home/zbt/Upper-main/rc_interaction/src/model_xbox.cpp:1\x1b[m\x1b[K:\n'}
[5.998597] (rc_interaction) StderrLine: {'line': b'\x1b[01m\x1b[K/usr/include/c++/11/string_view:667:5:\x1b[m\x1b[K \x1b[01;36m\x1b[Knote: \x1b[m\x1b[Kcandidate: \xe2\x80\x98\x1b[01m\x1b[Kstd::basic_ostream<_Ch, _Tr>& std::operator<<(std::basic_ostream<_Ch, _Tr>&, std::basic_string_view<_CharT, _Traits>) [with _CharT = char; _Traits = std::char_traits<char>]\x1b[m\x1b[K\xe2\x80\x99\n'}
[5.998623] (rc_interaction) StderrLine: {'line': b'  667 |     \x1b[01;36m\x1b[Koperator\x1b[m\x1b[K<<(basic_ostream<_CharT, _Traits>& __os,\n'}
[5.998647] (rc_interaction) StderrLine: {'line': b'      |     \x1b[01;36m\x1b[K^~~~~~~~\x1b[m\x1b[K\n'}
[5.998671] (rc_interaction) StderrLine: {'line': b'\x1b[01m\x1b[K/usr/include/c++/11/string_view:668:50:\x1b[m\x1b[K \x1b[01;36m\x1b[Knote: \x1b[m\x1b[K  no known conversion for argument 2 from \xe2\x80\x98\x1b[01m\x1b[K<unresolved overloaded function type>\x1b[m\x1b[K\xe2\x80\x99 to \xe2\x80\x98\x1b[01m\x1b[Kstd::basic_string_view<char>\x1b[m\x1b[K\xe2\x80\x99\n'}
[5.998697] (rc_interaction) StderrLine: {'line': b'  668 |                \x1b[01;36m\x1b[Kbasic_string_view<_CharT,_Traits> __str\x1b[m\x1b[K)\n'}
[5.998721] (rc_interaction) StderrLine: {'line': b'      |                \x1b[01;36m\x1b[K~~~~~~~~~~~~~~~~~~~~~~~~~~~~~~~~~~^~~~~\x1b[m\x1b[K\n'}
[5.998745] (rc_interaction) StderrLine: {'line': b'In file included from \x1b[01m\x1b[K/usr/include/c++/11/string:55\x1b[m\x1b[K,\n'}
[5.998769] (rc_interaction) StderrLine: {'line': b'                 from \x1b[01m\x1b[K/usr/include/c++/11/stdexcept:39\x1b[m\x1b[K,\n'}
[5.998793] (rc_interaction) StderrLine: {'line': b'                 from \x1b[01m\x1b[K/usr/include/c++/11/system_error:41\x1b[m\x1b[K,\n'}
[5.998818] (rc_interaction) StderrLine: {'line': b'                 from \x1b[01m\x1b[K/usr/include/c++/11/mutex:42\x1b[m\x1b[K,\n'}
[5.998842] (rc_interaction) StderrLine: {'line': b'                 from \x1b[01m\x1b[K/usr/include/c++/11/future:38\x1b[m\x1b[K,\n'}
[5.998866] (rc_interaction) StderrLine: {'line': b'                 from \x1b[01m\x1b[K/opt/ros/humble/include/rclcpp/rclcpp/executors.hpp:18\x1b[m\x1b[K,\n'}
[5.998890] (rc_interaction) StderrLine: {'line': b'                 from \x1b[01m\x1b[K/opt/ros/humble/include/rclcpp/rclcpp/rclcpp.hpp:155\x1b[m\x1b[K,\n'}
[5.998914] (rc_interaction) StderrLine: {'line': b'                 from \x1b[01m\x1b[K/home/zbt/Upper-main/rc_interaction/src/model_xbox.cpp:1\x1b[m\x1b[K:\n'}
[5.998938] (rc_interaction) StderrLine: {'line': b'\x1b[01m\x1b[K/usr/include/c++/11/bits/basic_string.h:6531:5:\x1b[m\x1b[K \x1b[01;36m\x1b[Knote: \x1b[m\x1b[Kcandidate: \xe2\x80\x98\x1b[01m\x1b[Ktemplate<class _CharT, class _Traits, class _Alloc> std::basic_ostream<_Ch, _Tr>& std::operator<<(std::basic_ostream<_Ch, _Tr>&, const std::__cxx11::basic_string<_CharT, _Traits, _Allocator>&)\x1b[m\x1b[K\xe2\x80\x99\n'}
[5.998963] (rc_interaction) StderrLine: {'line': b' 6531 |     \x1b[01;36m\x1b[Koperator\x1b[m\x1b[K<<(basic_ostream<_CharT, _Traits>& __os,\n'}
[5.998987] (rc_interaction) StderrLine: {'line': b'      |     \x1b[01;36m\x1b[K^~~~~~~~\x1b[m\x1b[K\n'}
[5.999013] (rc_interaction) StderrLine: {'line': b'\x1b[01m\x1b[K/usr/include/c++/11/bits/basic_string.h:6531:5:\x1b[m\x1b[K \x1b[01;36m\x1b[Knote: \x1b[m\x1b[K  template argument deduction/substitution failed:\n'}
[5.999045] (rc_interaction) StderrLine: {'line': b'In file included from \x1b[01m\x1b[K/home/zbt/Upper-main/rc_interaction/src/model_xbox.cpp:4\x1b[m\x1b[K:\n'}
[5.999070] (rc_interaction) StderrLine: {'line': b'\x1b[01m\x1b[K/home/zbt/Upper-main/rc_interaction/include/rc_interaction/sbus_node.hpp:216:34:\x1b[m\x1b[K \x1b[01;36m\x1b[Knote: \x1b[m\x1b[K  couldn\xe2\x80\x99t deduce template parameter \xe2\x80\x98\x1b[01m\x1b[K_Alloc\x1b[m\x1b[K\xe2\x80\x99\n'}
[5.999096] (rc_interaction) StderrLine: {'line': b'  216 |       cout<<vel_.twist.linear.y<<\x1b[01;36m\x1b[Kend\x1b[m\x1b[K;\n'}
[5.999120] (rc_interaction) StderrLine: {'line': b'      |                                  \x1b[01;36m\x1b[K^~~\x1b[m\x1b[K\n'}
[5.999144] (rc_interaction) StderrLine: {'line': b'In file included from \x1b[01m\x1b[K/usr/include/c++/11/mutex:42\x1b[m\x1b[K,\n'}
[5.999169] (rc_interaction) StderrLine: {'line': b'                 from \x1b[01m\x1b[K/usr/include/c++/11/future:38\x1b[m\x1b[K,\n'}
[5.999194] (rc_interaction) StderrLine: {'line': b'                 from \x1b[01m\x1b[K/opt/ros/humble/include/rclcpp/rclcpp/executors.hpp:18\x1b[m\x1b[K,\n'}
[5.999221] (rc_interaction) StderrLine: {'line': b'                 from \x1b[01m\x1b[K/opt/ros/humble/include/rclcpp/rclcpp/rclcpp.hpp:155\x1b[m\x1b[K,\n'}
[5.999245] (rc_interaction) StderrLine: {'line': b'                 from \x1b[01m\x1b[K/home/zbt/Upper-main/rc_interaction/src/model_xbox.cpp:1\x1b[m\x1b[K:\n'}
[5.999269] (rc_interaction) StderrLine: {'line': b'\x1b[01m\x1b[K/usr/include/c++/11/system_error:279:5:\x1b[m\x1b[K \x1b[01;36m\x1b[Knote: \x1b[m\x1b[Kcandidate: \xe2\x80\x98\x1b[01m\x1b[Ktemplate<class _CharT, class _Traits> std::basic_ostream<_Ch, _Tr>& std::operator<<(std::basic_ostream<_Ch, _Tr>&, const std::error_code&)\x1b[m\x1b[K\xe2\x80\x99\n'}
[5.999293] (rc_interaction) StderrLine: {'line': b'  279 |     \x1b[01;36m\x1b[Koperator\x1b[m\x1b[K<<(basic_ostream<_CharT, _Traits>& __os, const error_code& __e)\n'}
[5.999320] (rc_interaction) StderrLine: {'line': b'      |     \x1b[01;36m\x1b[K^~~~~~~~\x1b[m\x1b[K\n'}
[5.999345] (rc_interaction) StderrLine: {'line': b'\x1b[01m\x1b[K/usr/include/c++/11/system_error:279:5:\x1b[m\x1b[K \x1b[01;36m\x1b[Knote: \x1b[m\x1b[K  template argument deduction/substitution failed:\n'}
[5.999370] (rc_interaction) StderrLine: {'line': b'In file included from \x1b[01m\x1b[K/home/zbt/Upper-main/rc_interaction/src/model_xbox.cpp:4\x1b[m\x1b[K:\n'}
[5.999401] (rc_interaction) StderrLine: {'line': b'\x1b[01m\x1b[K/home/zbt/Upper-main/rc_interaction/include/rc_interaction/sbus_node.hpp:216:34:\x1b[m\x1b[K \x1b[01;36m\x1b[Knote: \x1b[m\x1b[K  cannot convert \xe2\x80\x98\x1b[01m\x1b[Kstd::end\x1b[m\x1b[K\xe2\x80\x99 (type \xe2\x80\x98\x1b[01m\x1b[K<unresolved overloaded function type>\x1b[m\x1b[K\xe2\x80\x99) to type \xe2\x80\x98\x1b[01m\x1b[Kconst std::error_code&\x1b[m\x1b[K\xe2\x80\x99\n'}
[5.999427] (rc_interaction) StderrLine: {'line': b'  216 |       cout<<vel_.twist.linear.y<<\x1b[01;36m\x1b[Kend\x1b[m\x1b[K;\n'}
[5.999452] (rc_interaction) StderrLine: {'line': b'      |                                  \x1b[01;36m\x1b[K^~~\x1b[m\x1b[K\n'}
[5.999476] (rc_interaction) StderrLine: {'line': b'In file included from \x1b[01m\x1b[K/opt/ros/humble/include/rclcpp/rclcpp/executors/multi_threaded_executor.hpp:22\x1b[m\x1b[K,\n'}
[5.999501] (rc_interaction) StderrLine: {'line': b'                 from \x1b[01m\x1b[K/opt/ros/humble/include/rclcpp/rclcpp/executors.hpp:21\x1b[m\x1b[K,\n'}
[5.999525] (rc_interaction) StderrLine: {'line': b'                 from \x1b[01m\x1b[K/opt/ros/humble/include/rclcpp/rclcpp/rclcpp.hpp:155\x1b[m\x1b[K,\n'}
[5.999549] (rc_interaction) StderrLine: {'line': b'                 from \x1b[01m\x1b[K/home/zbt/Upper-main/rc_interaction/src/model_xbox.cpp:1\x1b[m\x1b[K:\n'}
[5.999573] (rc_interaction) StderrLine: {'line': b'\x1b[01m\x1b[K/usr/include/c++/11/thread:92:5:\x1b[m\x1b[K \x1b[01;36m\x1b[Knote: \x1b[m\x1b[Kcandidate: \xe2\x80\x98\x1b[01m\x1b[Ktemplate<class _CharT, class _Traits> std::basic_ostream<_Ch, _Tr>& std::operator<<(std::basic_ostream<_Ch, _Tr>&, std::thread::id)\x1b[m\x1b[K\xe2\x80\x99\n'}
[5.999601] (rc_interaction) StderrLine: {'line': b'   92 |     \x1b[01;36m\x1b[Koperator\x1b[m\x1b[K<<(basic_ostream<_CharT, _Traits>& __out, thread::id __id)\n'}
[5.999626] (rc_interaction) StderrLine: {'line': b'      |     \x1b[01;36m\x1b[K^~~~~~~~\x1b[m\x1b[K\n'}
[5.999649] (rc_interaction) StderrLine: {'line': b'\x1b[01m\x1b[K/usr/include/c++/11/thread:92:5:\x1b[m\x1b[K \x1b[01;36m\x1b[Knote: \x1b[m\x1b[K  template argument deduction/substitution failed:\n'}
[5.999674] (rc_interaction) StderrLine: {'line': b'In file included from \x1b[01m\x1b[K/home/zbt/Upper-main/rc_interaction/src/model_xbox.cpp:4\x1b[m\x1b[K:\n'}
[5.999697] (rc_interaction) StderrLine: {'line': b'\x1b[01m\x1b[K/home/zbt/Upper-main/rc_interaction/include/rc_interaction/sbus_node.hpp:216:34:\x1b[m\x1b[K \x1b[01;36m\x1b[Knote: \x1b[m\x1b[K  cannot convert \xe2\x80\x98\x1b[01m\x1b[Kstd::end\x1b[m\x1b[K\xe2\x80\x99 (type \xe2\x80\x98\x1b[01m\x1b[K<unresolved overloaded function type>\x1b[m\x1b[K\xe2\x80\x99) to type \xe2\x80\x98\x1b[01m\x1b[Kstd::thread::id\x1b[m\x1b[K\xe2\x80\x99\n'}
[5.999723] (rc_interaction) StderrLine: {'line': b'  216 |       cout<<vel_.twist.linear.y<<\x1b[01;36m\x1b[Kend\x1b[m\x1b[K;\n'}
[5.999747] (rc_interaction) StderrLine: {'line': b'      |                                  \x1b[01;36m\x1b[K^~~\x1b[m\x1b[K\n'}
[5.999770] (rc_interaction) StderrLine: {'line': b'In file included from \x1b[01m\x1b[K/usr/include/c++/11/iostream:39\x1b[m\x1b[K,\n'}
[5.999794] (rc_interaction) StderrLine: {'line': b'                 from \x1b[01m\x1b[K/opt/ros/humble/include/rclcpp/rclcpp/executor.hpp:22\x1b[m\x1b[K,\n'}
[6.006902] (rc_interaction) StderrLine: {'line': b'                 from \x1b[01m\x1b[K/opt/ros/humble/include/rclcpp/rclcpp/executors/multi_threaded_executor.hpp:25\x1b[m\x1b[K,\n'}
[6.006951] (rc_interaction) StderrLine: {'line': b'                 from \x1b[01m\x1b[K/opt/ros/humble/include/rclcpp/rclcpp/executors.hpp:21\x1b[m\x1b[K,\n'}
[6.006984] (rc_interaction) StderrLine: {'line': b'                 from \x1b[01m\x1b[K/opt/ros/humble/include/rclcpp/rclcpp/rclcpp.hpp:155\x1b[m\x1b[K,\n'}
[6.007083] (rc_interaction) StderrLine: {'line': b'                 from \x1b[01m\x1b[K/home/zbt/Upper-main/rc_interaction/src/model_xbox.cpp:1\x1b[m\x1b[K:\n'}
[6.007121] (rc_interaction) StderrLine: {'line': b'\x1b[01m\x1b[K/usr/include/c++/11/ostream:513:5:\x1b[m\x1b[K \x1b[01;36m\x1b[Knote: \x1b[m\x1b[Kcandidate: \xe2\x80\x98\x1b[01m\x1b[Kstd::basic_ostream<_Ch, _Tr>& std::operator<<(std::basic_ostream<_Ch, _Tr>&, _CharT) [with _CharT = char; _Traits = std::char_traits<char>]\x1b[m\x1b[K\xe2\x80\x99\n'}
[6.007158] (rc_interaction) StderrLine: {'line': b'  513 |     \x1b[01;36m\x1b[Koperator\x1b[m\x1b[K<<(basic_ostream<_CharT, _Traits>& __out, _CharT __c)\n'}
[6.007184] (rc_interaction) StderrLine: {'line': b'      |     \x1b[01;36m\x1b[K^~~~~~~~\x1b[m\x1b[K\n'}
[6.007209] (rc_interaction) StderrLine: {'line': b'\x1b[01m\x1b[K/usr/include/c++/11/ostream:513:62:\x1b[m\x1b[K \x1b[01;36m\x1b[Knote: \x1b[m\x1b[K  no known conversion for argument 2 from \xe2\x80\x98\x1b[01m\x1b[K<unresolved overloaded function type>\x1b[m\x1b[K\xe2\x80\x99 to \xe2\x80\x98\x1b[01m\x1b[Kchar\x1b[m\x1b[K\xe2\x80\x99\n'}
[6.007237] (rc_interaction) StderrLine: {'line': b'  513 |     operator<<(basic_ostream<_CharT, _Traits>& __out, \x1b[01;36m\x1b[K_CharT __c\x1b[m\x1b[K)\n'}
[6.007265] (rc_interaction) StderrLine: {'line': b'      |                                                       \x1b[01;36m\x1b[K~~~~~~~^~~\x1b[m\x1b[K\n'}
[6.007303] (rc_interaction) StderrLine: {'line': b'\x1b[01m\x1b[K/usr/include/c++/11/ostream:518:5:\x1b[m\x1b[K \x1b[01;36m\x1b[Knote: \x1b[m\x1b[Kcandidate: \xe2\x80\x98\x1b[01m\x1b[Ktemplate<class _CharT, class _Traits> std::basic_ostream<_Ch, _Tr>& std::operator<<(std::basic_ostream<_Ch, _Tr>&, char)\x1b[m\x1b[K\xe2\x80\x99\n'}
[6.007334] (rc_interaction) StderrLine: {'line': b'  518 |     \x1b[01;36m\x1b[Koperator\x1b[m\x1b[K<<(basic_ostream<_CharT, _Traits>& __out, char __c)\n'}
[6.007361] (rc_interaction) StderrLine: {'line': b'      |     \x1b[01;36m\x1b[K^~~~~~~~\x1b[m\x1b[K\n'}
[6.007385] (rc_interaction) StderrLine: {'line': b'\x1b[01m\x1b[K/usr/include/c++/11/ostream:518:5:\x1b[m\x1b[K \x1b[01;36m\x1b[Knote: \x1b[m\x1b[K  template argument deduction/substitution failed:\n'}
[6.007410] (rc_interaction) StderrLine: {'line': b'In file included from \x1b[01m\x1b[K/home/zbt/Upper-main/rc_interaction/src/model_xbox.cpp:4\x1b[m\x1b[K:\n'}
[6.007434] (rc_interaction) StderrLine: {'line': b'\x1b[01m\x1b[K/home/zbt/Upper-main/rc_interaction/include/rc_interaction/sbus_node.hpp:216:34:\x1b[m\x1b[K \x1b[01;36m\x1b[Knote: \x1b[m\x1b[K  cannot convert \xe2\x80\x98\x1b[01m\x1b[Kstd::end\x1b[m\x1b[K\xe2\x80\x99 (type \xe2\x80\x98\x1b[01m\x1b[K<unresolved overloaded function type>\x1b[m\x1b[K\xe2\x80\x99) to type \xe2\x80\x98\x1b[01m\x1b[Kchar\x1b[m\x1b[K\xe2\x80\x99\n'}
[6.007678] (rc_interaction) StderrLine: {'line': b'  216 |       cout<<vel_.twist.linear.y<<\x1b[01;36m\x1b[Kend\x1b[m\x1b[K;\n'}
[6.007748] (rc_interaction) StderrLine: {'line': b'      |                                  \x1b[01;36m\x1b[K^~~\x1b[m\x1b[K\n'}
[6.008260] (rc_interaction) StderrLine: {'line': b'In file included from \x1b[01m\x1b[K/usr/include/c++/11/iostream:39\x1b[m\x1b[K,\n'}
[6.008311] (rc_interaction) StderrLine: {'line': b'                 from \x1b[01m\x1b[K/opt/ros/humble/include/rclcpp/rclcpp/executor.hpp:22\x1b[m\x1b[K,\n'}
[6.008412] (rc_interaction) StderrLine: {'line': b'                 from \x1b[01m\x1b[K/opt/ros/humble/include/rclcpp/rclcpp/executors/multi_threaded_executor.hpp:25\x1b[m\x1b[K,\n'}
[6.010819] (rc_interaction) StderrLine: {'line': b'                 from \x1b[01m\x1b[K/opt/ros/humble/include/rclcpp/rclcpp/executors.hpp:21\x1b[m\x1b[K,\n'}
[6.010932] (rc_interaction) StderrLine: {'line': b'                 from \x1b[01m\x1b[K/opt/ros/humble/include/rclcpp/rclcpp/rclcpp.hpp:155\x1b[m\x1b[K,\n'}
[6.010968] (rc_interaction) StderrLine: {'line': b'                 from \x1b[01m\x1b[K/home/zbt/Upper-main/rc_interaction/src/model_xbox.cpp:1\x1b[m\x1b[K:\n'}
[6.011018] (rc_interaction) StderrLine: {'line': b'\x1b[01m\x1b[K/usr/include/c++/11/ostream:524:5:\x1b[m\x1b[K \x1b[01;36m\x1b[Knote: \x1b[m\x1b[Kcandidate: \xe2\x80\x98\x1b[01m\x1b[Ktemplate<class _Traits> std::basic_ostream<char, _Traits>& std::operator<<(std::basic_ostream<char, _Traits>&, char)\x1b[m\x1b[K\xe2\x80\x99\n'}
[6.011060] (rc_interaction) StderrLine: {'line': b'  524 |     \x1b[01;36m\x1b[Koperator\x1b[m\x1b[K<<(basic_ostream<char, _Traits>& __out, char __c)\n'}
[6.011176] (rc_interaction) StderrLine: {'line': b'      |     \x1b[01;36m\x1b[K^~~~~~~~\x1b[m\x1b[K\n'}
[6.011208] (rc_interaction) StderrLine: {'line': b'\x1b[01m\x1b[K/usr/include/c++/11/ostream:524:5:\x1b[m\x1b[K \x1b[01;36m\x1b[Knote: \x1b[m\x1b[K  template argument deduction/substitution failed:\n'}
[6.011235] (rc_interaction) StderrLine: {'line': b'In file included from \x1b[01m\x1b[K/home/zbt/Upper-main/rc_interaction/src/model_xbox.cpp:4\x1b[m\x1b[K:\n'}
[6.011312] (rc_interaction) StderrLine: {'line': b'\x1b[01m\x1b[K/home/zbt/Upper-main/rc_interaction/include/rc_interaction/sbus_node.hpp:216:34:\x1b[m\x1b[K \x1b[01;36m\x1b[Knote: \x1b[m\x1b[K  cannot convert \xe2\x80\x98\x1b[01m\x1b[Kstd::end\x1b[m\x1b[K\xe2\x80\x99 (type \xe2\x80\x98\x1b[01m\x1b[K<unresolved overloaded function type>\x1b[m\x1b[K\xe2\x80\x99) to type \xe2\x80\x98\x1b[01m\x1b[Kchar\x1b[m\x1b[K\xe2\x80\x99\n'}
[6.011344] (rc_interaction) StderrLine: {'line': b'  216 |       cout<<vel_.twist.linear.y<<\x1b[01;36m\x1b[Kend\x1b[m\x1b[K;\n'}
[6.011433] (rc_interaction) StderrLine: {'line': b'      |                                  \x1b[01;36m\x1b[K^~~\x1b[m\x1b[K\n'}
[6.011461] (rc_interaction) StderrLine: {'line': b'In file included from \x1b[01m\x1b[K/usr/include/c++/11/iostream:39\x1b[m\x1b[K,\n'}
[6.011486] (rc_interaction) StderrLine: {'line': b'                 from \x1b[01m\x1b[K/opt/ros/humble/include/rclcpp/rclcpp/executor.hpp:22\x1b[m\x1b[K,\n'}
[6.014121] (rc_interaction) StderrLine: {'line': b'                 from \x1b[01m\x1b[K/opt/ros/humble/include/rclcpp/rclcpp/executors/multi_threaded_executor.hpp:25\x1b[m\x1b[K,\n'}
[6.014202] (rc_interaction) StderrLine: {'line': b'                 from \x1b[01m\x1b[K/opt/ros/humble/include/rclcpp/rclcpp/executors.hpp:21\x1b[m\x1b[K,\n'}
[6.014230] (rc_interaction) StderrLine: {'line': b'                 from \x1b[01m\x1b[K/opt/ros/humble/include/rclcpp/rclcpp/rclcpp.hpp:155\x1b[m\x1b[K,\n'}
[6.014304] (rc_interaction) StderrLine: {'line': b'                 from \x1b[01m\x1b[K/home/zbt/Upper-main/rc_interaction/src/model_xbox.cpp:1\x1b[m\x1b[K:\n'}
[6.014331] (rc_interaction) StderrLine: {'line': b'\x1b[01m\x1b[K/usr/include/c++/11/ostream:530:5:\x1b[m\x1b[K \x1b[01;36m\x1b[Knote: \x1b[m\x1b[Kcandidate: \xe2\x80\x98\x1b[01m\x1b[Ktemplate<class _Traits> std::basic_ostream<char, _Traits>& std::operator<<(std::basic_ostream<char, _Traits>&, signed char)\x1b[m\x1b[K\xe2\x80\x99\n'}
[6.014388] (rc_interaction) StderrLine: {'line': b'  530 |     \x1b[01;36m\x1b[Koperator\x1b[m\x1b[K<<(basic_ostream<char, _Traits>& __out, signed char __c)\n'}
[6.014495] (rc_interaction) StderrLine: {'line': b'      |     \x1b[01;36m\x1b[K^~~~~~~~\x1b[m\x1b[K\n'}
[6.014525] (rc_interaction) StderrLine: {'line': b'\x1b[01m\x1b[K/usr/include/c++/11/ostream:530:5:\x1b[m\x1b[K \x1b[01;36m\x1b[Knote: \x1b[m\x1b[K  template argument deduction/substitution failed:\n'}
[6.014556] (rc_interaction) StderrLine: {'line': b'In file included from \x1b[01m\x1b[K/home/zbt/Upper-main/rc_interaction/src/model_xbox.cpp:4\x1b[m\x1b[K:\n'}
[6.014604] (rc_interaction) StderrLine: {'line': b'\x1b[01m\x1b[K/home/zbt/Upper-main/rc_interaction/include/rc_interaction/sbus_node.hpp:216:34:\x1b[m\x1b[K \x1b[01;36m\x1b[Knote: \x1b[m\x1b[K  cannot convert \xe2\x80\x98\x1b[01m\x1b[Kstd::end\x1b[m\x1b[K\xe2\x80\x99 (type \xe2\x80\x98\x1b[01m\x1b[K<unresolved overloaded function type>\x1b[m\x1b[K\xe2\x80\x99) to type \xe2\x80\x98\x1b[01m\x1b[Ksigned char\x1b[m\x1b[K\xe2\x80\x99\n'}
[6.014670] (rc_interaction) StderrLine: {'line': b'  216 |       cout<<vel_.twist.linear.y<<\x1b[01;36m\x1b[Kend\x1b[m\x1b[K;\n'}
[6.014789] (rc_interaction) StderrLine: {'line': b'      |                                  \x1b[01;36m\x1b[K^~~\x1b[m\x1b[K\n'}
[6.014821] (rc_interaction) StderrLine: {'line': b'In file included from \x1b[01m\x1b[K/usr/include/c++/11/iostream:39\x1b[m\x1b[K,\n'}
[6.014848] (rc_interaction) StderrLine: {'line': b'                 from \x1b[01m\x1b[K/opt/ros/humble/include/rclcpp/rclcpp/executor.hpp:22\x1b[m\x1b[K,\n'}
[6.014872] (rc_interaction) StderrLine: {'line': b'                 from \x1b[01m\x1b[K/opt/ros/humble/include/rclcpp/rclcpp/executors/multi_threaded_executor.hpp:25\x1b[m\x1b[K,\n'}
[6.017855] (rc_interaction) StderrLine: {'line': b'                 from \x1b[01m\x1b[K/opt/ros/humble/include/rclcpp/rclcpp/executors.hpp:21\x1b[m\x1b[K,\n'}
[6.017953] (rc_interaction) StderrLine: {'line': b'                 from \x1b[01m\x1b[K/opt/ros/humble/include/rclcpp/rclcpp/rclcpp.hpp:155\x1b[m\x1b[K,\n'}
[6.017988] (rc_interaction) StderrLine: {'line': b'                 from \x1b[01m\x1b[K/home/zbt/Upper-main/rc_interaction/src/model_xbox.cpp:1\x1b[m\x1b[K:\n'}
[6.018017] (rc_interaction) StderrLine: {'line': b'\x1b[01m\x1b[K/usr/include/c++/11/ostream:535:5:\x1b[m\x1b[K \x1b[01;36m\x1b[Knote: \x1b[m\x1b[Kcandidate: \xe2\x80\x98\x1b[01m\x1b[Ktemplate<class _Traits> std::basic_ostream<char, _Traits>& std::operator<<(std::basic_ostream<char, _Traits>&, unsigned char)\x1b[m\x1b[K\xe2\x80\x99\n'}
[6.018047] (rc_interaction) StderrLine: {'line': b'  535 |     \x1b[01;36m\x1b[Koperator\x1b[m\x1b[K<<(basic_ostream<char, _Traits>& __out, unsigned char __c)\n'}
[6.018078] (rc_interaction) StderrLine: {'line': b'      |     \x1b[01;36m\x1b[K^~~~~~~~\x1b[m\x1b[K\n'}
[6.018104] (rc_interaction) StderrLine: {'line': b'\x1b[01m\x1b[K/usr/include/c++/11/ostream:535:5:\x1b[m\x1b[K \x1b[01;36m\x1b[Knote: \x1b[m\x1b[K  template argument deduction/substitution failed:\n'}
[6.018130] (rc_interaction) StderrLine: {'line': b'In file included from \x1b[01m\x1b[K/home/zbt/Upper-main/rc_interaction/src/model_xbox.cpp:4\x1b[m\x1b[K:\n'}
[6.018158] (rc_interaction) StderrLine: {'line': b'\x1b[01m\x1b[K/home/zbt/Upper-main/rc_interaction/include/rc_interaction/sbus_node.hpp:216:34:\x1b[m\x1b[K \x1b[01;36m\x1b[Knote: \x1b[m\x1b[K  cannot convert \xe2\x80\x98\x1b[01m\x1b[Kstd::end\x1b[m\x1b[K\xe2\x80\x99 (type \xe2\x80\x98\x1b[01m\x1b[K<unresolved overloaded function type>\x1b[m\x1b[K\xe2\x80\x99) to type \xe2\x80\x98\x1b[01m\x1b[Kunsigned char\x1b[m\x1b[K\xe2\x80\x99\n'}
[6.018186] (rc_interaction) StderrLine: {'line': b'  216 |       cout<<vel_.twist.linear.y<<\x1b[01;36m\x1b[Kend\x1b[m\x1b[K;\n'}
[6.018210] (rc_interaction) StderrLine: {'line': b'      |                                  \x1b[01;36m\x1b[K^~~\x1b[m\x1b[K\n'}
[6.018235] (rc_interaction) StderrLine: {'line': b'In file included from \x1b[01m\x1b[K/usr/include/c++/11/iostream:39\x1b[m\x1b[K,\n'}
[6.018259] (rc_interaction) StderrLine: {'line': b'                 from \x1b[01m\x1b[K/opt/ros/humble/include/rclcpp/rclcpp/executor.hpp:22\x1b[m\x1b[K,\n'}
[6.018283] (rc_interaction) StderrLine: {'line': b'                 from \x1b[01m\x1b[K/opt/ros/humble/include/rclcpp/rclcpp/executors/multi_threaded_executor.hpp:25\x1b[m\x1b[K,\n'}
[6.018310] (rc_interaction) StderrLine: {'line': b'                 from \x1b[01m\x1b[K/opt/ros/humble/include/rclcpp/rclcpp/executors.hpp:21\x1b[m\x1b[K,\n'}
[6.018334] (rc_interaction) StderrLine: {'line': b'                 from \x1b[01m\x1b[K/opt/ros/humble/include/rclcpp/rclcpp/rclcpp.hpp:155\x1b[m\x1b[K,\n'}
[6.018358] (rc_interaction) StderrLine: {'line': b'                 from \x1b[01m\x1b[K/home/zbt/Upper-main/rc_interaction/src/model_xbox.cpp:1\x1b[m\x1b[K:\n'}
[6.018382] (rc_interaction) StderrLine: {'line': b'\x1b[01m\x1b[K/usr/include/c++/11/ostream:594:5:\x1b[m\x1b[K \x1b[01;36m\x1b[Knote: \x1b[m\x1b[Kcandidate: \xe2\x80\x98\x1b[01m\x1b[Kstd::basic_ostream<_Ch, _Tr>& std::operator<<(std::basic_ostream<_Ch, _Tr>&, const _CharT*) [with _CharT = char; _Traits = std::char_traits<char>]\x1b[m\x1b[K\xe2\x80\x99\n'}
[6.018408] (rc_interaction) StderrLine: {'line': b'  594 |     \x1b[01;36m\x1b[Koperator\x1b[m\x1b[K<<(basic_ostream<_CharT, _Traits>& __out, const _CharT* __s)\n'}
[6.018432] (rc_interaction) StderrLine: {'line': b'      |     \x1b[01;36m\x1b[K^~~~~~~~\x1b[m\x1b[K\n'}
[6.018456] (rc_interaction) StderrLine: {'line': b'\x1b[01m\x1b[K/usr/include/c++/11/ostream:594:69:\x1b[m\x1b[K \x1b[01;36m\x1b[Knote: \x1b[m\x1b[K  no known conversion for argument 2 from \xe2\x80\x98\x1b[01m\x1b[K<unresolved overloaded function type>\x1b[m\x1b[K\xe2\x80\x99 to \xe2\x80\x98\x1b[01m\x1b[Kconst char*\x1b[m\x1b[K\xe2\x80\x99\n'}
[6.018482] (rc_interaction) StderrLine: {'line': b'  594 |     operator<<(basic_ostream<_CharT, _Traits>& __out, \x1b[01;36m\x1b[Kconst _CharT* __s\x1b[m\x1b[K)\n'}
[6.018506] (rc_interaction) StderrLine: {'line': b'      |                                                       \x1b[01;36m\x1b[K~~~~~~~~~~~~~~^~~\x1b[m\x1b[K\n'}
[6.018529] (rc_interaction) StderrLine: {'line': b'In file included from \x1b[01m\x1b[K/usr/include/c++/11/ostream:829\x1b[m\x1b[K,\n'}
[6.018554] (rc_interaction) StderrLine: {'line': b'                 from \x1b[01m\x1b[K/usr/include/c++/11/iostream:39\x1b[m\x1b[K,\n'}
[6.018578] (rc_interaction) StderrLine: {'line': b'                 from \x1b[01m\x1b[K/opt/ros/humble/include/rclcpp/rclcpp/executor.hpp:22\x1b[m\x1b[K,\n'}
[6.018607] (rc_interaction) StderrLine: {'line': b'                 from \x1b[01m\x1b[K/opt/ros/humble/include/rclcpp/rclcpp/executors/multi_threaded_executor.hpp:25\x1b[m\x1b[K,\n'}
[6.018631] (rc_interaction) StderrLine: {'line': b'                 from \x1b[01m\x1b[K/opt/ros/humble/include/rclcpp/rclcpp/executors.hpp:21\x1b[m\x1b[K,\n'}
[6.018655] (rc_interaction) StderrLine: {'line': b'                 from \x1b[01m\x1b[K/opt/ros/humble/include/rclcpp/rclcpp/rclcpp.hpp:155\x1b[m\x1b[K,\n'}
[6.018679] (rc_interaction) StderrLine: {'line': b'                 from \x1b[01m\x1b[K/home/zbt/Upper-main/rc_interaction/src/model_xbox.cpp:1\x1b[m\x1b[K:\n'}
[6.018707] (rc_interaction) StderrLine: {'line': b'\x1b[01m\x1b[K/usr/include/c++/11/bits/ostream.tcc:321:5:\x1b[m\x1b[K \x1b[01;36m\x1b[Knote: \x1b[m\x1b[Kcandidate: \xe2\x80\x98\x1b[01m\x1b[Ktemplate<class _CharT, class _Traits> std::basic_ostream<_Ch, _Tr>& std::operator<<(std::basic_ostream<_Ch, _Tr>&, const char*)\x1b[m\x1b[K\xe2\x80\x99\n'}
[6.018736] (rc_interaction) StderrLine: {'line': b'  321 |     \x1b[01;36m\x1b[Koperator\x1b[m\x1b[K<<(basic_ostream<_CharT, _Traits>& __out, const char* __s)\n'}
[6.018760] (rc_interaction) StderrLine: {'line': b'      |     \x1b[01;36m\x1b[K^~~~~~~~\x1b[m\x1b[K\n'}
[6.018784] (rc_interaction) StderrLine: {'line': b'\x1b[01m\x1b[K/usr/include/c++/11/bits/ostream.tcc:321:5:\x1b[m\x1b[K \x1b[01;36m\x1b[Knote: \x1b[m\x1b[K  template argument deduction/substitution failed:\n'}
[6.018808] (rc_interaction) StderrLine: {'line': b'In file included from \x1b[01m\x1b[K/home/zbt/Upper-main/rc_interaction/src/model_xbox.cpp:4\x1b[m\x1b[K:\n'}
[6.018832] (rc_interaction) StderrLine: {'line': b'\x1b[01m\x1b[K/home/zbt/Upper-main/rc_interaction/include/rc_interaction/sbus_node.hpp:216:34:\x1b[m\x1b[K \x1b[01;36m\x1b[Knote: \x1b[m\x1b[K  cannot convert \xe2\x80\x98\x1b[01m\x1b[Kstd::end\x1b[m\x1b[K\xe2\x80\x99 (type \xe2\x80\x98\x1b[01m\x1b[K<unresolved overloaded function type>\x1b[m\x1b[K\xe2\x80\x99) to type \xe2\x80\x98\x1b[01m\x1b[Kconst char*\x1b[m\x1b[K\xe2\x80\x99\n'}
[6.018857] (rc_interaction) StderrLine: {'line': b'  216 |       cout<<vel_.twist.linear.y<<\x1b[01;36m\x1b[Kend\x1b[m\x1b[K;\n'}
[6.018881] (rc_interaction) StderrLine: {'line': b'      |                                  \x1b[01;36m\x1b[K^~~\x1b[m\x1b[K\n'}
[6.018905] (rc_interaction) StderrLine: {'line': b'In file included from \x1b[01m\x1b[K/usr/include/c++/11/iostream:39\x1b[m\x1b[K,\n'}
[6.018929] (rc_interaction) StderrLine: {'line': b'                 from \x1b[01m\x1b[K/opt/ros/humble/include/rclcpp/rclcpp/executor.hpp:22\x1b[m\x1b[K,\n'}
[6.018953] (rc_interaction) StderrLine: {'line': b'                 from \x1b[01m\x1b[K/opt/ros/humble/include/rclcpp/rclcpp/executors/multi_threaded_executor.hpp:25\x1b[m\x1b[K,\n'}
[6.018977] (rc_interaction) StderrLine: {'line': b'                 from \x1b[01m\x1b[K/opt/ros/humble/include/rclcpp/rclcpp/executors.hpp:21\x1b[m\x1b[K,\n'}
[6.019054] (rc_interaction) StderrLine: {'line': b'                 from \x1b[01m\x1b[K/opt/ros/humble/include/rclcpp/rclcpp/rclcpp.hpp:155\x1b[m\x1b[K,\n'}
[6.019114] (rc_interaction) StderrLine: {'line': b'                 from \x1b[01m\x1b[K/home/zbt/Upper-main/rc_interaction/src/model_xbox.cpp:1\x1b[m\x1b[K:\n'}
[6.019145] (rc_interaction) StderrLine: {'line': b'\x1b[01m\x1b[K/usr/include/c++/11/ostream:611:5:\x1b[m\x1b[K \x1b[01;36m\x1b[Knote: \x1b[m\x1b[Kcandidate: \xe2\x80\x98\x1b[01m\x1b[Ktemplate<class _Traits> std::basic_ostream<char, _Traits>& std::operator<<(std::basic_ostream<char, _Traits>&, const char*)\x1b[m\x1b[K\xe2\x80\x99\n'}
[6.019170] (rc_interaction) StderrLine: {'line': b'  611 |     \x1b[01;36m\x1b[Koperator\x1b[m\x1b[K<<(basic_ostream<char, _Traits>& __out, const char* __s)\n'}
[6.019194] (rc_interaction) StderrLine: {'line': b'      |     \x1b[01;36m\x1b[K^~~~~~~~\x1b[m\x1b[K\n'}
[6.019219] (rc_interaction) StderrLine: {'line': b'\x1b[01m\x1b[K/usr/include/c++/11/ostream:611:5:\x1b[m\x1b[K \x1b[01;36m\x1b[Knote: \x1b[m\x1b[K  template argument deduction/substitution failed:\n'}
[6.019243] (rc_interaction) StderrLine: {'line': b'In file included from \x1b[01m\x1b[K/home/zbt/Upper-main/rc_interaction/src/model_xbox.cpp:4\x1b[m\x1b[K:\n'}
[6.019267] (rc_interaction) StderrLine: {'line': b'\x1b[01m\x1b[K/home/zbt/Upper-main/rc_interaction/include/rc_interaction/sbus_node.hpp:216:34:\x1b[m\x1b[K \x1b[01;36m\x1b[Knote: \x1b[m\x1b[K  cannot convert \xe2\x80\x98\x1b[01m\x1b[Kstd::end\x1b[m\x1b[K\xe2\x80\x99 (type \xe2\x80\x98\x1b[01m\x1b[K<unresolved overloaded function type>\x1b[m\x1b[K\xe2\x80\x99) to type \xe2\x80\x98\x1b[01m\x1b[Kconst char*\x1b[m\x1b[K\xe2\x80\x99\n'}
[6.019296] (rc_interaction) StderrLine: {'line': b'  216 |       cout<<vel_.twist.linear.y<<\x1b[01;36m\x1b[Kend\x1b[m\x1b[K;\n'}
[6.019321] (rc_interaction) StderrLine: {'line': b'      |                                  \x1b[01;36m\x1b[K^~~\x1b[m\x1b[K\n'}
[6.019344] (rc_interaction) StderrLine: {'line': b'In file included from \x1b[01m\x1b[K/usr/include/c++/11/iostream:39\x1b[m\x1b[K,\n'}
[6.019368] (rc_interaction) StderrLine: {'line': b'                 from \x1b[01m\x1b[K/opt/ros/humble/include/rclcpp/rclcpp/executor.hpp:22\x1b[m\x1b[K,\n'}
[6.019392] (rc_interaction) StderrLine: {'line': b'                 from \x1b[01m\x1b[K/opt/ros/humble/include/rclcpp/rclcpp/executors/multi_threaded_executor.hpp:25\x1b[m\x1b[K,\n'}
[6.021579] (-) TimerEvent: {}
[6.021676] (rc_interaction) StderrLine: {'line': b'                 from \x1b[01m\x1b[K/opt/ros/humble/include/rclcpp/rclcpp/executors.hpp:21\x1b[m\x1b[K,\n'}
[6.021721] (rc_interaction) StderrLine: {'line': b'                 from \x1b[01m\x1b[K/opt/ros/humble/include/rclcpp/rclcpp/rclcpp.hpp:155\x1b[m\x1b[K,\n'}
[6.021752] (rc_interaction) StderrLine: {'line': b'                 from \x1b[01m\x1b[K/home/zbt/Upper-main/rc_interaction/src/model_xbox.cpp:1\x1b[m\x1b[K:\n'}
[6.021778] (rc_interaction) StderrLine: {'line': b'\x1b[01m\x1b[K/usr/include/c++/11/ostream:624:5:\x1b[m\x1b[K \x1b[01;36m\x1b[Knote: \x1b[m\x1b[Kcandidate: \xe2\x80\x98\x1b[01m\x1b[Ktemplate<class _Traits> std::basic_ostream<char, _Traits>& std::operator<<(std::basic_ostream<char, _Traits>&, const signed char*)\x1b[m\x1b[K\xe2\x80\x99\n'}
[6.021818] (rc_interaction) StderrLine: {'line': b'  624 |     \x1b[01;36m\x1b[Koperator\x1b[m\x1b[K<<(basic_ostream<char, _Traits>& __out, const signed char* __s)\n'}
[6.021847] (rc_interaction) StderrLine: {'line': b'      |     \x1b[01;36m\x1b[K^~~~~~~~\x1b[m\x1b[K\n'}
[6.021872] (rc_interaction) StderrLine: {'line': b'\x1b[01m\x1b[K/usr/include/c++/11/ostream:624:5:\x1b[m\x1b[K \x1b[01;36m\x1b[Knote: \x1b[m\x1b[K  template argument deduction/substitution failed:\n'}
[6.021898] (rc_interaction) StderrLine: {'line': b'In file included from \x1b[01m\x1b[K/home/zbt/Upper-main/rc_interaction/src/model_xbox.cpp:4\x1b[m\x1b[K:\n'}
[6.021926] (rc_interaction) StderrLine: {'line': b'\x1b[01m\x1b[K/home/zbt/Upper-main/rc_interaction/include/rc_interaction/sbus_node.hpp:216:34:\x1b[m\x1b[K \x1b[01;36m\x1b[Knote: \x1b[m\x1b[K  cannot convert \xe2\x80\x98\x1b[01m\x1b[Kstd::end\x1b[m\x1b[K\xe2\x80\x99 (type \xe2\x80\x98\x1b[01m\x1b[K<unresolved overloaded function type>\x1b[m\x1b[K\xe2\x80\x99) to type \xe2\x80\x98\x1b[01m\x1b[Kconst signed char*\x1b[m\x1b[K\xe2\x80\x99\n'}
[6.022123] (rc_interaction) StderrLine: {'line': b'  216 |       cout<<vel_.twist.linear.y<<\x1b[01;36m\x1b[Kend\x1b[m\x1b[K;\n'}
[6.022154] (rc_interaction) StderrLine: {'line': b'      |                                  \x1b[01;36m\x1b[K^~~\x1b[m\x1b[K\n'}
[6.022181] (rc_interaction) StderrLine: {'line': b'In file included from \x1b[01m\x1b[K/usr/include/c++/11/iostream:39\x1b[m\x1b[K,\n'}
[6.022206] (rc_interaction) StderrLine: {'line': b'                 from \x1b[01m\x1b[K/opt/ros/humble/include/rclcpp/rclcpp/executor.hpp:22\x1b[m\x1b[K,\n'}
[6.022231] (rc_interaction) StderrLine: {'line': b'                 from \x1b[01m\x1b[K/opt/ros/humble/include/rclcpp/rclcpp/executors/multi_threaded_executor.hpp:25\x1b[m\x1b[K,\n'}
[6.022259] (rc_interaction) StderrLine: {'line': b'                 from \x1b[01m\x1b[K/opt/ros/humble/include/rclcpp/rclcpp/executors.hpp:21\x1b[m\x1b[K,\n'}
[6.022303] (rc_interaction) StderrLine: {'line': b'                 from \x1b[01m\x1b[K/opt/ros/humble/include/rclcpp/rclcpp/rclcpp.hpp:155\x1b[m\x1b[K,\n'}
[6.022381] (rc_interaction) StderrLine: {'line': b'                 from \x1b[01m\x1b[K/home/zbt/Upper-main/rc_interaction/src/model_xbox.cpp:1\x1b[m\x1b[K:\n'}
[6.022422] (rc_interaction) StderrLine: {'line': b'\x1b[01m\x1b[K/usr/include/c++/11/ostream:629:5:\x1b[m\x1b[K \x1b[01;36m\x1b[Knote: \x1b[m\x1b[Kcandidate: \xe2\x80\x98\x1b[01m\x1b[Ktemplate<class _Traits> std::basic_ostream<char, _Traits>& std::operator<<(std::basic_ostream<char, _Traits>&, const unsigned char*)\x1b[m\x1b[K\xe2\x80\x99\n'}
[6.022465] (rc_interaction) StderrLine: {'line': b'  629 |     \x1b[01;36m\x1b[Koperator\x1b[m\x1b[K<<(basic_ostream<char, _Traits>& __out, const unsigned char* __s)\n'}
[6.022490] (rc_interaction) StderrLine: {'line': b'      |     \x1b[01;36m\x1b[K^~~~~~~~\x1b[m\x1b[K\n'}
[6.022514] (rc_interaction) StderrLine: {'line': b'\x1b[01m\x1b[K/usr/include/c++/11/ostream:629:5:\x1b[m\x1b[K \x1b[01;36m\x1b[Knote: \x1b[m\x1b[K  template argument deduction/substitution failed:\n'}
[6.022539] (rc_interaction) StderrLine: {'line': b'In file included from \x1b[01m\x1b[K/home/zbt/Upper-main/rc_interaction/src/model_xbox.cpp:4\x1b[m\x1b[K:\n'}
[6.022716] (rc_interaction) StderrLine: {'line': b'\x1b[01m\x1b[K/home/zbt/Upper-main/rc_interaction/include/rc_interaction/sbus_node.hpp:216:34:\x1b[m\x1b[K \x1b[01;36m\x1b[Knote: \x1b[m\x1b[K  cannot convert \xe2\x80\x98\x1b[01m\x1b[Kstd::end\x1b[m\x1b[K\xe2\x80\x99 (type \xe2\x80\x98\x1b[01m\x1b[K<unresolved overloaded function type>\x1b[m\x1b[K\xe2\x80\x99) to type \xe2\x80\x98\x1b[01m\x1b[Kconst unsigned char*\x1b[m\x1b[K\xe2\x80\x99\n'}
[6.022748] (rc_interaction) StderrLine: {'line': b'  216 |       cout<<vel_.twist.linear.y<<\x1b[01;36m\x1b[Kend\x1b[m\x1b[K;\n'}
[6.022779] (rc_interaction) StderrLine: {'line': b'      |                                  \x1b[01;36m\x1b[K^~~\x1b[m\x1b[K\n'}
[6.022819] (rc_interaction) StderrLine: {'line': b'In file included from \x1b[01m\x1b[K/usr/include/c++/11/iostream:39\x1b[m\x1b[K,\n'}
[6.022846] (rc_interaction) StderrLine: {'line': b'                 from \x1b[01m\x1b[K/opt/ros/humble/include/rclcpp/rclcpp/executor.hpp:22\x1b[m\x1b[K,\n'}
[6.022872] (rc_interaction) StderrLine: {'line': b'                 from \x1b[01m\x1b[K/opt/ros/humble/include/rclcpp/rclcpp/executors/multi_threaded_executor.hpp:25\x1b[m\x1b[K,\n'}
[6.022897] (rc_interaction) StderrLine: {'line': b'                 from \x1b[01m\x1b[K/opt/ros/humble/include/rclcpp/rclcpp/executors.hpp:21\x1b[m\x1b[K,\n'}
[6.022922] (rc_interaction) StderrLine: {'line': b'                 from \x1b[01m\x1b[K/opt/ros/humble/include/rclcpp/rclcpp/rclcpp.hpp:155\x1b[m\x1b[K,\n'}
[6.022959] (rc_interaction) StderrLine: {'line': b'                 from \x1b[01m\x1b[K/home/zbt/Upper-main/rc_interaction/src/model_xbox.cpp:1\x1b[m\x1b[K:\n'}
[6.022989] (rc_interaction) StderrLine: {'line': b'\x1b[01m\x1b[K/usr/include/c++/11/ostream:750:5:\x1b[m\x1b[K \x1b[01;36m\x1b[Knote: \x1b[m\x1b[Kcandidate: \xe2\x80\x98\x1b[01m\x1b[Ktemplate<class _Ostream, class _Tp> _Ostream&& std::operator<<(_Ostream&&, const _Tp&)\x1b[m\x1b[K\xe2\x80\x99\n'}
[6.023015] (rc_interaction) StderrLine: {'line': b'  750 |     \x1b[01;36m\x1b[Koperator\x1b[m\x1b[K<<(_Ostream&& __os, const _Tp& __x)\n'}
[6.023040] (rc_interaction) StderrLine: {'line': b'      |     \x1b[01;36m\x1b[K^~~~~~~~\x1b[m\x1b[K\n'}
[6.023063] (rc_interaction) StderrLine: {'line': b'\x1b[01m\x1b[K/usr/include/c++/11/ostream:750:5:\x1b[m\x1b[K \x1b[01;36m\x1b[Knote: \x1b[m\x1b[K  template argument deduction/substitution failed:\n'}
[6.023088] (rc_interaction) StderrLine: {'line': b'In file included from \x1b[01m\x1b[K/home/zbt/Upper-main/rc_interaction/src/model_xbox.cpp:4\x1b[m\x1b[K:\n'}
[6.023112] (rc_interaction) StderrLine: {'line': b'\x1b[01m\x1b[K/home/zbt/Upper-main/rc_interaction/include/rc_interaction/sbus_node.hpp:216:34:\x1b[m\x1b[K \x1b[01;36m\x1b[Knote: \x1b[m\x1b[K  couldn\xe2\x80\x99t deduce template parameter \xe2\x80\x98\x1b[01m\x1b[K_Tp\x1b[m\x1b[K\xe2\x80\x99\n'}
[6.023136] (rc_interaction) StderrLine: {'line': b'  216 |       cout<<vel_.twist.linear.y<<\x1b[01;36m\x1b[Kend\x1b[m\x1b[K;\n'}
[6.023160] (rc_interaction) StderrLine: {'line': b'      |                                  \x1b[01;36m\x1b[K^~~\x1b[m\x1b[K\n'}
[6.023184] (rc_interaction) StderrLine: {'line': b'In file included from \x1b[01m\x1b[K/opt/ros/humble/include/rosidl_runtime_cpp/rosidl_runtime_cpp/traits.hpp:19\x1b[m\x1b[K,\n'}
[6.023213] (rc_interaction) StderrLine: {'line': b'                 from \x1b[01m\x1b[K/opt/ros/humble/include/builtin_interfaces/builtin_interfaces/msg/detail/duration__traits.hpp:15\x1b[m\x1b[K,\n'}
[6.023238] (rc_interaction) StderrLine: {'line': b'                 from \x1b[01m\x1b[K/opt/ros/humble/include/builtin_interfaces/builtin_interfaces/msg/duration.hpp:9\x1b[m\x1b[K,\n'}
[6.023262] (rc_interaction) StderrLine: {'line': b'                 from \x1b[01m\x1b[K/opt/ros/humble/include/rclcpp/rclcpp/duration.hpp:20\x1b[m\x1b[K,\n'}
[6.023285] (rc_interaction) StderrLine: {'line': b'                 from \x1b[01m\x1b[K/opt/ros/humble/include/rclcpp/rclcpp/qos.hpp:20\x1b[m\x1b[K,\n'}
[6.023309] (rc_interaction) StderrLine: {'line': b'                 from \x1b[01m\x1b[K/opt/ros/humble/include/rclcpp/rclcpp/node_interfaces/node_graph_interface.hpp:32\x1b[m\x1b[K,\n'}
[6.023336] (rc_interaction) StderrLine: {'line': b'                 from \x1b[01m\x1b[K/opt/ros/humble/include/rclcpp/rclcpp/client.hpp:42\x1b[m\x1b[K,\n'}
[6.023360] (rc_interaction) StderrLine: {'line': b'                 from \x1b[01m\x1b[K/opt/ros/humble/include/rclcpp/rclcpp/callback_group.hpp:24\x1b[m\x1b[K,\n'}
[6.023384] (rc_interaction) StderrLine: {'line': b'                 from \x1b[01m\x1b[K/opt/ros/humble/include/rclcpp/rclcpp/any_executable.hpp:20\x1b[m\x1b[K,\n'}
[6.023408] (rc_interaction) StderrLine: {'line': b'                 from \x1b[01m\x1b[K/opt/ros/humble/include/rclcpp/rclcpp/memory_strategy.hpp:25\x1b[m\x1b[K,\n'}
[6.023432] (rc_interaction) StderrLine: {'line': b'                 from \x1b[01m\x1b[K/opt/ros/humble/include/rclcpp/rclcpp/memory_strategies.hpp:18\x1b[m\x1b[K,\n'}
[6.023455] (rc_interaction) StderrLine: {'line': b'                 from \x1b[01m\x1b[K/opt/ros/humble/include/rclcpp/rclcpp/executor_options.hpp:20\x1b[m\x1b[K,\n'}
[6.023479] (rc_interaction) StderrLine: {'line': b'                 from \x1b[01m\x1b[K/opt/ros/humble/include/rclcpp/rclcpp/executor.hpp:37\x1b[m\x1b[K,\n'}
[6.023502] (rc_interaction) StderrLine: {'line': b'                 from \x1b[01m\x1b[K/opt/ros/humble/include/rclcpp/rclcpp/executors/multi_threaded_executor.hpp:25\x1b[m\x1b[K,\n'}
[6.023528] (rc_interaction) StderrLine: {'line': b'                 from \x1b[01m\x1b[K/opt/ros/humble/include/rclcpp/rclcpp/executors.hpp:21\x1b[m\x1b[K,\n'}
[6.023552] (rc_interaction) StderrLine: {'line': b'                 from \x1b[01m\x1b[K/opt/ros/humble/include/rclcpp/rclcpp/rclcpp.hpp:155\x1b[m\x1b[K,\n'}
[6.023579] (rc_interaction) StderrLine: {'line': b'                 from \x1b[01m\x1b[K/home/zbt/Upper-main/rc_interaction/src/model_xbox.cpp:1\x1b[m\x1b[K:\n'}
[6.023604] (rc_interaction) StderrLine: {'line': b'\x1b[01m\x1b[K/usr/include/c++/11/iomanip:79:5:\x1b[m\x1b[K \x1b[01;36m\x1b[Knote: \x1b[m\x1b[Kcandidate: \xe2\x80\x98\x1b[01m\x1b[Ktemplate<class _CharT, class _Traits> std::basic_ostream<_Ch, _Tr>& std::operator<<(std::basic_ostream<_Ch, _Tr>&, std::_Resetiosflags)\x1b[m\x1b[K\xe2\x80\x99\n'}
[6.023628] (rc_interaction) StderrLine: {'line': b'   79 |     \x1b[01;36m\x1b[Koperator\x1b[m\x1b[K<<(basic_ostream<_CharT, _Traits>& __os, _Resetiosflags __f)\n'}
[6.023652] (rc_interaction) StderrLine: {'line': b'      |     \x1b[01;36m\x1b[K^~~~~~~~\x1b[m\x1b[K\n'}
[6.023675] (rc_interaction) StderrLine: {'line': b'\x1b[01m\x1b[K/usr/include/c++/11/iomanip:79:5:\x1b[m\x1b[K \x1b[01;36m\x1b[Knote: \x1b[m\x1b[K  template argument deduction/substitution failed:\n'}
[6.023699] (rc_interaction) StderrLine: {'line': b'In file included from \x1b[01m\x1b[K/home/zbt/Upper-main/rc_interaction/src/model_xbox.cpp:4\x1b[m\x1b[K:\n'}
[6.023722] (rc_interaction) StderrLine: {'line': b'\x1b[01m\x1b[K/home/zbt/Upper-main/rc_interaction/include/rc_interaction/sbus_node.hpp:216:34:\x1b[m\x1b[K \x1b[01;36m\x1b[Knote: \x1b[m\x1b[K  cannot convert \xe2\x80\x98\x1b[01m\x1b[Kstd::end\x1b[m\x1b[K\xe2\x80\x99 (type \xe2\x80\x98\x1b[01m\x1b[K<unresolved overloaded function type>\x1b[m\x1b[K\xe2\x80\x99) to type \xe2\x80\x98\x1b[01m\x1b[Kstd::_Resetiosflags\x1b[m\x1b[K\xe2\x80\x99\n'}
[6.023750] (rc_interaction) StderrLine: {'line': b'  216 |       cout<<vel_.twist.linear.y<<\x1b[01;36m\x1b[Kend\x1b[m\x1b[K;\n'}
[6.023773] (rc_interaction) StderrLine: {'line': b'      |                                  \x1b[01;36m\x1b[K^~~\x1b[m\x1b[K\n'}
[6.023798] (rc_interaction) StderrLine: {'line': b'In file included from \x1b[01m\x1b[K/opt/ros/humble/include/rosidl_runtime_cpp/rosidl_runtime_cpp/traits.hpp:19\x1b[m\x1b[K,\n'}
[6.027912] (rc_interaction) StderrLine: {'line': b'                 from \x1b[01m\x1b[K/opt/ros/humble/include/builtin_interfaces/builtin_interfaces/msg/detail/duration__traits.hpp:15\x1b[m\x1b[K,\n'}
[6.027955] (rc_interaction) StderrLine: {'line': b'                 from \x1b[01m\x1b[K/opt/ros/humble/include/builtin_interfaces/builtin_interfaces/msg/duration.hpp:9\x1b[m\x1b[K,\n'}
[6.027986] (rc_interaction) StderrLine: {'line': b'                 from \x1b[01m\x1b[K/opt/ros/humble/include/rclcpp/rclcpp/duration.hpp:20\x1b[m\x1b[K,\n'}
[6.028017] (rc_interaction) StderrLine: {'line': b'                 from \x1b[01m\x1b[K/opt/ros/humble/include/rclcpp/rclcpp/qos.hpp:20\x1b[m\x1b[K,\n'}
[6.028045] (rc_interaction) StderrLine: {'line': b'                 from \x1b[01m\x1b[K/opt/ros/humble/include/rclcpp/rclcpp/node_interfaces/node_graph_interface.hpp:32\x1b[m\x1b[K,\n'}
[6.028071] (rc_interaction) StderrLine: {'line': b'                 from \x1b[01m\x1b[K/opt/ros/humble/include/rclcpp/rclcpp/client.hpp:42\x1b[m\x1b[K,\n'}
[6.028096] (rc_interaction) StderrLine: {'line': b'                 from \x1b[01m\x1b[K/opt/ros/humble/include/rclcpp/rclcpp/callback_group.hpp:24\x1b[m\x1b[K,\n'}
[6.028123] (rc_interaction) StderrLine: {'line': b'                 from \x1b[01m\x1b[K/opt/ros/humble/include/rclcpp/rclcpp/any_executable.hpp:20\x1b[m\x1b[K,\n'}
[6.028148] (rc_interaction) StderrLine: {'line': b'                 from \x1b[01m\x1b[K/opt/ros/humble/include/rclcpp/rclcpp/memory_strategy.hpp:25\x1b[m\x1b[K,\n'}
[6.028172] (rc_interaction) StderrLine: {'line': b'                 from \x1b[01m\x1b[K/opt/ros/humble/include/rclcpp/rclcpp/memory_strategies.hpp:18\x1b[m\x1b[K,\n'}
[6.028196] (rc_interaction) StderrLine: {'line': b'                 from \x1b[01m\x1b[K/opt/ros/humble/include/rclcpp/rclcpp/executor_options.hpp:20\x1b[m\x1b[K,\n'}
[6.028220] (rc_interaction) StderrLine: {'line': b'                 from \x1b[01m\x1b[K/opt/ros/humble/include/rclcpp/rclcpp/executor.hpp:37\x1b[m\x1b[K,\n'}
[6.028244] (rc_interaction) StderrLine: {'line': b'                 from \x1b[01m\x1b[K/opt/ros/humble/include/rclcpp/rclcpp/executors/multi_threaded_executor.hpp:25\x1b[m\x1b[K,\n'}
[6.028267] (rc_interaction) StderrLine: {'line': b'                 from \x1b[01m\x1b[K/opt/ros/humble/include/rclcpp/rclcpp/executors.hpp:21\x1b[m\x1b[K,\n'}
[6.028292] (rc_interaction) StderrLine: {'line': b'                 from \x1b[01m\x1b[K/opt/ros/humble/include/rclcpp/rclcpp/rclcpp.hpp:155\x1b[m\x1b[K,\n'}
[6.028316] (rc_interaction) StderrLine: {'line': b'                 from \x1b[01m\x1b[K/home/zbt/Upper-main/rc_interaction/src/model_xbox.cpp:1\x1b[m\x1b[K:\n'}
[6.028343] (rc_interaction) StderrLine: {'line': b'\x1b[01m\x1b[K/usr/include/c++/11/iomanip:109:5:\x1b[m\x1b[K \x1b[01;36m\x1b[Knote: \x1b[m\x1b[Kcandidate: \xe2\x80\x98\x1b[01m\x1b[Ktemplate<class _CharT, class _Traits> std::basic_ostream<_Ch, _Tr>& std::operator<<(std::basic_ostream<_Ch, _Tr>&, std::_Setiosflags)\x1b[m\x1b[K\xe2\x80\x99\n'}
[6.028369] (rc_interaction) StderrLine: {'line': b'  109 |     \x1b[01;36m\x1b[Koperator\x1b[m\x1b[K<<(basic_ostream<_CharT, _Traits>& __os, _Setiosflags __f)\n'}
[6.028393] (rc_interaction) StderrLine: {'line': b'      |     \x1b[01;36m\x1b[K^~~~~~~~\x1b[m\x1b[K\n'}
[6.028416] (rc_interaction) StderrLine: {'line': b'\x1b[01m\x1b[K/usr/include/c++/11/iomanip:109:5:\x1b[m\x1b[K \x1b[01;36m\x1b[Knote: \x1b[m\x1b[K  template argument deduction/substitution failed:\n'}
[6.028442] (rc_interaction) StderrLine: {'line': b'In file included from \x1b[01m\x1b[K/home/zbt/Upper-main/rc_interaction/src/model_xbox.cpp:4\x1b[m\x1b[K:\n'}
[6.028471] (rc_interaction) StderrLine: {'line': b'\x1b[01m\x1b[K/home/zbt/Upper-main/rc_interaction/include/rc_interaction/sbus_node.hpp:216:34:\x1b[m\x1b[K \x1b[01;36m\x1b[Knote: \x1b[m\x1b[K  cannot convert \xe2\x80\x98\x1b[01m\x1b[Kstd::end\x1b[m\x1b[K\xe2\x80\x99 (type \xe2\x80\x98\x1b[01m\x1b[K<unresolved overloaded function type>\x1b[m\x1b[K\xe2\x80\x99) to type \xe2\x80\x98\x1b[01m\x1b[Kstd::_Setiosflags\x1b[m\x1b[K\xe2\x80\x99\n'}
[6.028499] (rc_interaction) StderrLine: {'line': b'  216 |       cout<<vel_.twist.linear.y<<\x1b[01;36m\x1b[Kend\x1b[m\x1b[K;\n'}
[6.028525] (rc_interaction) StderrLine: {'line': b'      |                                  \x1b[01;36m\x1b[K^~~\x1b[m\x1b[K\n'}
[6.028551] (rc_interaction) StderrLine: {'line': b'In file included from \x1b[01m\x1b[K/opt/ros/humble/include/rosidl_runtime_cpp/rosidl_runtime_cpp/traits.hpp:19\x1b[m\x1b[K,\n'}
[6.028578] (rc_interaction) StderrLine: {'line': b'                 from \x1b[01m\x1b[K/opt/ros/humble/include/builtin_interfaces/builtin_interfaces/msg/detail/duration__traits.hpp:15\x1b[m\x1b[K,\n'}
[6.028602] (rc_interaction) StderrLine: {'line': b'                 from \x1b[01m\x1b[K/opt/ros/humble/include/builtin_interfaces/builtin_interfaces/msg/duration.hpp:9\x1b[m\x1b[K,\n'}
[6.028630] (rc_interaction) StderrLine: {'line': b'                 from \x1b[01m\x1b[K/opt/ros/humble/include/rclcpp/rclcpp/duration.hpp:20\x1b[m\x1b[K,\n'}
[6.028654] (rc_interaction) StderrLine: {'line': b'                 from \x1b[01m\x1b[K/opt/ros/humble/include/rclcpp/rclcpp/qos.hpp:20\x1b[m\x1b[K,\n'}
[6.028677] (rc_interaction) StderrLine: {'line': b'                 from \x1b[01m\x1b[K/opt/ros/humble/include/rclcpp/rclcpp/node_interfaces/node_graph_interface.hpp:32\x1b[m\x1b[K,\n'}
[6.028701] (rc_interaction) StderrLine: {'line': b'                 from \x1b[01m\x1b[K/opt/ros/humble/include/rclcpp/rclcpp/client.hpp:42\x1b[m\x1b[K,\n'}
[6.028724] (rc_interaction) StderrLine: {'line': b'                 from \x1b[01m\x1b[K/opt/ros/humble/include/rclcpp/rclcpp/callback_group.hpp:24\x1b[m\x1b[K,\n'}
[6.028748] (rc_interaction) StderrLine: {'line': b'                 from \x1b[01m\x1b[K/opt/ros/humble/include/rclcpp/rclcpp/any_executable.hpp:20\x1b[m\x1b[K,\n'}
[6.028772] (rc_interaction) StderrLine: {'line': b'                 from \x1b[01m\x1b[K/opt/ros/humble/include/rclcpp/rclcpp/memory_strategy.hpp:25\x1b[m\x1b[K,\n'}
[6.028796] (rc_interaction) StderrLine: {'line': b'                 from \x1b[01m\x1b[K/opt/ros/humble/include/rclcpp/rclcpp/memory_strategies.hpp:18\x1b[m\x1b[K,\n'}
[6.028819] (rc_interaction) StderrLine: {'line': b'                 from \x1b[01m\x1b[K/opt/ros/humble/include/rclcpp/rclcpp/executor_options.hpp:20\x1b[m\x1b[K,\n'}
[6.028843] (rc_interaction) StderrLine: {'line': b'                 from \x1b[01m\x1b[K/opt/ros/humble/include/rclcpp/rclcpp/executor.hpp:37\x1b[m\x1b[K,\n'}
[6.028866] (rc_interaction) StderrLine: {'line': b'                 from \x1b[01m\x1b[K/opt/ros/humble/include/rclcpp/rclcpp/executors/multi_threaded_executor.hpp:25\x1b[m\x1b[K,\n'}
[6.028892] (rc_interaction) StderrLine: {'line': b'                 from \x1b[01m\x1b[K/opt/ros/humble/include/rclcpp/rclcpp/executors.hpp:21\x1b[m\x1b[K,\n'}
[6.028917] (rc_interaction) StderrLine: {'line': b'                 from \x1b[01m\x1b[K/opt/ros/humble/include/rclcpp/rclcpp/rclcpp.hpp:155\x1b[m\x1b[K,\n'}
[6.028941] (rc_interaction) StderrLine: {'line': b'                 from \x1b[01m\x1b[K/home/zbt/Upper-main/rc_interaction/src/model_xbox.cpp:1\x1b[m\x1b[K:\n'}
[6.028965] (rc_interaction) StderrLine: {'line': b'\x1b[01m\x1b[K/usr/include/c++/11/iomanip:143:5:\x1b[m\x1b[K \x1b[01;36m\x1b[Knote: \x1b[m\x1b[Kcandidate: \xe2\x80\x98\x1b[01m\x1b[Ktemplate<class _CharT, class _Traits> std::basic_ostream<_Ch, _Tr>& std::operator<<(std::basic_ostream<_Ch, _Tr>&, std::_Setbase)\x1b[m\x1b[K\xe2\x80\x99\n'}
[6.028990] (rc_interaction) StderrLine: {'line': b'  143 |     \x1b[01;36m\x1b[Koperator\x1b[m\x1b[K<<(basic_ostream<_CharT, _Traits>& __os, _Setbase __f)\n'}
[6.029016] (rc_interaction) StderrLine: {'line': b'      |     \x1b[01;36m\x1b[K^~~~~~~~\x1b[m\x1b[K\n'}
[6.029039] (rc_interaction) StderrLine: {'line': b'\x1b[01m\x1b[K/usr/include/c++/11/iomanip:143:5:\x1b[m\x1b[K \x1b[01;36m\x1b[Knote: \x1b[m\x1b[K  template argument deduction/substitution failed:\n'}
[6.029063] (rc_interaction) StderrLine: {'line': b'In file included from \x1b[01m\x1b[K/home/zbt/Upper-main/rc_interaction/src/model_xbox.cpp:4\x1b[m\x1b[K:\n'}
[6.029086] (rc_interaction) StderrLine: {'line': b'\x1b[01m\x1b[K/home/zbt/Upper-main/rc_interaction/include/rc_interaction/sbus_node.hpp:216:34:\x1b[m\x1b[K \x1b[01;36m\x1b[Knote: \x1b[m\x1b[K  cannot convert \xe2\x80\x98\x1b[01m\x1b[Kstd::end\x1b[m\x1b[K\xe2\x80\x99 (type \xe2\x80\x98\x1b[01m\x1b[K<unresolved overloaded function type>\x1b[m\x1b[K\xe2\x80\x99) to type \xe2\x80\x98\x1b[01m\x1b[Kstd::_Setbase\x1b[m\x1b[K\xe2\x80\x99\n'}
[6.029111] (rc_interaction) StderrLine: {'line': b'  216 |       cout<<vel_.twist.linear.y<<\x1b[01;36m\x1b[Kend\x1b[m\x1b[K;\n'}
[6.029135] (rc_interaction) StderrLine: {'line': b'      |                                  \x1b[01;36m\x1b[K^~~\x1b[m\x1b[K\n'}
[6.029158] (rc_interaction) StderrLine: {'line': b'In file included from \x1b[01m\x1b[K/opt/ros/humble/include/rosidl_runtime_cpp/rosidl_runtime_cpp/traits.hpp:19\x1b[m\x1b[K,\n'}
[6.029184] (rc_interaction) StderrLine: {'line': b'                 from \x1b[01m\x1b[K/opt/ros/humble/include/builtin_interfaces/builtin_interfaces/msg/detail/duration__traits.hpp:15\x1b[m\x1b[K,\n'}
[6.029208] (rc_interaction) StderrLine: {'line': b'                 from \x1b[01m\x1b[K/opt/ros/humble/include/builtin_interfaces/builtin_interfaces/msg/duration.hpp:9\x1b[m\x1b[K,\n'}
[6.029231] (rc_interaction) StderrLine: {'line': b'                 from \x1b[01m\x1b[K/opt/ros/humble/include/rclcpp/rclcpp/duration.hpp:20\x1b[m\x1b[K,\n'}
[6.029254] (rc_interaction) StderrLine: {'line': b'                 from \x1b[01m\x1b[K/opt/ros/humble/include/rclcpp/rclcpp/qos.hpp:20\x1b[m\x1b[K,\n'}
[6.029277] (rc_interaction) StderrLine: {'line': b'                 from \x1b[01m\x1b[K/opt/ros/humble/include/rclcpp/rclcpp/node_interfaces/node_graph_interface.hpp:32\x1b[m\x1b[K,\n'}
[6.029302] (rc_interaction) StderrLine: {'line': b'                 from \x1b[01m\x1b[K/opt/ros/humble/include/rclcpp/rclcpp/client.hpp:42\x1b[m\x1b[K,\n'}
[6.029325] (rc_interaction) StderrLine: {'line': b'                 from \x1b[01m\x1b[K/opt/ros/humble/include/rclcpp/rclcpp/callback_group.hpp:24\x1b[m\x1b[K,\n'}
[6.029348] (rc_interaction) StderrLine: {'line': b'                 from \x1b[01m\x1b[K/opt/ros/humble/include/rclcpp/rclcpp/any_executable.hpp:20\x1b[m\x1b[K,\n'}
[6.029371] (rc_interaction) StderrLine: {'line': b'                 from \x1b[01m\x1b[K/opt/ros/humble/include/rclcpp/rclcpp/memory_strategy.hpp:25\x1b[m\x1b[K,\n'}
[6.029395] (rc_interaction) StderrLine: {'line': b'                 from \x1b[01m\x1b[K/opt/ros/humble/include/rclcpp/rclcpp/memory_strategies.hpp:18\x1b[m\x1b[K,\n'}
[6.029418] (rc_interaction) StderrLine: {'line': b'                 from \x1b[01m\x1b[K/opt/ros/humble/include/rclcpp/rclcpp/executor_options.hpp:20\x1b[m\x1b[K,\n'}
[6.029441] (rc_interaction) StderrLine: {'line': b'                 from \x1b[01m\x1b[K/opt/ros/humble/include/rclcpp/rclcpp/executor.hpp:37\x1b[m\x1b[K,\n'}
[6.029465] (rc_interaction) StderrLine: {'line': b'                 from \x1b[01m\x1b[K/opt/ros/humble/include/rclcpp/rclcpp/executors/multi_threaded_executor.hpp:25\x1b[m\x1b[K,\n'}
[6.029488] (rc_interaction) StderrLine: {'line': b'                 from \x1b[01m\x1b[K/opt/ros/humble/include/rclcpp/rclcpp/executors.hpp:21\x1b[m\x1b[K,\n'}
[6.029513] (rc_interaction) StderrLine: {'line': b'                 from \x1b[01m\x1b[K/opt/ros/humble/include/rclcpp/rclcpp/rclcpp.hpp:155\x1b[m\x1b[K,\n'}
[6.029537] (rc_interaction) StderrLine: {'line': b'                 from \x1b[01m\x1b[K/home/zbt/Upper-main/rc_interaction/src/model_xbox.cpp:1\x1b[m\x1b[K:\n'}
[6.029560] (rc_interaction) StderrLine: {'line': b'\x1b[01m\x1b[K/usr/include/c++/11/iomanip:178:5:\x1b[m\x1b[K \x1b[01;36m\x1b[Knote: \x1b[m\x1b[Kcandidate: \xe2\x80\x98\x1b[01m\x1b[Kstd::basic_ostream<_Ch, _Tr>& std::operator<<(std::basic_ostream<_Ch, _Tr>&, std::_Setfill<_CharT>) [with _CharT = char; _Traits = std::char_traits<char>]\x1b[m\x1b[K\xe2\x80\x99\n'}
[6.029591] (rc_interaction) StderrLine: {'line': b'  178 |     \x1b[01;36m\x1b[Koperator\x1b[m\x1b[K<<(basic_ostream<_CharT, _Traits>& __os, _Setfill<_CharT> __f)\n'}
[6.029614] (rc_interaction) StderrLine: {'line': b'      |     \x1b[01;36m\x1b[K^~~~~~~~\x1b[m\x1b[K\n'}
[6.029638] (rc_interaction) StderrLine: {'line': b'\x1b[01m\x1b[K/usr/include/c++/11/iomanip:178:71:\x1b[m\x1b[K \x1b[01;36m\x1b[Knote: \x1b[m\x1b[K  no known conversion for argument 2 from \xe2\x80\x98\x1b[01m\x1b[K<unresolved overloaded function type>\x1b[m\x1b[K\xe2\x80\x99 to \xe2\x80\x98\x1b[01m\x1b[Kstd::_Setfill<char>\x1b[m\x1b[K\xe2\x80\x99\n'}
[6.029662] (rc_interaction) StderrLine: {'line': b'  178 |     operator<<(basic_ostream<_CharT, _Traits>& __os, \x1b[01;36m\x1b[K_Setfill<_CharT> __f\x1b[m\x1b[K)\n'}
[6.029686] (rc_interaction) StderrLine: {'line': b'      |                                                      \x1b[01;36m\x1b[K~~~~~~~~~~~~~~~~~^~~\x1b[m\x1b[K\n'}
[6.029710] (rc_interaction) StderrLine: {'line': b'\x1b[01m\x1b[K/usr/include/c++/11/iomanip:208:5:\x1b[m\x1b[K \x1b[01;36m\x1b[Knote: \x1b[m\x1b[Kcandidate: \xe2\x80\x98\x1b[01m\x1b[Ktemplate<class _CharT, class _Traits> std::basic_ostream<_Ch, _Tr>& std::operator<<(std::basic_ostream<_Ch, _Tr>&, std::_Setprecision)\x1b[m\x1b[K\xe2\x80\x99\n'}
[6.029736] (rc_interaction) StderrLine: {'line': b'  208 |     \x1b[01;36m\x1b[Koperator\x1b[m\x1b[K<<(basic_ostream<_CharT, _Traits>& __os, _Setprecision __f)\n'}
[6.029760] (rc_interaction) StderrLine: {'line': b'      |     \x1b[01;36m\x1b[K^~~~~~~~\x1b[m\x1b[K\n'}
[6.029783] (rc_interaction) StderrLine: {'line': b'\x1b[01m\x1b[K/usr/include/c++/11/iomanip:208:5:\x1b[m\x1b[K \x1b[01;36m\x1b[Knote: \x1b[m\x1b[K  template argument deduction/substitution failed:\n'}
[6.029806] (rc_interaction) StderrLine: {'line': b'In file included from \x1b[01m\x1b[K/home/zbt/Upper-main/rc_interaction/src/model_xbox.cpp:4\x1b[m\x1b[K:\n'}
[6.035893] (rc_interaction) StderrLine: {'line': b'\x1b[01m\x1b[K/home/zbt/Upper-main/rc_interaction/include/rc_interaction/sbus_node.hpp:216:34:\x1b[m\x1b[K \x1b[01;36m\x1b[Knote: \x1b[m\x1b[K  cannot convert \xe2\x80\x98\x1b[01m\x1b[Kstd::end\x1b[m\x1b[K\xe2\x80\x99 (type \xe2\x80\x98\x1b[01m\x1b[K<unresolved overloaded function type>\x1b[m\x1b[K\xe2\x80\x99) to type \xe2\x80\x98\x1b[01m\x1b[Kstd::_Setprecision\x1b[m\x1b[K\xe2\x80\x99\n'}
[6.035946] (rc_interaction) StderrLine: {'line': b'  216 |       cout<<vel_.twist.linear.y<<\x1b[01;36m\x1b[Kend\x1b[m\x1b[K;\n'}
[6.035978] (rc_interaction) StderrLine: {'line': b'      |                                  \x1b[01;36m\x1b[K^~~\x1b[m\x1b[K\n'}
[6.036009] (rc_interaction) StderrLine: {'line': b'In file included from \x1b[01m\x1b[K/opt/ros/humble/include/rosidl_runtime_cpp/rosidl_runtime_cpp/traits.hpp:19\x1b[m\x1b[K,\n'}
[6.036037] (rc_interaction) StderrLine: {'line': b'                 from \x1b[01m\x1b[K/opt/ros/humble/include/builtin_interfaces/builtin_interfaces/msg/detail/duration__traits.hpp:15\x1b[m\x1b[K,\n'}
[6.036063] (rc_interaction) StderrLine: {'line': b'                 from \x1b[01m\x1b[K/opt/ros/humble/include/builtin_interfaces/builtin_interfaces/msg/duration.hpp:9\x1b[m\x1b[K,\n'}
[6.036093] (rc_interaction) StderrLine: {'line': b'                 from \x1b[01m\x1b[K/opt/ros/humble/include/rclcpp/rclcpp/duration.hpp:20\x1b[m\x1b[K,\n'}
[6.036119] (rc_interaction) StderrLine: {'line': b'                 from \x1b[01m\x1b[K/opt/ros/humble/include/rclcpp/rclcpp/qos.hpp:20\x1b[m\x1b[K,\n'}
[6.036144] (rc_interaction) StderrLine: {'line': b'                 from \x1b[01m\x1b[K/opt/ros/humble/include/rclcpp/rclcpp/node_interfaces/node_graph_interface.hpp:32\x1b[m\x1b[K,\n'}
[6.036169] (rc_interaction) StderrLine: {'line': b'                 from \x1b[01m\x1b[K/opt/ros/humble/include/rclcpp/rclcpp/client.hpp:42\x1b[m\x1b[K,\n'}
[6.036197] (rc_interaction) StderrLine: {'line': b'                 from \x1b[01m\x1b[K/opt/ros/humble/include/rclcpp/rclcpp/callback_group.hpp:24\x1b[m\x1b[K,\n'}
[6.036222] (rc_interaction) StderrLine: {'line': b'                 from \x1b[01m\x1b[K/opt/ros/humble/include/rclcpp/rclcpp/any_executable.hpp:20\x1b[m\x1b[K,\n'}
[6.036246] (rc_interaction) StderrLine: {'line': b'                 from \x1b[01m\x1b[K/opt/ros/humble/include/rclcpp/rclcpp/memory_strategy.hpp:25\x1b[m\x1b[K,\n'}
[6.036270] (rc_interaction) StderrLine: {'line': b'                 from \x1b[01m\x1b[K/opt/ros/humble/include/rclcpp/rclcpp/memory_strategies.hpp:18\x1b[m\x1b[K,\n'}
[6.036294] (rc_interaction) StderrLine: {'line': b'                 from \x1b[01m\x1b[K/opt/ros/humble/include/rclcpp/rclcpp/executor_options.hpp:20\x1b[m\x1b[K,\n'}
[6.036318] (rc_interaction) StderrLine: {'line': b'                 from \x1b[01m\x1b[K/opt/ros/humble/include/rclcpp/rclcpp/executor.hpp:37\x1b[m\x1b[K,\n'}
[6.036341] (rc_interaction) StderrLine: {'line': b'                 from \x1b[01m\x1b[K/opt/ros/humble/include/rclcpp/rclcpp/executors/multi_threaded_executor.hpp:25\x1b[m\x1b[K,\n'}
[6.036365] (rc_interaction) StderrLine: {'line': b'                 from \x1b[01m\x1b[K/opt/ros/humble/include/rclcpp/rclcpp/executors.hpp:21\x1b[m\x1b[K,\n'}
[6.036389] (rc_interaction) StderrLine: {'line': b'                 from \x1b[01m\x1b[K/opt/ros/humble/include/rclcpp/rclcpp/rclcpp.hpp:155\x1b[m\x1b[K,\n'}
[6.036413] (rc_interaction) StderrLine: {'line': b'                 from \x1b[01m\x1b[K/home/zbt/Upper-main/rc_interaction/src/model_xbox.cpp:1\x1b[m\x1b[K:\n'}
[6.036437] (rc_interaction) StderrLine: {'line': b'\x1b[01m\x1b[K/usr/include/c++/11/iomanip:238:5:\x1b[m\x1b[K \x1b[01;36m\x1b[Knote: \x1b[m\x1b[Kcandidate: \xe2\x80\x98\x1b[01m\x1b[Ktemplate<class _CharT, class _Traits> std::basic_ostream<_Ch, _Tr>& std::operator<<(std::basic_ostream<_Ch, _Tr>&, std::_Setw)\x1b[m\x1b[K\xe2\x80\x99\n'}
[6.036462] (rc_interaction) StderrLine: {'line': b'  238 |     \x1b[01;36m\x1b[Koperator\x1b[m\x1b[K<<(basic_ostream<_CharT, _Traits>& __os, _Setw __f)\n'}
[6.036487] (rc_interaction) StderrLine: {'line': b'      |     \x1b[01;36m\x1b[K^~~~~~~~\x1b[m\x1b[K\n'}
[6.036514] (rc_interaction) StderrLine: {'line': b'\x1b[01m\x1b[K/usr/include/c++/11/iomanip:238:5:\x1b[m\x1b[K \x1b[01;36m\x1b[Knote: \x1b[m\x1b[K  template argument deduction/substitution failed:\n'}
[6.036539] (rc_interaction) StderrLine: {'line': b'In file included from \x1b[01m\x1b[K/home/zbt/Upper-main/rc_interaction/src/model_xbox.cpp:4\x1b[m\x1b[K:\n'}
[6.036563] (rc_interaction) StderrLine: {'line': b'\x1b[01m\x1b[K/home/zbt/Upper-main/rc_interaction/include/rc_interaction/sbus_node.hpp:216:34:\x1b[m\x1b[K \x1b[01;36m\x1b[Knote: \x1b[m\x1b[K  cannot convert \xe2\x80\x98\x1b[01m\x1b[Kstd::end\x1b[m\x1b[K\xe2\x80\x99 (type \xe2\x80\x98\x1b[01m\x1b[K<unresolved overloaded function type>\x1b[m\x1b[K\xe2\x80\x99) to type \xe2\x80\x98\x1b[01m\x1b[Kstd::_Setw\x1b[m\x1b[K\xe2\x80\x99\n'}
[6.036589] (rc_interaction) StderrLine: {'line': b'  216 |       cout<<vel_.twist.linear.y<<\x1b[01;36m\x1b[Kend\x1b[m\x1b[K;\n'}
[6.036613] (rc_interaction) StderrLine: {'line': b'      |                                  \x1b[01;36m\x1b[K^~~\x1b[m\x1b[K\n'}
[6.036637] (rc_interaction) StderrLine: {'line': b'In file included from \x1b[01m\x1b[K/opt/ros/humble/include/rosidl_runtime_cpp/rosidl_runtime_cpp/traits.hpp:19\x1b[m\x1b[K,\n'}
[6.036661] (rc_interaction) StderrLine: {'line': b'                 from \x1b[01m\x1b[K/opt/ros/humble/include/builtin_interfaces/builtin_interfaces/msg/detail/duration__traits.hpp:15\x1b[m\x1b[K,\n'}
[6.036685] (rc_interaction) StderrLine: {'line': b'                 from \x1b[01m\x1b[K/opt/ros/humble/include/builtin_interfaces/builtin_interfaces/msg/duration.hpp:9\x1b[m\x1b[K,\n'}
[6.036708] (rc_interaction) StderrLine: {'line': b'                 from \x1b[01m\x1b[K/opt/ros/humble/include/rclcpp/rclcpp/duration.hpp:20\x1b[m\x1b[K,\n'}
[6.036734] (rc_interaction) StderrLine: {'line': b'                 from \x1b[01m\x1b[K/opt/ros/humble/include/rclcpp/rclcpp/qos.hpp:20\x1b[m\x1b[K,\n'}
[6.036758] (rc_interaction) StderrLine: {'line': b'                 from \x1b[01m\x1b[K/opt/ros/humble/include/rclcpp/rclcpp/node_interfaces/node_graph_interface.hpp:32\x1b[m\x1b[K,\n'}
[6.036784] (rc_interaction) StderrLine: {'line': b'                 from \x1b[01m\x1b[K/opt/ros/humble/include/rclcpp/rclcpp/client.hpp:42\x1b[m\x1b[K,\n'}
[6.036808] (rc_interaction) StderrLine: {'line': b'                 from \x1b[01m\x1b[K/opt/ros/humble/include/rclcpp/rclcpp/callback_group.hpp:24\x1b[m\x1b[K,\n'}
[6.036922] (rc_interaction) StderrLine: {'line': b'                 from \x1b[01m\x1b[K/opt/ros/humble/include/rclcpp/rclcpp/any_executable.hpp:20\x1b[m\x1b[K,\n'}
[6.036957] (rc_interaction) StderrLine: {'line': b'                 from \x1b[01m\x1b[K/opt/ros/humble/include/rclcpp/rclcpp/memory_strategy.hpp:25\x1b[m\x1b[K,\n'}
[6.036982] (rc_interaction) StderrLine: {'line': b'                 from \x1b[01m\x1b[K/opt/ros/humble/include/rclcpp/rclcpp/memory_strategies.hpp:18\x1b[m\x1b[K,\n'}
[6.037007] (rc_interaction) StderrLine: {'line': b'                 from \x1b[01m\x1b[K/opt/ros/humble/include/rclcpp/rclcpp/executor_options.hpp:20\x1b[m\x1b[K,\n'}
[6.037031] (rc_interaction) StderrLine: {'line': b'                 from \x1b[01m\x1b[K/opt/ros/humble/include/rclcpp/rclcpp/executor.hpp:37\x1b[m\x1b[K,\n'}
[6.039366] (rc_interaction) StderrLine: {'line': b'                 from \x1b[01m\x1b[K/opt/ros/humble/include/rclcpp/rclcpp/executors/multi_threaded_executor.hpp:25\x1b[m\x1b[K,\n'}
[6.039442] (rc_interaction) StderrLine: {'line': b'                 from \x1b[01m\x1b[K/opt/ros/humble/include/rclcpp/rclcpp/executors.hpp:21\x1b[m\x1b[K,\n'}
[6.039476] (rc_interaction) StderrLine: {'line': b'                 from \x1b[01m\x1b[K/opt/ros/humble/include/rclcpp/rclcpp/rclcpp.hpp:155\x1b[m\x1b[K,\n'}
[6.039506] (rc_interaction) StderrLine: {'line': b'                 from \x1b[01m\x1b[K/home/zbt/Upper-main/rc_interaction/src/model_xbox.cpp:1\x1b[m\x1b[K:\n'}
[6.039540] (rc_interaction) StderrLine: {'line': b'\x1b[01m\x1b[K/usr/include/c++/11/iomanip:311:5:\x1b[m\x1b[K \x1b[01;36m\x1b[Knote: \x1b[m\x1b[Kcandidate: \xe2\x80\x98\x1b[01m\x1b[Ktemplate<class _CharT, class _Traits, class _MoneyT> std::basic_ostream<_Ch, _Tr>& std::operator<<(std::basic_ostream<_Ch, _Tr>&, std::_Put_money<_MoneyT>)\x1b[m\x1b[K\xe2\x80\x99\n'}
[6.039570] (rc_interaction) StderrLine: {'line': b'  311 |     \x1b[01;36m\x1b[Koperator\x1b[m\x1b[K<<(basic_ostream<_CharT, _Traits>& __os, _Put_money<_MoneyT> __f)\n'}
[6.039611] (rc_interaction) StderrLine: {'line': b'      |     \x1b[01;36m\x1b[K^~~~~~~~\x1b[m\x1b[K\n'}
[6.039638] (rc_interaction) StderrLine: {'line': b'\x1b[01m\x1b[K/usr/include/c++/11/iomanip:311:5:\x1b[m\x1b[K \x1b[01;36m\x1b[Knote: \x1b[m\x1b[K  template argument deduction/substitution failed:\n'}
[6.039663] (rc_interaction) StderrLine: {'line': b'In file included from \x1b[01m\x1b[K/home/zbt/Upper-main/rc_interaction/src/model_xbox.cpp:4\x1b[m\x1b[K:\n'}
[6.039688] (rc_interaction) StderrLine: {'line': b'\x1b[01m\x1b[K/home/zbt/Upper-main/rc_interaction/include/rc_interaction/sbus_node.hpp:216:34:\x1b[m\x1b[K \x1b[01;36m\x1b[Knote: \x1b[m\x1b[K  couldn\xe2\x80\x99t deduce template parameter \xe2\x80\x98\x1b[01m\x1b[K_MoneyT\x1b[m\x1b[K\xe2\x80\x99\n'}
[6.039713] (rc_interaction) StderrLine: {'line': b'  216 |       cout<<vel_.twist.linear.y<<\x1b[01;36m\x1b[Kend\x1b[m\x1b[K;\n'}
[6.039738] (rc_interaction) StderrLine: {'line': b'      |                                  \x1b[01;36m\x1b[K^~~\x1b[m\x1b[K\n'}
[6.039762] (rc_interaction) StderrLine: {'line': b'In file included from \x1b[01m\x1b[K/opt/ros/humble/include/rosidl_runtime_cpp/rosidl_runtime_cpp/traits.hpp:19\x1b[m\x1b[K,\n'}
[6.039786] (rc_interaction) StderrLine: {'line': b'                 from \x1b[01m\x1b[K/opt/ros/humble/include/builtin_interfaces/builtin_interfaces/msg/detail/duration__traits.hpp:15\x1b[m\x1b[K,\n'}
[6.039810] (rc_interaction) StderrLine: {'line': b'                 from \x1b[01m\x1b[K/opt/ros/humble/include/builtin_interfaces/builtin_interfaces/msg/duration.hpp:9\x1b[m\x1b[K,\n'}
[6.039837] (rc_interaction) StderrLine: {'line': b'                 from \x1b[01m\x1b[K/opt/ros/humble/include/rclcpp/rclcpp/duration.hpp:20\x1b[m\x1b[K,\n'}
[6.039861] (rc_interaction) StderrLine: {'line': b'                 from \x1b[01m\x1b[K/opt/ros/humble/include/rclcpp/rclcpp/qos.hpp:20\x1b[m\x1b[K,\n'}
[6.039884] (rc_interaction) StderrLine: {'line': b'                 from \x1b[01m\x1b[K/opt/ros/humble/include/rclcpp/rclcpp/node_interfaces/node_graph_interface.hpp:32\x1b[m\x1b[K,\n'}
[6.039907] (rc_interaction) StderrLine: {'line': b'                 from \x1b[01m\x1b[K/opt/ros/humble/include/rclcpp/rclcpp/client.hpp:42\x1b[m\x1b[K,\n'}
[6.039931] (rc_interaction) StderrLine: {'line': b'                 from \x1b[01m\x1b[K/opt/ros/humble/include/rclcpp/rclcpp/callback_group.hpp:24\x1b[m\x1b[K,\n'}
[6.039956] (rc_interaction) StderrLine: {'line': b'                 from \x1b[01m\x1b[K/opt/ros/humble/include/rclcpp/rclcpp/any_executable.hpp:20\x1b[m\x1b[K,\n'}
[6.039979] (rc_interaction) StderrLine: {'line': b'                 from \x1b[01m\x1b[K/opt/ros/humble/include/rclcpp/rclcpp/memory_strategy.hpp:25\x1b[m\x1b[K,\n'}
[6.040003] (rc_interaction) StderrLine: {'line': b'                 from \x1b[01m\x1b[K/opt/ros/humble/include/rclcpp/rclcpp/memory_strategies.hpp:18\x1b[m\x1b[K,\n'}
[6.040027] (rc_interaction) StderrLine: {'line': b'                 from \x1b[01m\x1b[K/opt/ros/humble/include/rclcpp/rclcpp/executor_options.hpp:20\x1b[m\x1b[K,\n'}
[6.040051] (rc_interaction) StderrLine: {'line': b'                 from \x1b[01m\x1b[K/opt/ros/humble/include/rclcpp/rclcpp/executor.hpp:37\x1b[m\x1b[K,\n'}
[6.040075] (rc_interaction) StderrLine: {'line': b'                 from \x1b[01m\x1b[K/opt/ros/humble/include/rclcpp/rclcpp/executors/multi_threaded_executor.hpp:25\x1b[m\x1b[K,\n'}
[6.040101] (rc_interaction) StderrLine: {'line': b'                 from \x1b[01m\x1b[K/opt/ros/humble/include/rclcpp/rclcpp/executors.hpp:21\x1b[m\x1b[K,\n'}
[6.040142] (rc_interaction) StderrLine: {'line': b'                 from \x1b[01m\x1b[K/opt/ros/humble/include/rclcpp/rclcpp/rclcpp.hpp:155\x1b[m\x1b[K,\n'}
[6.040167] (rc_interaction) StderrLine: {'line': b'                 from \x1b[01m\x1b[K/home/zbt/Upper-main/rc_interaction/src/model_xbox.cpp:1\x1b[m\x1b[K:\n'}
[6.040190] (rc_interaction) StderrLine: {'line': b'\x1b[01m\x1b[K/usr/include/c++/11/iomanip:363:5:\x1b[m\x1b[K \x1b[01;36m\x1b[Knote: \x1b[m\x1b[Kcandidate: \xe2\x80\x98\x1b[01m\x1b[Kstd::basic_ostream<_Ch, _Tr>& std::operator<<(std::basic_ostream<_Ch, _Tr>&, std::_Put_time<_CharT>) [with _CharT = char; _Traits = std::char_traits<char>]\x1b[m\x1b[K\xe2\x80\x99\n'}
[6.040215] (rc_interaction) StderrLine: {'line': b'  363 |     \x1b[01;36m\x1b[Koperator\x1b[m\x1b[K<<(basic_ostream<_CharT, _Traits>& __os, _Put_time<_CharT> __f)\n'}
[6.040241] (rc_interaction) StderrLine: {'line': b'      |     \x1b[01;36m\x1b[K^~~~~~~~\x1b[m\x1b[K\n'}
[6.040264] (rc_interaction) StderrLine: {'line': b'\x1b[01m\x1b[K/usr/include/c++/11/iomanip:363:72:\x1b[m\x1b[K \x1b[01;36m\x1b[Knote: \x1b[m\x1b[K  no known conversion for argument 2 from \xe2\x80\x98\x1b[01m\x1b[K<unresolved overloaded function type>\x1b[m\x1b[K\xe2\x80\x99 to \xe2\x80\x98\x1b[01m\x1b[Kstd::_Put_time<char>\x1b[m\x1b[K\xe2\x80\x99\n'}
[6.040289] (rc_interaction) StderrLine: {'line': b'  363 |     operator<<(basic_ostream<_CharT, _Traits>& __os, \x1b[01;36m\x1b[K_Put_time<_CharT> __f\x1b[m\x1b[K)\n'}
[6.040313] (rc_interaction) StderrLine: {'line': b'      |                                                      \x1b[01;36m\x1b[K~~~~~~~~~~~~~~~~~~^~~\x1b[m\x1b[K\n'}
[6.040339] (rc_interaction) StderrLine: {'line': b'In file included from \x1b[01m\x1b[K/usr/include/eigen3/Eigen/Core:50\x1b[m\x1b[K,\n'}
[6.040363] (rc_interaction) StderrLine: {'line': b'                 from \x1b[01m\x1b[K/usr/include/eigen3/Eigen/Dense:1\x1b[m\x1b[K,\n'}
[6.040386] (rc_interaction) StderrLine: {'line': b'                 from \x1b[01m\x1b[K/usr/include/eigen3/Eigen/Eigen:1\x1b[m\x1b[K,\n'}
[6.040412] (rc_interaction) StderrLine: {'line': b'                 from \x1b[01m\x1b[K/opt/ros/humble/include/tf2_sensor_msgs/tf2_sensor_msgs.hpp:44\x1b[m\x1b[K,\n'}
[6.040436] (rc_interaction) StderrLine: {'line': b'                 from \x1b[01m\x1b[K/home/zbt/Upper-main/rc_interaction/include/rc_interaction/xbox360_node.hpp:31\x1b[m\x1b[K,\n'}
[6.040459] (rc_interaction) StderrLine: {'line': b'                 from \x1b[01m\x1b[K/home/zbt/Upper-main/rc_interaction/src/model_xbox.cpp:3\x1b[m\x1b[K:\n'}
[6.040482] (rc_interaction) StderrLine: {'line': b'\x1b[01m\x1b[K/usr/include/c++/11/complex:555:5:\x1b[m\x1b[K \x1b[01;36m\x1b[Knote: \x1b[m\x1b[Kcandidate: \xe2\x80\x98\x1b[01m\x1b[Ktemplate<class _Tp, class _CharT, class _Traits> std::basic_ostream<_CharT, _Traits>& std::operator<<(std::basic_ostream<_CharT, _Traits>&, const std::complex<_Tp>&)\x1b[m\x1b[K\xe2\x80\x99\n'}
[6.040508] (rc_interaction) StderrLine: {'line': b'  555 |     \x1b[01;36m\x1b[Koperator\x1b[m\x1b[K<<(basic_ostream<_CharT, _Traits>& __os, const complex<_Tp>& __x)\n'}
[6.040532] (rc_interaction) StderrLine: {'line': b'      |     \x1b[01;36m\x1b[K^~~~~~~~\x1b[m\x1b[K\n'}
[6.040555] (rc_interaction) StderrLine: {'line': b'\x1b[01m\x1b[K/usr/include/c++/11/complex:555:5:\x1b[m\x1b[K \x1b[01;36m\x1b[Knote: \x1b[m\x1b[K  template argument deduction/substitution failed:\n'}
[6.040580] (rc_interaction) StderrLine: {'line': b'In file included from \x1b[01m\x1b[K/home/zbt/Upper-main/rc_interaction/src/model_xbox.cpp:4\x1b[m\x1b[K:\n'}
[6.040603] (rc_interaction) StderrLine: {'line': b'\x1b[01m\x1b[K/home/zbt/Upper-main/rc_interaction/include/rc_interaction/sbus_node.hpp:216:34:\x1b[m\x1b[K \x1b[01;36m\x1b[Knote: \x1b[m\x1b[K  couldn\xe2\x80\x99t deduce template parameter \xe2\x80\x98\x1b[01m\x1b[K_Tp\x1b[m\x1b[K\xe2\x80\x99\n'}
[6.040632] (rc_interaction) StderrLine: {'line': b'  216 |       cout<<vel_.twist.linear.y<<\x1b[01;36m\x1b[Kend\x1b[m\x1b[K;\n'}
[6.040655] (rc_interaction) StderrLine: {'line': b'      |                                  \x1b[01;36m\x1b[K^~~\x1b[m\x1b[K\n'}
[6.040679] (rc_interaction) StderrLine: {'line': b'In file included from \x1b[01m\x1b[K/usr/include/eigen3/Eigen/Core:81\x1b[m\x1b[K,\n'}
[6.040703] (rc_interaction) StderrLine: {'line': b'                 from \x1b[01m\x1b[K/usr/include/eigen3/Eigen/Dense:1\x1b[m\x1b[K,\n'}
[6.040726] (rc_interaction) StderrLine: {'line': b'                 from \x1b[01m\x1b[K/usr/include/eigen3/Eigen/Eigen:1\x1b[m\x1b[K,\n'}
[6.040749] (rc_interaction) StderrLine: {'line': b'                 from \x1b[01m\x1b[K/opt/ros/humble/include/tf2_sensor_msgs/tf2_sensor_msgs.hpp:44\x1b[m\x1b[K,\n'}
[6.040773] (rc_interaction) StderrLine: {'line': b'                 from \x1b[01m\x1b[K/home/zbt/Upper-main/rc_interaction/include/rc_interaction/xbox360_node.hpp:31\x1b[m\x1b[K,\n'}
[6.040796] (rc_interaction) StderrLine: {'line': b'                 from \x1b[01m\x1b[K/home/zbt/Upper-main/rc_interaction/src/model_xbox.cpp:3\x1b[m\x1b[K:\n'}
[6.040819] (rc_interaction) StderrLine: {'line': b'\x1b[01m\x1b[K/usr/include/c++/11/cstddef:126:5:\x1b[m\x1b[K \x1b[01;36m\x1b[Knote: \x1b[m\x1b[Kcandidate: \xe2\x80\x98\x1b[01m\x1b[Ktemplate<class _IntegerType> constexpr std::__byte_op_t<_IntegerType> std::operator<<(std::byte, _IntegerType)\x1b[m\x1b[K\xe2\x80\x99\n'}
[6.040843] (rc_interaction) StderrLine: {'line': b'  126 |     \x1b[01;36m\x1b[Koperator\x1b[m\x1b[K<<(byte __b, _IntegerType __shift) noexcept\n'}
[6.040867] (rc_interaction) StderrLine: {'line': b'      |     \x1b[01;36m\x1b[K^~~~~~~~\x1b[m\x1b[K\n'}
[6.047663] (rc_interaction) StderrLine: {'line': b'\x1b[01m\x1b[K/usr/include/c++/11/cstddef:126:5:\x1b[m\x1b[K \x1b[01;36m\x1b[Knote: \x1b[m\x1b[K  template argument deduction/substitution failed:\n'}
[6.047723] (rc_interaction) StderrLine: {'line': b'In file included from \x1b[01m\x1b[K/home/zbt/Upper-main/rc_interaction/src/model_xbox.cpp:4\x1b[m\x1b[K:\n'}
[6.047755] (rc_interaction) StderrLine: {'line': b'\x1b[01m\x1b[K/home/zbt/Upper-main/rc_interaction/include/rc_interaction/sbus_node.hpp:216:34:\x1b[m\x1b[K \x1b[01;36m\x1b[Knote: \x1b[m\x1b[K  couldn\xe2\x80\x99t deduce template parameter \xe2\x80\x98\x1b[01m\x1b[K_IntegerType\x1b[m\x1b[K\xe2\x80\x99\n'}
[6.047787] (rc_interaction) StderrLine: {'line': b'  216 |       cout<<vel_.twist.linear.y<<\x1b[01;36m\x1b[Kend\x1b[m\x1b[K;\n'}
[6.047814] (rc_interaction) StderrLine: {'line': b'      |                                  \x1b[01;36m\x1b[K^~~\x1b[m\x1b[K\n'}
[6.047838] (rc_interaction) StderrLine: {'line': b'In file included from \x1b[01m\x1b[K/home/zbt/Upper-main/rc_interaction/src/model_sbus.cpp:4\x1b[m\x1b[K:\n'}
[6.047863] (rc_interaction) StderrLine: {'line': b'\x1b[01m\x1b[K/home/zbt/Upper-main/rc_interaction/include/rc_interaction/sbus_node.hpp:\x1b[m\x1b[K In lambda function:\n'}
[6.047887] (rc_interaction) StderrLine: {'line': b'\x1b[01m\x1b[K/home/zbt/Upper-main/rc_interaction/include/rc_interaction/sbus_node.hpp:215:32:\x1b[m\x1b[K \x1b[01;31m\x1b[Kerror: \x1b[m\x1b[Kno match for \xe2\x80\x98\x1b[01m\x1b[Koperator<<\x1b[m\x1b[K\xe2\x80\x99 (operand types are \xe2\x80\x98\x1b[01m\x1b[Kstd::basic_ostream<char>::__ostream_type\x1b[m\x1b[K\xe2\x80\x99 {aka \xe2\x80\x98\x1b[01m\x1b[Kstd::basic_ostream<char>\x1b[m\x1b[K\xe2\x80\x99} and \xe2\x80\x98\x1b[01m\x1b[K<unresolved overloaded function type>\x1b[m\x1b[K\xe2\x80\x99)\n'}
[6.047916] (rc_interaction) StderrLine: {'line': b'  215 |       \x1b[01;31m\x1b[Kcout<<vel_.twist.linear.x<<end\x1b[m\x1b[K;\n'}
[6.047942] (rc_interaction) StderrLine: {'line': b'      |       \x1b[01;31m\x1b[K~~~~~~~~~~~~~~~~~~~~~~~~~^~~~~\x1b[m\x1b[K\n'}
[6.047967] (rc_interaction) StderrLine: {'line': b'In file included from \x1b[01m\x1b[K/usr/include/c++/11/iostream:39\x1b[m\x1b[K,\n'}
[6.047992] (rc_interaction) StderrLine: {'line': b'                 from \x1b[01m\x1b[K/opt/ros/humble/include/rclcpp/rclcpp/executor.hpp:22\x1b[m\x1b[K,\n'}
[6.048023] (rc_interaction) StderrLine: {'line': b'                 from \x1b[01m\x1b[K/opt/ros/humble/include/rclcpp/rclcpp/executors/multi_threaded_executor.hpp:25\x1b[m\x1b[K,\n'}
[6.048053] (rc_interaction) StderrLine: {'line': b'                 from \x1b[01m\x1b[K/opt/ros/humble/include/rclcpp/rclcpp/executors.hpp:21\x1b[m\x1b[K,\n'}
[6.048080] (rc_interaction) StderrLine: {'line': b'                 from \x1b[01m\x1b[K/opt/ros/humble/include/rclcpp/rclcpp/rclcpp.hpp:155\x1b[m\x1b[K,\n'}
[6.048106] (rc_interaction) StderrLine: {'line': b'                 from \x1b[01m\x1b[K/home/zbt/Upper-main/rc_interaction/src/model_sbus.cpp:1\x1b[m\x1b[K:\n'}
[6.048132] (rc_interaction) StderrLine: {'line': b'\x1b[01m\x1b[K/usr/include/c++/11/ostream:108:7:\x1b[m\x1b[K \x1b[01;36m\x1b[Knote: \x1b[m\x1b[Kcandidate: \xe2\x80\x98\x1b[01m\x1b[Kstd::basic_ostream<_CharT, _Traits>::__ostream_type& std::basic_ostream<_CharT, _Traits>::operator<<(std::basic_ostream<_CharT, _Traits>::__ostream_type& (*)(std::basic_ostream<_CharT, _Traits>::__ostream_type&)) [with _CharT = char; _Traits = std::char_traits<char>; std::basic_ostream<_CharT, _Traits>::__ostream_type = std::basic_ostream<char>]\x1b[m\x1b[K\xe2\x80\x99\n'}
[6.048159] (rc_interaction) StderrLine: {'line': b'  108 |       \x1b[01;36m\x1b[Koperator\x1b[m\x1b[K<<(__ostream_type& (*__pf)(__ostream_type&))\n'}
[6.048183] (rc_interaction) StderrLine: {'line': b'      |       \x1b[01;36m\x1b[K^~~~~~~~\x1b[m\x1b[K\n'}
[6.048207] (rc_interaction) StderrLine: {'line': b'\x1b[01m\x1b[K/usr/include/c++/11/ostream:108:36:\x1b[m\x1b[K \x1b[01;36m\x1b[Knote: \x1b[m\x1b[K  no known conversion for argument 1 from \xe2\x80\x98\x1b[01m\x1b[K<unresolved overloaded function type>\x1b[m\x1b[K\xe2\x80\x99 to \xe2\x80\x98\x1b[01m\x1b[Kstd::basic_ostream<char>::__ostream_type& (*)(std::basic_ostream<char>::__ostream_type&)\x1b[m\x1b[K\xe2\x80\x99 {aka \xe2\x80\x98\x1b[01m\x1b[Kstd::basic_ostream<char>& (*)(std::basic_ostream<char>&)\x1b[m\x1b[K\xe2\x80\x99}\n'}
[6.048234] (rc_interaction) StderrLine: {'line': b'  108 |       operator<<(\x1b[01;36m\x1b[K__ostream_type& (*__pf)(__ostream_type&)\x1b[m\x1b[K)\n'}
[6.048261] (rc_interaction) StderrLine: {'line': b'      |                  \x1b[01;36m\x1b[K~~~~~~~~~~~~~~~~~~^~~~~~~~~~~~~~~~~~~~~~\x1b[m\x1b[K\n'}
[6.048285] (rc_interaction) StderrLine: {'line': b'\x1b[01m\x1b[K/usr/include/c++/11/ostream:117:7:\x1b[m\x1b[K \x1b[01;36m\x1b[Knote: \x1b[m\x1b[Kcandidate: \xe2\x80\x98\x1b[01m\x1b[Kstd::basic_ostream<_CharT, _Traits>::__ostream_type& std::basic_ostream<_CharT, _Traits>::operator<<(std::basic_ostream<_CharT, _Traits>::__ios_type& (*)(std::basic_ostream<_CharT, _Traits>::__ios_type&)) [with _CharT = char; _Traits = std::char_traits<char>; std::basic_ostream<_CharT, _Traits>::__ostream_type = std::basic_ostream<char>; std::basic_ostream<_CharT, _Traits>::__ios_type = std::basic_ios<char>]\x1b[m\x1b[K\xe2\x80\x99\n'}
[6.048311] (rc_interaction) StderrLine: {'line': b'  117 |       \x1b[01;36m\x1b[Koperator\x1b[m\x1b[K<<(__ios_type& (*__pf)(__ios_type&))\n'}
[6.048334] (rc_interaction) StderrLine: {'line': b'      |       \x1b[01;36m\x1b[K^~~~~~~~\x1b[m\x1b[K\n'}
[6.048358] (rc_interaction) StderrLine: {'line': b'\x1b[01m\x1b[K/usr/include/c++/11/ostream:117:32:\x1b[m\x1b[K \x1b[01;36m\x1b[Knote: \x1b[m\x1b[K  no known conversion for argument 1 from \xe2\x80\x98\x1b[01m\x1b[K<unresolved overloaded function type>\x1b[m\x1b[K\xe2\x80\x99 to \xe2\x80\x98\x1b[01m\x1b[Kstd::basic_ostream<char>::__ios_type& (*)(std::basic_ostream<char>::__ios_type&)\x1b[m\x1b[K\xe2\x80\x99 {aka \xe2\x80\x98\x1b[01m\x1b[Kstd::basic_ios<char>& (*)(std::basic_ios<char>&)\x1b[m\x1b[K\xe2\x80\x99}\n'}
[6.048382] (rc_interaction) StderrLine: {'line': b'  117 |       operator<<(\x1b[01;36m\x1b[K__ios_type& (*__pf)(__ios_type&)\x1b[m\x1b[K)\n'}
[6.048407] (rc_interaction) StderrLine: {'line': b'      |                  \x1b[01;36m\x1b[K~~~~~~~~~~~~~~^~~~~~~~~~~~~~~~~~\x1b[m\x1b[K\n'}
[6.048431] (rc_interaction) StderrLine: {'line': b'\x1b[01m\x1b[K/usr/include/c++/11/ostream:127:7:\x1b[m\x1b[K \x1b[01;36m\x1b[Knote: \x1b[m\x1b[Kcandidate: \xe2\x80\x98\x1b[01m\x1b[Kstd::basic_ostream<_CharT, _Traits>::__ostream_type& std::basic_ostream<_CharT, _Traits>::operator<<(std::ios_base& (*)(std::ios_base&)) [with _CharT = char; _Traits = std::char_traits<char>; std::basic_ostream<_CharT, _Traits>::__ostream_type = std::basic_ostream<char>]\x1b[m\x1b[K\xe2\x80\x99\n'}
[6.048462] (rc_interaction) StderrLine: {'line': b'  127 |       \x1b[01;36m\x1b[Koperator\x1b[m\x1b[K<<(ios_base& (*__pf) (ios_base&))\n'}
[6.048486] (rc_interaction) StderrLine: {'line': b'      |       \x1b[01;36m\x1b[K^~~~~~~~\x1b[m\x1b[K\n'}
[6.048510] (rc_interaction) StderrLine: {'line': b'\x1b[01m\x1b[K/usr/include/c++/11/ostream:127:30:\x1b[m\x1b[K \x1b[01;36m\x1b[Knote: \x1b[m\x1b[K  no known conversion for argument 1 from \xe2\x80\x98\x1b[01m\x1b[K<unresolved overloaded function type>\x1b[m\x1b[K\xe2\x80\x99 to \xe2\x80\x98\x1b[01m\x1b[Kstd::ios_base& (*)(std::ios_base&)\x1b[m\x1b[K\xe2\x80\x99\n'}
[6.048536] (rc_interaction) StderrLine: {'line': b'  127 |       operator<<(\x1b[01;36m\x1b[Kios_base& (*__pf) (ios_base&)\x1b[m\x1b[K)\n'}
[6.048560] (rc_interaction) StderrLine: {'line': b'      |                  \x1b[01;36m\x1b[K~~~~~~~~~~~~^~~~~~~~~~~~~~~~~\x1b[m\x1b[K\n'}
[6.048584] (rc_interaction) StderrLine: {'line': b'\x1b[01m\x1b[K/usr/include/c++/11/ostream:166:7:\x1b[m\x1b[K \x1b[01;36m\x1b[Knote: \x1b[m\x1b[Kcandidate: \xe2\x80\x98\x1b[01m\x1b[Kstd::basic_ostream<_CharT, _Traits>::__ostream_type& std::basic_ostream<_CharT, _Traits>::operator<<(long int) [with _CharT = char; _Traits = std::char_traits<char>; std::basic_ostream<_CharT, _Traits>::__ostream_type = std::basic_ostream<char>]\x1b[m\x1b[K\xe2\x80\x99\n'}
[6.048608] (rc_interaction) StderrLine: {'line': b'  166 |       \x1b[01;36m\x1b[Koperator\x1b[m\x1b[K<<(long __n)\n'}
[6.048632] (rc_interaction) StderrLine: {'line': b'      |       \x1b[01;36m\x1b[K^~~~~~~~\x1b[m\x1b[K\n'}
[6.048658] (rc_interaction) StderrLine: {'line': b'\x1b[01m\x1b[K/usr/include/c++/11/ostream:166:23:\x1b[m\x1b[K \x1b[01;36m\x1b[Knote: \x1b[m\x1b[K  no known conversion for argument 1 from \xe2\x80\x98\x1b[01m\x1b[K<unresolved overloaded function type>\x1b[m\x1b[K\xe2\x80\x99 to \xe2\x80\x98\x1b[01m\x1b[Klong int\x1b[m\x1b[K\xe2\x80\x99\n'}
[6.048687] (rc_interaction) StderrLine: {'line': b'  166 |       operator<<(\x1b[01;36m\x1b[Klong __n\x1b[m\x1b[K)\n'}
[6.048710] (rc_interaction) StderrLine: {'line': b'      |                  \x1b[01;36m\x1b[K~~~~~^~~\x1b[m\x1b[K\n'}
[6.048734] (rc_interaction) StderrLine: {'line': b'\x1b[01m\x1b[K/usr/include/c++/11/ostream:170:7:\x1b[m\x1b[K \x1b[01;36m\x1b[Knote: \x1b[m\x1b[Kcandidate: \xe2\x80\x98\x1b[01m\x1b[Kstd::basic_ostream<_CharT, _Traits>::__ostream_type& std::basic_ostream<_CharT, _Traits>::operator<<(long unsigned int) [with _CharT = char; _Traits = std::char_traits<char>; std::basic_ostream<_CharT, _Traits>::__ostream_type = std::basic_ostream<char>]\x1b[m\x1b[K\xe2\x80\x99\n'}
[6.048759] (rc_interaction) StderrLine: {'line': b'  170 |       \x1b[01;36m\x1b[Koperator\x1b[m\x1b[K<<(unsigned long __n)\n'}
[6.048783] (rc_interaction) StderrLine: {'line': b'      |       \x1b[01;36m\x1b[K^~~~~~~~\x1b[m\x1b[K\n'}
[6.048806] (rc_interaction) StderrLine: {'line': b'\x1b[01m\x1b[K/usr/include/c++/11/ostream:170:32:\x1b[m\x1b[K \x1b[01;36m\x1b[Knote: \x1b[m\x1b[K  no known conversion for argument 1 from \xe2\x80\x98\x1b[01m\x1b[K<unresolved overloaded function type>\x1b[m\x1b[K\xe2\x80\x99 to \xe2\x80\x98\x1b[01m\x1b[Klong unsigned int\x1b[m\x1b[K\xe2\x80\x99\n'}
[6.048831] (rc_interaction) StderrLine: {'line': b'  170 |       operator<<(\x1b[01;36m\x1b[Kunsigned long __n\x1b[m\x1b[K)\n'}
[6.048854] (rc_interaction) StderrLine: {'line': b'      |                  \x1b[01;36m\x1b[K~~~~~~~~~~~~~~^~~\x1b[m\x1b[K\n'}
[6.048877] (rc_interaction) StderrLine: {'line': b'\x1b[01m\x1b[K/usr/include/c++/11/ostream:174:7:\x1b[m\x1b[K \x1b[01;36m\x1b[Knote: \x1b[m\x1b[Kcandidate: \xe2\x80\x98\x1b[01m\x1b[Kstd::basic_ostream<_CharT, _Traits>::__ostream_type& std::basic_ostream<_CharT, _Traits>::operator<<(bool) [with _CharT = char; _Traits = std::char_traits<char>; std::basic_ostream<_CharT, _Traits>::__ostream_type = std::basic_ostream<char>]\x1b[m\x1b[K\xe2\x80\x99\n'}
[6.048902] (rc_interaction) StderrLine: {'line': b'  174 |       \x1b[01;36m\x1b[Koperator\x1b[m\x1b[K<<(bool __n)\n'}
[6.048927] (rc_interaction) StderrLine: {'line': b'      |       \x1b[01;36m\x1b[K^~~~~~~~\x1b[m\x1b[K\n'}
[6.048951] (rc_interaction) StderrLine: {'line': b'\x1b[01m\x1b[K/usr/include/c++/11/ostream:174:23:\x1b[m\x1b[K \x1b[01;36m\x1b[Knote: \x1b[m\x1b[K  no known conversion for argument 1 from \xe2\x80\x98\x1b[01m\x1b[K<unresolved overloaded function type>\x1b[m\x1b[K\xe2\x80\x99 to \xe2\x80\x98\x1b[01m\x1b[Kbool\x1b[m\x1b[K\xe2\x80\x99\n'}
[6.048975] (rc_interaction) StderrLine: {'line': b'  174 |       operator<<(\x1b[01;36m\x1b[Kbool __n\x1b[m\x1b[K)\n'}
[6.048998] (rc_interaction) StderrLine: {'line': b'      |                  \x1b[01;36m\x1b[K~~~~~^~~\x1b[m\x1b[K\n'}
[6.049022] (rc_interaction) StderrLine: {'line': b'In file included from \x1b[01m\x1b[K/usr/include/c++/11/ostream:829\x1b[m\x1b[K,\n'}
[6.049048] (rc_interaction) StderrLine: {'line': b'                 from \x1b[01m\x1b[K/usr/include/c++/11/iostream:39\x1b[m\x1b[K,\n'}
[6.049073] (rc_interaction) StderrLine: {'line': b'                 from \x1b[01m\x1b[K/opt/ros/humble/include/rclcpp/rclcpp/executor.hpp:22\x1b[m\x1b[K,\n'}
[6.049097] (rc_interaction) StderrLine: {'line': b'                 from \x1b[01m\x1b[K/opt/ros/humble/include/rclcpp/rclcpp/executors/multi_threaded_executor.hpp:25\x1b[m\x1b[K,\n'}
[6.049121] (rc_interaction) StderrLine: {'line': b'                 from \x1b[01m\x1b[K/opt/ros/humble/include/rclcpp/rclcpp/executors.hpp:21\x1b[m\x1b[K,\n'}
[6.049145] (rc_interaction) StderrLine: {'line': b'                 from \x1b[01m\x1b[K/opt/ros/humble/include/rclcpp/rclcpp/rclcpp.hpp:155\x1b[m\x1b[K,\n'}
[6.049169] (rc_interaction) StderrLine: {'line': b'                 from \x1b[01m\x1b[K/home/zbt/Upper-main/rc_interaction/src/model_sbus.cpp:1\x1b[m\x1b[K:\n'}
[6.049197] (rc_interaction) StderrLine: {'line': b'\x1b[01m\x1b[K/usr/include/c++/11/bits/ostream.tcc:91:5:\x1b[m\x1b[K \x1b[01;36m\x1b[Knote: \x1b[m\x1b[Kcandidate: \xe2\x80\x98\x1b[01m\x1b[Kstd::basic_ostream<_Ch, _Tr>& std::basic_ostream<_CharT, _Traits>::operator<<(short int) [with _CharT = char; _Traits = std::char_traits<char>]\x1b[m\x1b[K\xe2\x80\x99\n'}
[6.049222] (rc_interaction) StderrLine: {'line': b'   91 |     \x1b[01;36m\x1b[Kbasic_ostream<_CharT, _Traits>\x1b[m\x1b[K::\n'}
[6.049246] (rc_interaction) StderrLine: {'line': b'      |     \x1b[01;36m\x1b[K^~~~~~~~~~~~~~~~~~~~~~~~~~~~~~\x1b[m\x1b[K\n'}
[6.049269] (rc_interaction) StderrLine: {'line': b'\x1b[01m\x1b[K/usr/include/c++/11/bits/ostream.tcc:92:22:\x1b[m\x1b[K \x1b[01;36m\x1b[Knote: \x1b[m\x1b[K  no known conversion for argument 1 from \xe2\x80\x98\x1b[01m\x1b[K<unresolved overloaded function type>\x1b[m\x1b[K\xe2\x80\x99 to \xe2\x80\x98\x1b[01m\x1b[Kshort int\x1b[m\x1b[K\xe2\x80\x99\n'}
[6.049295] (rc_interaction) StderrLine: {'line': b'   92 |     operator<<(\x1b[01;36m\x1b[Kshort __n\x1b[m\x1b[K)\n'}
[6.049320] (rc_interaction) StderrLine: {'line': b'      |                \x1b[01;36m\x1b[K~~~~~~^~~\x1b[m\x1b[K\n'}
[6.049344] (rc_interaction) StderrLine: {'line': b'In file included from \x1b[01m\x1b[K/usr/include/c++/11/iostream:39\x1b[m\x1b[K,\n'}
[6.052921] (rc_interaction) StderrLine: {'line': b'                 from \x1b[01m\x1b[K/opt/ros/humble/include/rclcpp/rclcpp/executor.hpp:22\x1b[m\x1b[K,\n'}
[6.052965] (rc_interaction) StderrLine: {'line': b'                 from \x1b[01m\x1b[K/opt/ros/humble/include/rclcpp/rclcpp/executors/multi_threaded_executor.hpp:25\x1b[m\x1b[K,\n'}
[6.052997] (rc_interaction) StderrLine: {'line': b'                 from \x1b[01m\x1b[K/opt/ros/humble/include/rclcpp/rclcpp/executors.hpp:21\x1b[m\x1b[K,\n'}
[6.053024] (rc_interaction) StderrLine: {'line': b'                 from \x1b[01m\x1b[K/opt/ros/humble/include/rclcpp/rclcpp/rclcpp.hpp:155\x1b[m\x1b[K,\n'}
[6.053049] (rc_interaction) StderrLine: {'line': b'                 from \x1b[01m\x1b[K/home/zbt/Upper-main/rc_interaction/src/model_sbus.cpp:1\x1b[m\x1b[K:\n'}
[6.053075] (rc_interaction) StderrLine: {'line': b'\x1b[01m\x1b[K/usr/include/c++/11/ostream:181:7:\x1b[m\x1b[K \x1b[01;36m\x1b[Knote: \x1b[m\x1b[Kcandidate: \xe2\x80\x98\x1b[01m\x1b[Kstd::basic_ostream<_CharT, _Traits>::__ostream_type& std::basic_ostream<_CharT, _Traits>::operator<<(short unsigned int) [with _CharT = char; _Traits = std::char_traits<char>; std::basic_ostream<_CharT, _Traits>::__ostream_type = std::basic_ostream<char>]\x1b[m\x1b[K\xe2\x80\x99\n'}
[6.053108] (rc_interaction) StderrLine: {'line': b'  181 |       \x1b[01;36m\x1b[Koperator\x1b[m\x1b[K<<(unsigned short __n)\n'}
[6.053133] (rc_interaction) StderrLine: {'line': b'      |       \x1b[01;36m\x1b[K^~~~~~~~\x1b[m\x1b[K\n'}
[6.053158] (rc_interaction) StderrLine: {'line': b'\x1b[01m\x1b[K/usr/include/c++/11/ostream:181:33:\x1b[m\x1b[K \x1b[01;36m\x1b[Knote: \x1b[m\x1b[K  no known conversion for argument 1 from \xe2\x80\x98\x1b[01m\x1b[K<unresolved overloaded function type>\x1b[m\x1b[K\xe2\x80\x99 to \xe2\x80\x98\x1b[01m\x1b[Kshort unsigned int\x1b[m\x1b[K\xe2\x80\x99\n'}
[6.053186] (rc_interaction) StderrLine: {'line': b'  181 |       operator<<(\x1b[01;36m\x1b[Kunsigned short __n\x1b[m\x1b[K)\n'}
[6.053211] (rc_interaction) StderrLine: {'line': b'      |                  \x1b[01;36m\x1b[K~~~~~~~~~~~~~~~^~~\x1b[m\x1b[K\n'}
[6.053235] (rc_interaction) StderrLine: {'line': b'In file included from \x1b[01m\x1b[K/usr/include/c++/11/ostream:829\x1b[m\x1b[K,\n'}
[6.053260] (rc_interaction) StderrLine: {'line': b'                 from \x1b[01m\x1b[K/usr/include/c++/11/iostream:39\x1b[m\x1b[K,\n'}
[6.053285] (rc_interaction) StderrLine: {'line': b'                 from \x1b[01m\x1b[K/opt/ros/humble/include/rclcpp/rclcpp/executor.hpp:22\x1b[m\x1b[K,\n'}
[6.053311] (rc_interaction) StderrLine: {'line': b'                 from \x1b[01m\x1b[K/opt/ros/humble/include/rclcpp/rclcpp/executors/multi_threaded_executor.hpp:25\x1b[m\x1b[K,\n'}
[6.053337] (rc_interaction) StderrLine: {'line': b'                 from \x1b[01m\x1b[K/opt/ros/humble/include/rclcpp/rclcpp/executors.hpp:21\x1b[m\x1b[K,\n'}
[6.053366] (rc_interaction) StderrLine: {'line': b'                 from \x1b[01m\x1b[K/opt/ros/humble/include/rclcpp/rclcpp/rclcpp.hpp:155\x1b[m\x1b[K,\n'}
[6.053390] (rc_interaction) StderrLine: {'line': b'                 from \x1b[01m\x1b[K/home/zbt/Upper-main/rc_interaction/src/model_sbus.cpp:1\x1b[m\x1b[K:\n'}
[6.053415] (rc_interaction) StderrLine: {'line': b'\x1b[01m\x1b[K/usr/include/c++/11/bits/ostream.tcc:105:5:\x1b[m\x1b[K \x1b[01;36m\x1b[Knote: \x1b[m\x1b[Kcandidate: \xe2\x80\x98\x1b[01m\x1b[Kstd::basic_ostream<_Ch, _Tr>& std::basic_ostream<_CharT, _Traits>::operator<<(int) [with _CharT = char; _Traits = std::char_traits<char>]\x1b[m\x1b[K\xe2\x80\x99\n'}
[6.053464] (rc_interaction) StderrLine: {'line': b'  105 |     \x1b[01;36m\x1b[Kbasic_ostream<_CharT, _Traits>\x1b[m\x1b[K::\n'}
[6.053490] (rc_interaction) StderrLine: {'line': b'      |     \x1b[01;36m\x1b[K^~~~~~~~~~~~~~~~~~~~~~~~~~~~~~\x1b[m\x1b[K\n'}
[6.053578] (rc_interaction) StderrLine: {'line': b'\x1b[01m\x1b[K/usr/include/c++/11/bits/ostream.tcc:106:20:\x1b[m\x1b[K \x1b[01;36m\x1b[Knote: \x1b[m\x1b[K  no known conversion for argument 1 from \xe2\x80\x98\x1b[01m\x1b[K<unresolved overloaded function type>\x1b[m\x1b[K\xe2\x80\x99 to \xe2\x80\x98\x1b[01m\x1b[Kint\x1b[m\x1b[K\xe2\x80\x99\n'}
[6.053619] (rc_interaction) StderrLine: {'line': b'  106 |     operator<<(\x1b[01;36m\x1b[Kint __n\x1b[m\x1b[K)\n'}
[6.053647] (rc_interaction) StderrLine: {'line': b'      |                \x1b[01;36m\x1b[K~~~~^~~\x1b[m\x1b[K\n'}
[6.053675] (rc_interaction) StderrLine: {'line': b'In file included from \x1b[01m\x1b[K/usr/include/c++/11/iostream:39\x1b[m\x1b[K,\n'}
[6.053699] (rc_interaction) StderrLine: {'line': b'                 from \x1b[01m\x1b[K/opt/ros/humble/include/rclcpp/rclcpp/executor.hpp:22\x1b[m\x1b[K,\n'}
[6.053725] (rc_interaction) StderrLine: {'line': b'                 from \x1b[01m\x1b[K/opt/ros/humble/include/rclcpp/rclcpp/executors/multi_threaded_executor.hpp:25\x1b[m\x1b[K,\n'}
[6.053750] (rc_interaction) StderrLine: {'line': b'                 from \x1b[01m\x1b[K/opt/ros/humble/include/rclcpp/rclcpp/executors.hpp:21\x1b[m\x1b[K,\n'}
[6.053774] (rc_interaction) StderrLine: {'line': b'                 from \x1b[01m\x1b[K/opt/ros/humble/include/rclcpp/rclcpp/rclcpp.hpp:155\x1b[m\x1b[K,\n'}
[6.053797] (rc_interaction) StderrLine: {'line': b'                 from \x1b[01m\x1b[K/home/zbt/Upper-main/rc_interaction/src/model_sbus.cpp:1\x1b[m\x1b[K:\n'}
[6.053822] (rc_interaction) StderrLine: {'line': b'\x1b[01m\x1b[K/usr/include/c++/11/ostream:192:7:\x1b[m\x1b[K \x1b[01;36m\x1b[Knote: \x1b[m\x1b[Kcandidate: \xe2\x80\x98\x1b[01m\x1b[Kstd::basic_ostream<_CharT, _Traits>::__ostream_type& std::basic_ostream<_CharT, _Traits>::operator<<(unsigned int) [with _CharT = char; _Traits = std::char_traits<char>; std::basic_ostream<_CharT, _Traits>::__ostream_type = std::basic_ostream<char>]\x1b[m\x1b[K\xe2\x80\x99\n'}
[6.053848] (rc_interaction) StderrLine: {'line': b'  192 |       \x1b[01;36m\x1b[Koperator\x1b[m\x1b[K<<(unsigned int __n)\n'}
[6.053872] (rc_interaction) StderrLine: {'line': b'      |       \x1b[01;36m\x1b[K^~~~~~~~\x1b[m\x1b[K\n'}
[6.053896] (rc_interaction) StderrLine: {'line': b'\x1b[01m\x1b[K/usr/include/c++/11/ostream:192:31:\x1b[m\x1b[K \x1b[01;36m\x1b[Knote: \x1b[m\x1b[K  no known conversion for argument 1 from \xe2\x80\x98\x1b[01m\x1b[K<unresolved overloaded function type>\x1b[m\x1b[K\xe2\x80\x99 to \xe2\x80\x98\x1b[01m\x1b[Kunsigned int\x1b[m\x1b[K\xe2\x80\x99\n'}
[6.053921] (rc_interaction) StderrLine: {'line': b'  192 |       operator<<(\x1b[01;36m\x1b[Kunsigned int __n\x1b[m\x1b[K)\n'}
[6.053948] (rc_interaction) StderrLine: {'line': b'      |                  \x1b[01;36m\x1b[K~~~~~~~~~~~~~^~~\x1b[m\x1b[K\n'}
[6.056089] (rc_interaction) StderrLine: {'line': b'\x1b[01m\x1b[K/usr/include/c++/11/ostream:201:7:\x1b[m\x1b[K \x1b[01;36m\x1b[Knote: \x1b[m\x1b[Kcandidate: \xe2\x80\x98\x1b[01m\x1b[Kstd::basic_ostream<_CharT, _Traits>::__ostream_type& std::basic_ostream<_CharT, _Traits>::operator<<(long long int) [with _CharT = char; _Traits = std::char_traits<char>; std::basic_ostream<_CharT, _Traits>::__ostream_type = std::basic_ostream<char>]\x1b[m\x1b[K\xe2\x80\x99\n'}
[6.056137] (rc_interaction) StderrLine: {'line': b'  201 |       \x1b[01;36m\x1b[Koperator\x1b[m\x1b[K<<(long long __n)\n'}
[6.056166] (rc_interaction) StderrLine: {'line': b'      |       \x1b[01;36m\x1b[K^~~~~~~~\x1b[m\x1b[K\n'}
[6.056195] (rc_interaction) StderrLine: {'line': b'\x1b[01m\x1b[K/usr/include/c++/11/ostream:201:28:\x1b[m\x1b[K \x1b[01;36m\x1b[Knote: \x1b[m\x1b[K  no known conversion for argument 1 from \xe2\x80\x98\x1b[01m\x1b[K<unresolved overloaded function type>\x1b[m\x1b[K\xe2\x80\x99 to \xe2\x80\x98\x1b[01m\x1b[Klong long int\x1b[m\x1b[K\xe2\x80\x99\n'}
[6.056223] (rc_interaction) StderrLine: {'line': b'  201 |       operator<<(\x1b[01;36m\x1b[Klong long __n\x1b[m\x1b[K)\n'}
[6.056249] (rc_interaction) StderrLine: {'line': b'      |                  \x1b[01;36m\x1b[K~~~~~~~~~~^~~\x1b[m\x1b[K\n'}
[6.056274] (rc_interaction) StderrLine: {'line': b'\x1b[01m\x1b[K/usr/include/c++/11/ostream:205:7:\x1b[m\x1b[K \x1b[01;36m\x1b[Knote: \x1b[m\x1b[Kcandidate: \xe2\x80\x98\x1b[01m\x1b[Kstd::basic_ostream<_CharT, _Traits>::__ostream_type& std::basic_ostream<_CharT, _Traits>::operator<<(long long unsigned int) [with _CharT = char; _Traits = std::char_traits<char>; std::basic_ostream<_CharT, _Traits>::__ostream_type = std::basic_ostream<char>]\x1b[m\x1b[K\xe2\x80\x99\n'}
[6.056302] (rc_interaction) StderrLine: {'line': b'  205 |       \x1b[01;36m\x1b[Koperator\x1b[m\x1b[K<<(unsigned long long __n)\n'}
[6.056326] (rc_interaction) StderrLine: {'line': b'      |       \x1b[01;36m\x1b[K^~~~~~~~\x1b[m\x1b[K\n'}
[6.056351] (rc_interaction) StderrLine: {'line': b'\x1b[01m\x1b[K/usr/include/c++/11/ostream:205:37:\x1b[m\x1b[K \x1b[01;36m\x1b[Knote: \x1b[m\x1b[K  no known conversion for argument 1 from \xe2\x80\x98\x1b[01m\x1b[K<unresolved overloaded function type>\x1b[m\x1b[K\xe2\x80\x99 to \xe2\x80\x98\x1b[01m\x1b[Klong long unsigned int\x1b[m\x1b[K\xe2\x80\x99\n'}
[6.056376] (rc_interaction) StderrLine: {'line': b'  205 |       operator<<(\x1b[01;36m\x1b[Kunsigned long long __n\x1b[m\x1b[K)\n'}
[6.056400] (rc_interaction) StderrLine: {'line': b'      |                  \x1b[01;36m\x1b[K~~~~~~~~~~~~~~~~~~~^~~\x1b[m\x1b[K\n'}
[6.056426] (rc_interaction) StderrLine: {'line': b'\x1b[01m\x1b[K/usr/include/c++/11/ostream:220:7:\x1b[m\x1b[K \x1b[01;36m\x1b[Knote: \x1b[m\x1b[Kcandidate: \xe2\x80\x98\x1b[01m\x1b[Kstd::basic_ostream<_CharT, _Traits>::__ostream_type& std::basic_ostream<_CharT, _Traits>::operator<<(double) [with _CharT = char; _Traits = std::char_traits<char>; std::basic_ostream<_CharT, _Traits>::__ostream_type = std::basic_ostream<char>]\x1b[m\x1b[K\xe2\x80\x99\n'}
[6.056452] (rc_interaction) StderrLine: {'line': b'  220 |       \x1b[01;36m\x1b[Koperator\x1b[m\x1b[K<<(double __f)\n'}
[6.056475] (rc_interaction) StderrLine: {'line': b'      |       \x1b[01;36m\x1b[K^~~~~~~~\x1b[m\x1b[K\n'}
[6.056500] (rc_interaction) StderrLine: {'line': b'\x1b[01m\x1b[K/usr/include/c++/11/ostream:220:25:\x1b[m\x1b[K \x1b[01;36m\x1b[Knote: \x1b[m\x1b[K  no known conversion for argument 1 from \xe2\x80\x98\x1b[01m\x1b[K<unresolved overloaded function type>\x1b[m\x1b[K\xe2\x80\x99 to \xe2\x80\x98\x1b[01m\x1b[Kdouble\x1b[m\x1b[K\xe2\x80\x99\n'}
[6.056524] (rc_interaction) StderrLine: {'line': b'  220 |       operator<<(\x1b[01;36m\x1b[Kdouble __f\x1b[m\x1b[K)\n'}
[6.056548] (rc_interaction) StderrLine: {'line': b'      |                  \x1b[01;36m\x1b[K~~~~~~~^~~\x1b[m\x1b[K\n'}
[6.056572] (rc_interaction) StderrLine: {'line': b'\x1b[01m\x1b[K/usr/include/c++/11/ostream:224:7:\x1b[m\x1b[K \x1b[01;36m\x1b[Knote: \x1b[m\x1b[Kcandidate: \xe2\x80\x98\x1b[01m\x1b[Kstd::basic_ostream<_CharT, _Traits>::__ostream_type& std::basic_ostream<_CharT, _Traits>::operator<<(float) [with _CharT = char; _Traits = std::char_traits<char>; std::basic_ostream<_CharT, _Traits>::__ostream_type = std::basic_ostream<char>]\x1b[m\x1b[K\xe2\x80\x99\n'}
[6.056604] (rc_interaction) StderrLine: {'line': b'  224 |       \x1b[01;36m\x1b[Koperator\x1b[m\x1b[K<<(float __f)\n'}
[6.056628] (rc_interaction) StderrLine: {'line': b'      |       \x1b[01;36m\x1b[K^~~~~~~~\x1b[m\x1b[K\n'}
[6.056652] (rc_interaction) StderrLine: {'line': b'\x1b[01m\x1b[K/usr/include/c++/11/ostream:224:24:\x1b[m\x1b[K \x1b[01;36m\x1b[Knote: \x1b[m\x1b[K  no known conversion for argument 1 from \xe2\x80\x98\x1b[01m\x1b[K<unresolved overloaded function type>\x1b[m\x1b[K\xe2\x80\x99 to \xe2\x80\x98\x1b[01m\x1b[Kfloat\x1b[m\x1b[K\xe2\x80\x99\n'}
[6.056676] (rc_interaction) StderrLine: {'line': b'  224 |       operator<<(\x1b[01;36m\x1b[Kfloat __f\x1b[m\x1b[K)\n'}
[6.056700] (rc_interaction) StderrLine: {'line': b'      |                  \x1b[01;36m\x1b[K~~~~~~^~~\x1b[m\x1b[K\n'}
[6.056723] (rc_interaction) StderrLine: {'line': b'\x1b[01m\x1b[K/usr/include/c++/11/ostream:232:7:\x1b[m\x1b[K \x1b[01;36m\x1b[Knote: \x1b[m\x1b[Kcandidate: \xe2\x80\x98\x1b[01m\x1b[Kstd::basic_ostream<_CharT, _Traits>::__ostream_type& std::basic_ostream<_CharT, _Traits>::operator<<(long double) [with _CharT = char; _Traits = std::char_traits<char>; std::basic_ostream<_CharT, _Traits>::__ostream_type = std::basic_ostream<char>]\x1b[m\x1b[K\xe2\x80\x99\n'}
[6.056749] (rc_interaction) StderrLine: {'line': b'  232 |       \x1b[01;36m\x1b[Koperator\x1b[m\x1b[K<<(long double __f)\n'}
[6.056772] (rc_interaction) StderrLine: {'line': b'      |       \x1b[01;36m\x1b[K^~~~~~~~\x1b[m\x1b[K\n'}
[6.056796] (rc_interaction) StderrLine: {'line': b'\x1b[01m\x1b[K/usr/include/c++/11/ostream:232:30:\x1b[m\x1b[K \x1b[01;36m\x1b[Knote: \x1b[m\x1b[K  no known conversion for argument 1 from \xe2\x80\x98\x1b[01m\x1b[K<unresolved overloaded function type>\x1b[m\x1b[K\xe2\x80\x99 to \xe2\x80\x98\x1b[01m\x1b[Klong double\x1b[m\x1b[K\xe2\x80\x99\n'}
[6.056821] (rc_interaction) StderrLine: {'line': b'  232 |       operator<<(\x1b[01;36m\x1b[Klong double __f\x1b[m\x1b[K)\n'}
[6.056844] (rc_interaction) StderrLine: {'line': b'      |                  \x1b[01;36m\x1b[K~~~~~~~~~~~~^~~\x1b[m\x1b[K\n'}
[6.060948] (rc_interaction) StderrLine: {'line': b'\x1b[01m\x1b[K/usr/include/c++/11/ostream:245:7:\x1b[m\x1b[K \x1b[01;36m\x1b[Knote: \x1b[m\x1b[Kcandidate: \xe2\x80\x98\x1b[01m\x1b[Kstd::basic_ostream<_CharT, _Traits>::__ostream_type& std::basic_ostream<_CharT, _Traits>::operator<<(const void*) [with _CharT = char; _Traits = std::char_traits<char>; std::basic_ostream<_CharT, _Traits>::__ostream_type = std::basic_ostream<char>]\x1b[m\x1b[K\xe2\x80\x99\n'}
[6.060996] (rc_interaction) StderrLine: {'line': b'  245 |       \x1b[01;36m\x1b[Koperator\x1b[m\x1b[K<<(const void* __p)\n'}
[6.061030] (rc_interaction) StderrLine: {'line': b'      |       \x1b[01;36m\x1b[K^~~~~~~~\x1b[m\x1b[K\n'}
[6.061058] (rc_interaction) StderrLine: {'line': b'\x1b[01m\x1b[K/usr/include/c++/11/ostream:245:30:\x1b[m\x1b[K \x1b[01;36m\x1b[Knote: \x1b[m\x1b[K  no known conversion for argument 1 from \xe2\x80\x98\x1b[01m\x1b[K<unresolved overloaded function type>\x1b[m\x1b[K\xe2\x80\x99 to \xe2\x80\x98\x1b[01m\x1b[Kconst void*\x1b[m\x1b[K\xe2\x80\x99\n'}
[6.061085] (rc_interaction) StderrLine: {'line': b'  245 |       operator<<(\x1b[01;36m\x1b[Kconst void* __p\x1b[m\x1b[K)\n'}
[6.061110] (rc_interaction) StderrLine: {'line': b'      |                  \x1b[01;36m\x1b[K~~~~~~~~~~~~^~~\x1b[m\x1b[K\n'}
[6.061136] (rc_interaction) StderrLine: {'line': b'\x1b[01m\x1b[K/usr/include/c++/11/ostream:250:7:\x1b[m\x1b[K \x1b[01;36m\x1b[Knote: \x1b[m\x1b[Kcandidate: \xe2\x80\x98\x1b[01m\x1b[Kstd::basic_ostream<_CharT, _Traits>::__ostream_type& std::basic_ostream<_CharT, _Traits>::operator<<(std::nullptr_t) [with _CharT = char; _Traits = std::char_traits<char>; std::basic_ostream<_CharT, _Traits>::__ostream_type = std::basic_ostream<char>; std::nullptr_t = std::nullptr_t]\x1b[m\x1b[K\xe2\x80\x99\n'}
[6.061163] (rc_interaction) StderrLine: {'line': b'  250 |       \x1b[01;36m\x1b[Koperator\x1b[m\x1b[K<<(nullptr_t)\n'}
[6.061187] (rc_interaction) StderrLine: {'line': b'      |       \x1b[01;36m\x1b[K^~~~~~~~\x1b[m\x1b[K\n'}
[6.061214] (rc_interaction) StderrLine: {'line': b'\x1b[01m\x1b[K/usr/include/c++/11/ostream:250:18:\x1b[m\x1b[K \x1b[01;36m\x1b[Knote: \x1b[m\x1b[K  no known conversion for argument 1 from \xe2\x80\x98\x1b[01m\x1b[K<unresolved overloaded function type>\x1b[m\x1b[K\xe2\x80\x99 to \xe2\x80\x98\x1b[01m\x1b[Kstd::nullptr_t\x1b[m\x1b[K\xe2\x80\x99\n'}
[6.061240] (rc_interaction) StderrLine: {'line': b'  250 |       operator<<(\x1b[01;36m\x1b[Knullptr_t\x1b[m\x1b[K)\n'}
[6.061264] (rc_interaction) StderrLine: {'line': b'      |                  \x1b[01;36m\x1b[K^~~~~~~~~\x1b[m\x1b[K\n'}
[6.061288] (rc_interaction) StderrLine: {'line': b'In file included from \x1b[01m\x1b[K/usr/include/c++/11/ostream:829\x1b[m\x1b[K,\n'}
[6.061312] (rc_interaction) StderrLine: {'line': b'                 from \x1b[01m\x1b[K/usr/include/c++/11/iostream:39\x1b[m\x1b[K,\n'}
[6.061336] (rc_interaction) StderrLine: {'line': b'                 from \x1b[01m\x1b[K/opt/ros/humble/include/rclcpp/rclcpp/executor.hpp:22\x1b[m\x1b[K,\n'}
[6.061360] (rc_interaction) StderrLine: {'line': b'                 from \x1b[01m\x1b[K/opt/ros/humble/include/rclcpp/rclcpp/executors/multi_threaded_executor.hpp:25\x1b[m\x1b[K,\n'}
[6.061384] (rc_interaction) StderrLine: {'line': b'                 from \x1b[01m\x1b[K/opt/ros/humble/include/rclcpp/rclcpp/executors.hpp:21\x1b[m\x1b[K,\n'}
[6.061407] (rc_interaction) StderrLine: {'line': b'                 from \x1b[01m\x1b[K/opt/ros/humble/include/rclcpp/rclcpp/rclcpp.hpp:155\x1b[m\x1b[K,\n'}
[6.061432] (rc_interaction) StderrLine: {'line': b'                 from \x1b[01m\x1b[K/home/zbt/Upper-main/rc_interaction/src/model_sbus.cpp:1\x1b[m\x1b[K:\n'}
[6.061456] (rc_interaction) StderrLine: {'line': b'\x1b[01m\x1b[K/usr/include/c++/11/bits/ostream.tcc:119:5:\x1b[m\x1b[K \x1b[01;36m\x1b[Knote: \x1b[m\x1b[Kcandidate: \xe2\x80\x98\x1b[01m\x1b[Kstd::basic_ostream<_Ch, _Tr>& std::basic_ostream<_CharT, _Traits>::operator<<(std::basic_ostream<_CharT, _Traits>::__streambuf_type*) [with _CharT = char; _Traits = std::char_traits<char>; std::basic_ostream<_CharT, _Traits>::__streambuf_type = std::basic_streambuf<char>]\x1b[m\x1b[K\xe2\x80\x99\n'}
[6.061486] (rc_interaction) StderrLine: {'line': b'  119 |     \x1b[01;36m\x1b[Kbasic_ostream<_CharT, _Traits>\x1b[m\x1b[K::\n'}
[6.061510] (rc_interaction) StderrLine: {'line': b'      |     \x1b[01;36m\x1b[K^~~~~~~~~~~~~~~~~~~~~~~~~~~~~~\x1b[m\x1b[K\n'}
[6.061535] (rc_interaction) StderrLine: {'line': b'\x1b[01m\x1b[K/usr/include/c++/11/bits/ostream.tcc:120:34:\x1b[m\x1b[K \x1b[01;36m\x1b[Knote: \x1b[m\x1b[K  no known conversion for argument 1 from \xe2\x80\x98\x1b[01m\x1b[K<unresolved overloaded function type>\x1b[m\x1b[K\xe2\x80\x99 to \xe2\x80\x98\x1b[01m\x1b[Kstd::basic_ostream<char>::__streambuf_type*\x1b[m\x1b[K\xe2\x80\x99 {aka \xe2\x80\x98\x1b[01m\x1b[Kstd::basic_streambuf<char>*\x1b[m\x1b[K\xe2\x80\x99}\n'}
[6.061560] (rc_interaction) StderrLine: {'line': b'  120 |     operator<<(\x1b[01;36m\x1b[K__streambuf_type* __sbin\x1b[m\x1b[K)\n'}
[6.061584] (rc_interaction) StderrLine: {'line': b'      |                \x1b[01;36m\x1b[K~~~~~~~~~~~~~~~~~~^~~~~~\x1b[m\x1b[K\n'}
[6.061608] (rc_interaction) StderrLine: {'line': b'In file included from \x1b[01m\x1b[K/home/zbt/Upper-main/rc_interaction/include/rc_interaction/xbox360_node.hpp:34\x1b[m\x1b[K,\n'}
[6.061632] (rc_interaction) StderrLine: {'line': b'                 from \x1b[01m\x1b[K/home/zbt/Upper-main/rc_interaction/src/model_sbus.cpp:3\x1b[m\x1b[K:\n'}
[6.061656] (rc_interaction) StderrLine: {'line': b'\x1b[01m\x1b[K/home/zbt/Upper-main/rc_interaction/include/rc_interaction/utils.hpp:6:15:\x1b[m\x1b[K \x1b[01;36m\x1b[Knote: \x1b[m\x1b[Kcandidate: \xe2\x80\x98\x1b[01m\x1b[Ktemplate<class T> std::ostream& operator<<(std::ostream&, std::vector<BufferT>&)\x1b[m\x1b[K\xe2\x80\x99\n'}
[6.061682] (rc_interaction) StderrLine: {'line': b'    6 | std::ostream &\x1b[01;36m\x1b[Koperator\x1b[m\x1b[K<<(std::ostream &os, std::vector<T> &__vec) {\n'}
[6.061710] (rc_interaction) StderrLine: {'line': b'      |               \x1b[01;36m\x1b[K^~~~~~~~\x1b[m\x1b[K\n'}
[6.061733] (rc_interaction) StderrLine: {'line': b'\x1b[01m\x1b[K/home/zbt/Upper-main/rc_interaction/include/rc_interaction/utils.hpp:6:15:\x1b[m\x1b[K \x1b[01;36m\x1b[Knote: \x1b[m\x1b[K  template argument deduction/substitution failed:\n'}
[6.061756] (rc_interaction) StderrLine: {'line': b'In file included from \x1b[01m\x1b[K/home/zbt/Upper-main/rc_interaction/src/model_sbus.cpp:4\x1b[m\x1b[K:\n'}
[6.061780] (rc_interaction) StderrLine: {'line': b'\x1b[01m\x1b[K/home/zbt/Upper-main/rc_interaction/include/rc_interaction/sbus_node.hpp:215:34:\x1b[m\x1b[K \x1b[01;36m\x1b[Knote: \x1b[m\x1b[K  couldn\xe2\x80\x99t deduce template parameter \xe2\x80\x98\x1b[01m\x1b[KT\x1b[m\x1b[K\xe2\x80\x99\n'}
[6.061804] (rc_interaction) StderrLine: {'line': b'  215 |       cout<<vel_.twist.linear.x<<\x1b[01;36m\x1b[Kend\x1b[m\x1b[K;\n'}
[6.061830] (rc_interaction) StderrLine: {'line': b'      |                                  \x1b[01;36m\x1b[K^~~\x1b[m\x1b[K\n'}
[6.061855] (rc_interaction) StderrLine: {'line': b'In file included from \x1b[01m\x1b[K/usr/include/c++/11/memory:77\x1b[m\x1b[K,\n'}
[6.061878] (rc_interaction) StderrLine: {'line': b'                 from \x1b[01m\x1b[K/opt/ros/humble/include/rclcpp/rclcpp/rclcpp.hpp:153\x1b[m\x1b[K,\n'}
[6.061904] (rc_interaction) StderrLine: {'line': b'                 from \x1b[01m\x1b[K/home/zbt/Upper-main/rc_interaction/src/model_sbus.cpp:1\x1b[m\x1b[K:\n'}
[6.061927] (rc_interaction) StderrLine: {'line': b'\x1b[01m\x1b[K/usr/include/c++/11/bits/shared_ptr.h:70:5:\x1b[m\x1b[K \x1b[01;36m\x1b[Knote: \x1b[m\x1b[Kcandidate: \xe2\x80\x98\x1b[01m\x1b[Ktemplate<class _Ch, class _Tr, class _Tp, __gnu_cxx::_Lock_policy _Lp> std::basic_ostream<_Ch, _Tr>& std::operator<<(std::basic_ostream<_Ch, _Tr>&, const std::__shared_ptr<_Tp, _Lp>&)\x1b[m\x1b[K\xe2\x80\x99\n'}
[6.061951] (rc_interaction) StderrLine: {'line': b'   70 |     \x1b[01;36m\x1b[Koperator\x1b[m\x1b[K<<(std::basic_ostream<_Ch, _Tr>& __os,\n'}
[6.061975] (rc_interaction) StderrLine: {'line': b'      |     \x1b[01;36m\x1b[K^~~~~~~~\x1b[m\x1b[K\n'}
[6.061998] (rc_interaction) StderrLine: {'line': b'\x1b[01m\x1b[K/usr/include/c++/11/bits/shared_ptr.h:70:5:\x1b[m\x1b[K \x1b[01;36m\x1b[Knote: \x1b[m\x1b[K  template argument deduction/substitution failed:\n'}
[6.062021] (rc_interaction) StderrLine: {'line': b'In file included from \x1b[01m\x1b[K/home/zbt/Upper-main/rc_interaction/src/model_sbus.cpp:4\x1b[m\x1b[K:\n'}
[6.062044] (rc_interaction) StderrLine: {'line': b'\x1b[01m\x1b[K/home/zbt/Upper-main/rc_interaction/include/rc_interaction/sbus_node.hpp:215:34:\x1b[m\x1b[K \x1b[01;36m\x1b[Knote: \x1b[m\x1b[K  couldn\xe2\x80\x99t deduce template parameter \xe2\x80\x98\x1b[01m\x1b[K_Tp\x1b[m\x1b[K\xe2\x80\x99\n'}
[6.062068] (rc_interaction) StderrLine: {'line': b'  215 |       cout<<vel_.twist.linear.x<<\x1b[01;36m\x1b[Kend\x1b[m\x1b[K;\n'}
[6.062092] (rc_interaction) StderrLine: {'line': b'      |                                  \x1b[01;36m\x1b[K^~~\x1b[m\x1b[K\n'}
[6.062117] (rc_interaction) StderrLine: {'line': b'In file included from \x1b[01m\x1b[K/usr/include/c++/11/bits/basic_string.h:48\x1b[m\x1b[K,\n'}
[6.062141] (rc_interaction) StderrLine: {'line': b'                 from \x1b[01m\x1b[K/usr/include/c++/11/string:55\x1b[m\x1b[K,\n'}
[6.062164] (rc_interaction) StderrLine: {'line': b'                 from \x1b[01m\x1b[K/usr/include/c++/11/stdexcept:39\x1b[m\x1b[K,\n'}
[6.062187] (rc_interaction) StderrLine: {'line': b'                 from \x1b[01m\x1b[K/usr/include/c++/11/system_error:41\x1b[m\x1b[K,\n'}
[6.062211] (rc_interaction) StderrLine: {'line': b'                 from \x1b[01m\x1b[K/usr/include/c++/11/mutex:42\x1b[m\x1b[K,\n'}
[6.062234] (rc_interaction) StderrLine: {'line': b'                 from \x1b[01m\x1b[K/usr/include/c++/11/future:38\x1b[m\x1b[K,\n'}
[6.062257] (rc_interaction) StderrLine: {'line': b'                 from \x1b[01m\x1b[K/opt/ros/humble/include/rclcpp/rclcpp/executors.hpp:18\x1b[m\x1b[K,\n'}
[6.062281] (rc_interaction) StderrLine: {'line': b'                 from \x1b[01m\x1b[K/opt/ros/humble/include/rclcpp/rclcpp/rclcpp.hpp:155\x1b[m\x1b[K,\n'}
[6.062307] (rc_interaction) StderrLine: {'line': b'                 from \x1b[01m\x1b[K/home/zbt/Upper-main/rc_interaction/src/model_sbus.cpp:1\x1b[m\x1b[K:\n'}
[6.062330] (rc_interaction) StderrLine: {'line': b'\x1b[01m\x1b[K/usr/include/c++/11/string_view:667:5:\x1b[m\x1b[K \x1b[01;36m\x1b[Knote: \x1b[m\x1b[Kcandidate: \xe2\x80\x98\x1b[01m\x1b[Kstd::basic_ostream<_Ch, _Tr>& std::operator<<(std::basic_ostream<_Ch, _Tr>&, std::basic_string_view<_CharT, _Traits>) [with _CharT = char; _Traits = std::char_traits<char>]\x1b[m\x1b[K\xe2\x80\x99\n'}
[6.062354] (rc_interaction) StderrLine: {'line': b'  667 |     \x1b[01;36m\x1b[Koperator\x1b[m\x1b[K<<(basic_ostream<_CharT, _Traits>& __os,\n'}
[6.062378] (rc_interaction) StderrLine: {'line': b'      |     \x1b[01;36m\x1b[K^~~~~~~~\x1b[m\x1b[K\n'}
[6.062401] (rc_interaction) StderrLine: {'line': b'\x1b[01m\x1b[K/usr/include/c++/11/string_view:668:50:\x1b[m\x1b[K \x1b[01;36m\x1b[Knote: \x1b[m\x1b[K  no known conversion for argument 2 from \xe2\x80\x98\x1b[01m\x1b[K<unresolved overloaded function type>\x1b[m\x1b[K\xe2\x80\x99 to \xe2\x80\x98\x1b[01m\x1b[Kstd::basic_string_view<char>\x1b[m\x1b[K\xe2\x80\x99\n'}
[6.062425] (rc_interaction) StderrLine: {'line': b'  668 |                \x1b[01;36m\x1b[Kbasic_string_view<_CharT,_Traits> __str\x1b[m\x1b[K)\n'}
[6.062448] (rc_interaction) StderrLine: {'line': b'      |                \x1b[01;36m\x1b[K~~~~~~~~~~~~~~~~~~~~~~~~~~~~~~~~~~^~~~~\x1b[m\x1b[K\n'}
[6.062472] (rc_interaction) StderrLine: {'line': b'In file included from \x1b[01m\x1b[K/usr/include/c++/11/string:55\x1b[m\x1b[K,\n'}
[6.062496] (rc_interaction) StderrLine: {'line': b'                 from \x1b[01m\x1b[K/usr/include/c++/11/stdexcept:39\x1b[m\x1b[K,\n'}
[6.062520] (rc_interaction) StderrLine: {'line': b'                 from \x1b[01m\x1b[K/usr/include/c++/11/system_error:41\x1b[m\x1b[K,\n'}
[6.062543] (rc_interaction) StderrLine: {'line': b'                 from \x1b[01m\x1b[K/usr/include/c++/11/mutex:42\x1b[m\x1b[K,\n'}
[6.062567] (rc_interaction) StderrLine: {'line': b'                 from \x1b[01m\x1b[K/usr/include/c++/11/future:38\x1b[m\x1b[K,\n'}
[6.062590] (rc_interaction) StderrLine: {'line': b'                 from \x1b[01m\x1b[K/opt/ros/humble/include/rclcpp/rclcpp/executors.hpp:18\x1b[m\x1b[K,\n'}
[6.062613] (rc_interaction) StderrLine: {'line': b'                 from \x1b[01m\x1b[K/opt/ros/humble/include/rclcpp/rclcpp/rclcpp.hpp:155\x1b[m\x1b[K,\n'}
[6.062637] (rc_interaction) StderrLine: {'line': b'                 from \x1b[01m\x1b[K/home/zbt/Upper-main/rc_interaction/src/model_sbus.cpp:1\x1b[m\x1b[K:\n'}
[6.062661] (rc_interaction) StderrLine: {'line': b'\x1b[01m\x1b[K/usr/include/c++/11/bits/basic_string.h:6531:5:\x1b[m\x1b[K \x1b[01;36m\x1b[Knote: \x1b[m\x1b[Kcandidate: \xe2\x80\x98\x1b[01m\x1b[Ktemplate<class _CharT, class _Traits, class _Alloc> std::basic_ostream<_Ch, _Tr>& std::operator<<(std::basic_ostream<_Ch, _Tr>&, const std::__cxx11::basic_string<_CharT, _Traits, _Allocator>&)\x1b[m\x1b[K\xe2\x80\x99\n'}
[6.062686] (rc_interaction) StderrLine: {'line': b' 6531 |     \x1b[01;36m\x1b[Koperator\x1b[m\x1b[K<<(basic_ostream<_CharT, _Traits>& __os,\n'}
[6.062710] (rc_interaction) StderrLine: {'line': b'      |     \x1b[01;36m\x1b[K^~~~~~~~\x1b[m\x1b[K\n'}
[6.062736] (rc_interaction) StderrLine: {'line': b'\x1b[01m\x1b[K/usr/include/c++/11/bits/basic_string.h:6531:5:\x1b[m\x1b[K \x1b[01;36m\x1b[Knote: \x1b[m\x1b[K  template argument deduction/substitution failed:\n'}
[6.062760] (rc_interaction) StderrLine: {'line': b'In file included from \x1b[01m\x1b[K/home/zbt/Upper-main/rc_interaction/src/model_sbus.cpp:4\x1b[m\x1b[K:\n'}
[6.062783] (rc_interaction) StderrLine: {'line': b'\x1b[01m\x1b[K/home/zbt/Upper-main/rc_interaction/include/rc_interaction/sbus_node.hpp:215:34:\x1b[m\x1b[K \x1b[01;36m\x1b[Knote: \x1b[m\x1b[K  couldn\xe2\x80\x99t deduce template parameter \xe2\x80\x98\x1b[01m\x1b[K_Alloc\x1b[m\x1b[K\xe2\x80\x99\n'}
[6.062811] (rc_interaction) StderrLine: {'line': b'  215 |       cout<<vel_.twist.linear.x<<\x1b[01;36m\x1b[Kend\x1b[m\x1b[K;\n'}
[6.062835] (rc_interaction) StderrLine: {'line': b'      |                                  \x1b[01;36m\x1b[K^~~\x1b[m\x1b[K\n'}
[6.062858] (rc_interaction) StderrLine: {'line': b'In file included from \x1b[01m\x1b[K/usr/include/c++/11/mutex:42\x1b[m\x1b[K,\n'}
[6.066988] (rc_interaction) StderrLine: {'line': b'                 from \x1b[01m\x1b[K/usr/include/c++/11/future:38\x1b[m\x1b[K,\n'}
[6.067029] (rc_interaction) StderrLine: {'line': b'                 from \x1b[01m\x1b[K/opt/ros/humble/include/rclcpp/rclcpp/executors.hpp:18\x1b[m\x1b[K,\n'}
[6.067059] (rc_interaction) StderrLine: {'line': b'                 from \x1b[01m\x1b[K/opt/ros/humble/include/rclcpp/rclcpp/rclcpp.hpp:155\x1b[m\x1b[K,\n'}
[6.067086] (rc_interaction) StderrLine: {'line': b'                 from \x1b[01m\x1b[K/home/zbt/Upper-main/rc_interaction/src/model_sbus.cpp:1\x1b[m\x1b[K:\n'}
[6.067112] (rc_interaction) StderrLine: {'line': b'\x1b[01m\x1b[K/usr/include/c++/11/system_error:279:5:\x1b[m\x1b[K \x1b[01;36m\x1b[Knote: \x1b[m\x1b[Kcandidate: \xe2\x80\x98\x1b[01m\x1b[Ktemplate<class _CharT, class _Traits> std::basic_ostream<_Ch, _Tr>& std::operator<<(std::basic_ostream<_Ch, _Tr>&, const std::error_code&)\x1b[m\x1b[K\xe2\x80\x99\n'}
[6.067138] (rc_interaction) StderrLine: {'line': b'  279 |     \x1b[01;36m\x1b[Koperator\x1b[m\x1b[K<<(basic_ostream<_CharT, _Traits>& __os, const error_code& __e)\n'}
[6.067162] (rc_interaction) StderrLine: {'line': b'      |     \x1b[01;36m\x1b[K^~~~~~~~\x1b[m\x1b[K\n'}
[6.067189] (rc_interaction) StderrLine: {'line': b'\x1b[01m\x1b[K/usr/include/c++/11/system_error:279:5:\x1b[m\x1b[K \x1b[01;36m\x1b[Knote: \x1b[m\x1b[K  template argument deduction/substitution failed:\n'}
[6.067214] (rc_interaction) StderrLine: {'line': b'In file included from \x1b[01m\x1b[K/home/zbt/Upper-main/rc_interaction/src/model_sbus.cpp:4\x1b[m\x1b[K:\n'}
[6.067238] (rc_interaction) StderrLine: {'line': b'\x1b[01m\x1b[K/home/zbt/Upper-main/rc_interaction/include/rc_interaction/sbus_node.hpp:215:34:\x1b[m\x1b[K \x1b[01;36m\x1b[Knote: \x1b[m\x1b[K  cannot convert \xe2\x80\x98\x1b[01m\x1b[Kstd::end\x1b[m\x1b[K\xe2\x80\x99 (type \xe2\x80\x98\x1b[01m\x1b[K<unresolved overloaded function type>\x1b[m\x1b[K\xe2\x80\x99) to type \xe2\x80\x98\x1b[01m\x1b[Kconst std::error_code&\x1b[m\x1b[K\xe2\x80\x99\n'}
[6.067269] (rc_interaction) StderrLine: {'line': b'  215 |       cout<<vel_.twist.linear.x<<\x1b[01;36m\x1b[Kend\x1b[m\x1b[K;\n'}
[6.067293] (rc_interaction) StderrLine: {'line': b'      |                                  \x1b[01;36m\x1b[K^~~\x1b[m\x1b[K\n'}
[6.067317] (rc_interaction) StderrLine: {'line': b'In file included from \x1b[01m\x1b[K/opt/ros/humble/include/rclcpp/rclcpp/executors/multi_threaded_executor.hpp:22\x1b[m\x1b[K,\n'}
[6.067340] (rc_interaction) StderrLine: {'line': b'                 from \x1b[01m\x1b[K/opt/ros/humble/include/rclcpp/rclcpp/executors.hpp:21\x1b[m\x1b[K,\n'}
[6.067364] (rc_interaction) StderrLine: {'line': b'                 from \x1b[01m\x1b[K/opt/ros/humble/include/rclcpp/rclcpp/rclcpp.hpp:155\x1b[m\x1b[K,\n'}
[6.067388] (rc_interaction) StderrLine: {'line': b'                 from \x1b[01m\x1b[K/home/zbt/Upper-main/rc_interaction/src/model_sbus.cpp:1\x1b[m\x1b[K:\n'}
[6.067412] (rc_interaction) StderrLine: {'line': b'\x1b[01m\x1b[K/usr/include/c++/11/thread:92:5:\x1b[m\x1b[K \x1b[01;36m\x1b[Knote: \x1b[m\x1b[Kcandidate: \xe2\x80\x98\x1b[01m\x1b[Ktemplate<class _CharT, class _Traits> std::basic_ostream<_Ch, _Tr>& std::operator<<(std::basic_ostream<_Ch, _Tr>&, std::thread::id)\x1b[m\x1b[K\xe2\x80\x99\n'}
[6.067436] (rc_interaction) StderrLine: {'line': b'   92 |     \x1b[01;36m\x1b[Koperator\x1b[m\x1b[K<<(basic_ostream<_CharT, _Traits>& __out, thread::id __id)\n'}
[6.067461] (rc_interaction) StderrLine: {'line': b'      |     \x1b[01;36m\x1b[K^~~~~~~~\x1b[m\x1b[K\n'}
[6.067485] (rc_interaction) StderrLine: {'line': b'\x1b[01m\x1b[K/usr/include/c++/11/thread:92:5:\x1b[m\x1b[K \x1b[01;36m\x1b[Knote: \x1b[m\x1b[K  template argument deduction/substitution failed:\n'}
[6.067511] (rc_interaction) StderrLine: {'line': b'In file included from \x1b[01m\x1b[K/home/zbt/Upper-main/rc_interaction/src/model_sbus.cpp:4\x1b[m\x1b[K:\n'}
[6.067536] (rc_interaction) StderrLine: {'line': b'\x1b[01m\x1b[K/home/zbt/Upper-main/rc_interaction/include/rc_interaction/sbus_node.hpp:215:34:\x1b[m\x1b[K \x1b[01;36m\x1b[Knote: \x1b[m\x1b[K  cannot convert \xe2\x80\x98\x1b[01m\x1b[Kstd::end\x1b[m\x1b[K\xe2\x80\x99 (type \xe2\x80\x98\x1b[01m\x1b[K<unresolved overloaded function type>\x1b[m\x1b[K\xe2\x80\x99) to type \xe2\x80\x98\x1b[01m\x1b[Kstd::thread::id\x1b[m\x1b[K\xe2\x80\x99\n'}
[6.067568] (rc_interaction) StderrLine: {'line': b'  215 |       cout<<vel_.twist.linear.x<<\x1b[01;36m\x1b[Kend\x1b[m\x1b[K;\n'}
[6.067593] (rc_interaction) StderrLine: {'line': b'      |                                  \x1b[01;36m\x1b[K^~~\x1b[m\x1b[K\n'}
[6.067617] (rc_interaction) StderrLine: {'line': b'In file included from \x1b[01m\x1b[K/usr/include/c++/11/iostream:39\x1b[m\x1b[K,\n'}
[6.067641] (rc_interaction) StderrLine: {'line': b'                 from \x1b[01m\x1b[K/opt/ros/humble/include/rclcpp/rclcpp/executor.hpp:22\x1b[m\x1b[K,\n'}
[6.067668] (rc_interaction) StderrLine: {'line': b'                 from \x1b[01m\x1b[K/opt/ros/humble/include/rclcpp/rclcpp/executors/multi_threaded_executor.hpp:25\x1b[m\x1b[K,\n'}
[6.067692] (rc_interaction) StderrLine: {'line': b'                 from \x1b[01m\x1b[K/opt/ros/humble/include/rclcpp/rclcpp/executors.hpp:21\x1b[m\x1b[K,\n'}
[6.067715] (rc_interaction) StderrLine: {'line': b'                 from \x1b[01m\x1b[K/opt/ros/humble/include/rclcpp/rclcpp/rclcpp.hpp:155\x1b[m\x1b[K,\n'}
[6.067741] (rc_interaction) StderrLine: {'line': b'                 from \x1b[01m\x1b[K/home/zbt/Upper-main/rc_interaction/src/model_sbus.cpp:1\x1b[m\x1b[K:\n'}
[6.067765] (rc_interaction) StderrLine: {'line': b'\x1b[01m\x1b[K/usr/include/c++/11/ostream:513:5:\x1b[m\x1b[K \x1b[01;36m\x1b[Knote: \x1b[m\x1b[Kcandidate: \xe2\x80\x98\x1b[01m\x1b[Kstd::basic_ostream<_Ch, _Tr>& std::operator<<(std::basic_ostream<_Ch, _Tr>&, _CharT) [with _CharT = char; _Traits = std::char_traits<char>]\x1b[m\x1b[K\xe2\x80\x99\n'}
[6.067789] (rc_interaction) StderrLine: {'line': b'  513 |     \x1b[01;36m\x1b[Koperator\x1b[m\x1b[K<<(basic_ostream<_CharT, _Traits>& __out, _CharT __c)\n'}
[6.067812] (rc_interaction) StderrLine: {'line': b'      |     \x1b[01;36m\x1b[K^~~~~~~~\x1b[m\x1b[K\n'}
[6.067836] (rc_interaction) StderrLine: {'line': b'\x1b[01m\x1b[K/usr/include/c++/11/ostream:513:62:\x1b[m\x1b[K \x1b[01;36m\x1b[Knote: \x1b[m\x1b[K  no known conversion for argument 2 from \xe2\x80\x98\x1b[01m\x1b[K<unresolved overloaded function type>\x1b[m\x1b[K\xe2\x80\x99 to \xe2\x80\x98\x1b[01m\x1b[Kchar\x1b[m\x1b[K\xe2\x80\x99\n'}
[6.067863] (rc_interaction) StderrLine: {'line': b'  513 |     operator<<(basic_ostream<_CharT, _Traits>& __out, \x1b[01;36m\x1b[K_CharT __c\x1b[m\x1b[K)\n'}
[6.067887] (rc_interaction) StderrLine: {'line': b'      |                                                       \x1b[01;36m\x1b[K~~~~~~~^~~\x1b[m\x1b[K\n'}
[6.067910] (rc_interaction) StderrLine: {'line': b'\x1b[01m\x1b[K/usr/include/c++/11/ostream:518:5:\x1b[m\x1b[K \x1b[01;36m\x1b[Knote: \x1b[m\x1b[Kcandidate: \xe2\x80\x98\x1b[01m\x1b[Ktemplate<class _CharT, class _Traits> std::basic_ostream<_Ch, _Tr>& std::operator<<(std::basic_ostream<_Ch, _Tr>&, char)\x1b[m\x1b[K\xe2\x80\x99\n'}
[6.067936] (rc_interaction) StderrLine: {'line': b'  518 |     \x1b[01;36m\x1b[Koperator\x1b[m\x1b[K<<(basic_ostream<_CharT, _Traits>& __out, char __c)\n'}
[6.067960] (rc_interaction) StderrLine: {'line': b'      |     \x1b[01;36m\x1b[K^~~~~~~~\x1b[m\x1b[K\n'}
[6.067985] (rc_interaction) StderrLine: {'line': b'\x1b[01m\x1b[K/usr/include/c++/11/ostream:518:5:\x1b[m\x1b[K \x1b[01;36m\x1b[Knote: \x1b[m\x1b[K  template argument deduction/substitution failed:\n'}
[6.068012] (rc_interaction) StderrLine: {'line': b'In file included from \x1b[01m\x1b[K/home/zbt/Upper-main/rc_interaction/src/model_sbus.cpp:4\x1b[m\x1b[K:\n'}
[6.068038] (rc_interaction) StderrLine: {'line': b'\x1b[01m\x1b[K/home/zbt/Upper-main/rc_interaction/include/rc_interaction/sbus_node.hpp:215:34:\x1b[m\x1b[K \x1b[01;36m\x1b[Knote: \x1b[m\x1b[K  cannot convert \xe2\x80\x98\x1b[01m\x1b[Kstd::end\x1b[m\x1b[K\xe2\x80\x99 (type \xe2\x80\x98\x1b[01m\x1b[K<unresolved overloaded function type>\x1b[m\x1b[K\xe2\x80\x99) to type \xe2\x80\x98\x1b[01m\x1b[Kchar\x1b[m\x1b[K\xe2\x80\x99\n'}
[6.068063] (rc_interaction) StderrLine: {'line': b'  215 |       cout<<vel_.twist.linear.x<<\x1b[01;36m\x1b[Kend\x1b[m\x1b[K;\n'}
[6.068087] (rc_interaction) StderrLine: {'line': b'      |                                  \x1b[01;36m\x1b[K^~~\x1b[m\x1b[K\n'}
[6.068110] (rc_interaction) StderrLine: {'line': b'In file included from \x1b[01m\x1b[K/usr/include/c++/11/iostream:39\x1b[m\x1b[K,\n'}
[6.068137] (rc_interaction) StderrLine: {'line': b'                 from \x1b[01m\x1b[K/opt/ros/humble/include/rclcpp/rclcpp/executor.hpp:22\x1b[m\x1b[K,\n'}
[6.068161] (rc_interaction) StderrLine: {'line': b'                 from \x1b[01m\x1b[K/opt/ros/humble/include/rclcpp/rclcpp/executors/multi_threaded_executor.hpp:25\x1b[m\x1b[K,\n'}
[6.068185] (rc_interaction) StderrLine: {'line': b'                 from \x1b[01m\x1b[K/opt/ros/humble/include/rclcpp/rclcpp/executors.hpp:21\x1b[m\x1b[K,\n'}
[6.068208] (rc_interaction) StderrLine: {'line': b'                 from \x1b[01m\x1b[K/opt/ros/humble/include/rclcpp/rclcpp/rclcpp.hpp:155\x1b[m\x1b[K,\n'}
[6.068231] (rc_interaction) StderrLine: {'line': b'                 from \x1b[01m\x1b[K/home/zbt/Upper-main/rc_interaction/src/model_sbus.cpp:1\x1b[m\x1b[K:\n'}
[6.068255] (rc_interaction) StderrLine: {'line': b'\x1b[01m\x1b[K/usr/include/c++/11/ostream:524:5:\x1b[m\x1b[K \x1b[01;36m\x1b[Knote: \x1b[m\x1b[Kcandidate: \xe2\x80\x98\x1b[01m\x1b[Ktemplate<class _Traits> std::basic_ostream<char, _Traits>& std::operator<<(std::basic_ostream<char, _Traits>&, char)\x1b[m\x1b[K\xe2\x80\x99\n'}
[6.068279] (rc_interaction) StderrLine: {'line': b'  524 |     \x1b[01;36m\x1b[Koperator\x1b[m\x1b[K<<(basic_ostream<char, _Traits>& __out, char __c)\n'}
[6.068303] (rc_interaction) StderrLine: {'line': b'      |     \x1b[01;36m\x1b[K^~~~~~~~\x1b[m\x1b[K\n'}
[6.068326] (rc_interaction) StderrLine: {'line': b'\x1b[01m\x1b[K/usr/include/c++/11/ostream:524:5:\x1b[m\x1b[K \x1b[01;36m\x1b[Knote: \x1b[m\x1b[K  template argument deduction/substitution failed:\n'}
[6.068349] (rc_interaction) StderrLine: {'line': b'In file included from \x1b[01m\x1b[K/home/zbt/Upper-main/rc_interaction/src/model_sbus.cpp:4\x1b[m\x1b[K:\n'}
[6.068374] (rc_interaction) StderrLine: {'line': b'\x1b[01m\x1b[K/home/zbt/Upper-main/rc_interaction/include/rc_interaction/sbus_node.hpp:215:34:\x1b[m\x1b[K \x1b[01;36m\x1b[Knote: \x1b[m\x1b[K  cannot convert \xe2\x80\x98\x1b[01m\x1b[Kstd::end\x1b[m\x1b[K\xe2\x80\x99 (type \xe2\x80\x98\x1b[01m\x1b[K<unresolved overloaded function type>\x1b[m\x1b[K\xe2\x80\x99) to type \xe2\x80\x98\x1b[01m\x1b[Kchar\x1b[m\x1b[K\xe2\x80\x99\n'}
[6.068399] (rc_interaction) StderrLine: {'line': b'  215 |       cout<<vel_.twist.linear.x<<\x1b[01;36m\x1b[Kend\x1b[m\x1b[K;\n'}
[6.068422] (rc_interaction) StderrLine: {'line': b'      |                                  \x1b[01;36m\x1b[K^~~\x1b[m\x1b[K\n'}
[6.068445] (rc_interaction) StderrLine: {'line': b'In file included from \x1b[01m\x1b[K/usr/include/c++/11/iostream:39\x1b[m\x1b[K,\n'}
[6.068468] (rc_interaction) StderrLine: {'line': b'                 from \x1b[01m\x1b[K/opt/ros/humble/include/rclcpp/rclcpp/executor.hpp:22\x1b[m\x1b[K,\n'}
[6.068492] (rc_interaction) StderrLine: {'line': b'                 from \x1b[01m\x1b[K/opt/ros/humble/include/rclcpp/rclcpp/executors/multi_threaded_executor.hpp:25\x1b[m\x1b[K,\n'}
[6.068515] (rc_interaction) StderrLine: {'line': b'                 from \x1b[01m\x1b[K/opt/ros/humble/include/rclcpp/rclcpp/executors.hpp:21\x1b[m\x1b[K,\n'}
[6.068538] (rc_interaction) StderrLine: {'line': b'                 from \x1b[01m\x1b[K/opt/ros/humble/include/rclcpp/rclcpp/rclcpp.hpp:155\x1b[m\x1b[K,\n'}
[6.068566] (rc_interaction) StderrLine: {'line': b'                 from \x1b[01m\x1b[K/home/zbt/Upper-main/rc_interaction/src/model_sbus.cpp:1\x1b[m\x1b[K:\n'}
[6.068589] (rc_interaction) StderrLine: {'line': b'\x1b[01m\x1b[K/usr/include/c++/11/ostream:530:5:\x1b[m\x1b[K \x1b[01;36m\x1b[Knote: \x1b[m\x1b[Kcandidate: \xe2\x80\x98\x1b[01m\x1b[Ktemplate<class _Traits> std::basic_ostream<char, _Traits>& std::operator<<(std::basic_ostream<char, _Traits>&, signed char)\x1b[m\x1b[K\xe2\x80\x99\n'}
[6.068614] (rc_interaction) StderrLine: {'line': b'  530 |     \x1b[01;36m\x1b[Koperator\x1b[m\x1b[K<<(basic_ostream<char, _Traits>& __out, signed char __c)\n'}
[6.068637] (rc_interaction) StderrLine: {'line': b'      |     \x1b[01;36m\x1b[K^~~~~~~~\x1b[m\x1b[K\n'}
[6.068660] (rc_interaction) StderrLine: {'line': b'\x1b[01m\x1b[K/usr/include/c++/11/ostream:530:5:\x1b[m\x1b[K \x1b[01;36m\x1b[Knote: \x1b[m\x1b[K  template argument deduction/substitution failed:\n'}
[6.068684] (rc_interaction) StderrLine: {'line': b'In file included from \x1b[01m\x1b[K/home/zbt/Upper-main/rc_interaction/src/model_sbus.cpp:4\x1b[m\x1b[K:\n'}
[6.068712] (rc_interaction) StderrLine: {'line': b'\x1b[01m\x1b[K/home/zbt/Upper-main/rc_interaction/include/rc_interaction/sbus_node.hpp:215:34:\x1b[m\x1b[K \x1b[01;36m\x1b[Knote: \x1b[m\x1b[K  cannot convert \xe2\x80\x98\x1b[01m\x1b[Kstd::end\x1b[m\x1b[K\xe2\x80\x99 (type \xe2\x80\x98\x1b[01m\x1b[K<unresolved overloaded function type>\x1b[m\x1b[K\xe2\x80\x99) to type \xe2\x80\x98\x1b[01m\x1b[Ksigned char\x1b[m\x1b[K\xe2\x80\x99\n'}
[6.068736] (rc_interaction) StderrLine: {'line': b'  215 |       cout<<vel_.twist.linear.x<<\x1b[01;36m\x1b[Kend\x1b[m\x1b[K;\n'}
[6.068763] (rc_interaction) StderrLine: {'line': b'      |                                  \x1b[01;36m\x1b[K^~~\x1b[m\x1b[K\n'}
[6.068786] (rc_interaction) StderrLine: {'line': b'In file included from \x1b[01m\x1b[K/usr/include/c++/11/iostream:39\x1b[m\x1b[K,\n'}
[6.068809] (rc_interaction) StderrLine: {'line': b'                 from \x1b[01m\x1b[K/opt/ros/humble/include/rclcpp/rclcpp/executor.hpp:22\x1b[m\x1b[K,\n'}
[6.068832] (rc_interaction) StderrLine: {'line': b'                 from \x1b[01m\x1b[K/opt/ros/humble/include/rclcpp/rclcpp/executors/multi_threaded_executor.hpp:25\x1b[m\x1b[K,\n'}
[6.068855] (rc_interaction) StderrLine: {'line': b'                 from \x1b[01m\x1b[K/opt/ros/humble/include/rclcpp/rclcpp/executors.hpp:21\x1b[m\x1b[K,\n'}
[6.068878] (rc_interaction) StderrLine: {'line': b'                 from \x1b[01m\x1b[K/opt/ros/humble/include/rclcpp/rclcpp/rclcpp.hpp:155\x1b[m\x1b[K,\n'}
[6.071173] (rc_interaction) StderrLine: {'line': b'                 from \x1b[01m\x1b[K/home/zbt/Upper-main/rc_interaction/src/model_sbus.cpp:1\x1b[m\x1b[K:\n'}
[6.071222] (rc_interaction) StderrLine: {'line': b'\x1b[01m\x1b[K/usr/include/c++/11/ostream:535:5:\x1b[m\x1b[K \x1b[01;36m\x1b[Knote: \x1b[m\x1b[Kcandidate: \xe2\x80\x98\x1b[01m\x1b[Ktemplate<class _Traits> std::basic_ostream<char, _Traits>& std::operator<<(std::basic_ostream<char, _Traits>&, unsigned char)\x1b[m\x1b[K\xe2\x80\x99\n'}
[6.071253] (rc_interaction) StderrLine: {'line': b'  535 |     \x1b[01;36m\x1b[Koperator\x1b[m\x1b[K<<(basic_ostream<char, _Traits>& __out, unsigned char __c)\n'}
[6.071280] (rc_interaction) StderrLine: {'line': b'      |     \x1b[01;36m\x1b[K^~~~~~~~\x1b[m\x1b[K\n'}
[6.071309] (rc_interaction) StderrLine: {'line': b'\x1b[01m\x1b[K/usr/include/c++/11/ostream:535:5:\x1b[m\x1b[K \x1b[01;36m\x1b[Knote: \x1b[m\x1b[K  template argument deduction/substitution failed:\n'}
[6.071335] (rc_interaction) StderrLine: {'line': b'In file included from \x1b[01m\x1b[K/home/zbt/Upper-main/rc_interaction/src/model_sbus.cpp:4\x1b[m\x1b[K:\n'}
[6.071361] (rc_interaction) StderrLine: {'line': b'\x1b[01m\x1b[K/home/zbt/Upper-main/rc_interaction/include/rc_interaction/sbus_node.hpp:215:34:\x1b[m\x1b[K \x1b[01;36m\x1b[Knote: \x1b[m\x1b[K  cannot convert \xe2\x80\x98\x1b[01m\x1b[Kstd::end\x1b[m\x1b[K\xe2\x80\x99 (type \xe2\x80\x98\x1b[01m\x1b[K<unresolved overloaded function type>\x1b[m\x1b[K\xe2\x80\x99) to type \xe2\x80\x98\x1b[01m\x1b[Kunsigned char\x1b[m\x1b[K\xe2\x80\x99\n'}
[6.071396] (rc_interaction) StderrLine: {'line': b'  215 |       cout<<vel_.twist.linear.x<<\x1b[01;36m\x1b[Kend\x1b[m\x1b[K;\n'}
[6.071420] (rc_interaction) StderrLine: {'line': b'      |                                  \x1b[01;36m\x1b[K^~~\x1b[m\x1b[K\n'}
[6.071444] (rc_interaction) StderrLine: {'line': b'In file included from \x1b[01m\x1b[K/usr/include/c++/11/iostream:39\x1b[m\x1b[K,\n'}
[6.071470] (rc_interaction) StderrLine: {'line': b'                 from \x1b[01m\x1b[K/opt/ros/humble/include/rclcpp/rclcpp/executor.hpp:22\x1b[m\x1b[K,\n'}
[6.071495] (rc_interaction) StderrLine: {'line': b'                 from \x1b[01m\x1b[K/opt/ros/humble/include/rclcpp/rclcpp/executors/multi_threaded_executor.hpp:25\x1b[m\x1b[K,\n'}
[6.071518] (rc_interaction) StderrLine: {'line': b'                 from \x1b[01m\x1b[K/opt/ros/humble/include/rclcpp/rclcpp/executors.hpp:21\x1b[m\x1b[K,\n'}
[6.071542] (rc_interaction) StderrLine: {'line': b'                 from \x1b[01m\x1b[K/opt/ros/humble/include/rclcpp/rclcpp/rclcpp.hpp:155\x1b[m\x1b[K,\n'}
[6.071565] (rc_interaction) StderrLine: {'line': b'                 from \x1b[01m\x1b[K/home/zbt/Upper-main/rc_interaction/src/model_sbus.cpp:1\x1b[m\x1b[K:\n'}
[6.071588] (rc_interaction) StderrLine: {'line': b'\x1b[01m\x1b[K/usr/include/c++/11/ostream:594:5:\x1b[m\x1b[K \x1b[01;36m\x1b[Knote: \x1b[m\x1b[Kcandidate: \xe2\x80\x98\x1b[01m\x1b[Kstd::basic_ostream<_Ch, _Tr>& std::operator<<(std::basic_ostream<_Ch, _Tr>&, const _CharT*) [with _CharT = char; _Traits = std::char_traits<char>]\x1b[m\x1b[K\xe2\x80\x99\n'}
[6.071613] (rc_interaction) StderrLine: {'line': b'  594 |     \x1b[01;36m\x1b[Koperator\x1b[m\x1b[K<<(basic_ostream<_CharT, _Traits>& __out, const _CharT* __s)\n'}
[6.071637] (rc_interaction) StderrLine: {'line': b'      |     \x1b[01;36m\x1b[K^~~~~~~~\x1b[m\x1b[K\n'}
[6.071661] (rc_interaction) StderrLine: {'line': b'\x1b[01m\x1b[K/usr/include/c++/11/ostream:594:69:\x1b[m\x1b[K \x1b[01;36m\x1b[Knote: \x1b[m\x1b[K  no known conversion for argument 2 from \xe2\x80\x98\x1b[01m\x1b[K<unresolved overloaded function type>\x1b[m\x1b[K\xe2\x80\x99 to \xe2\x80\x98\x1b[01m\x1b[Kconst char*\x1b[m\x1b[K\xe2\x80\x99\n'}
[6.071686] (rc_interaction) StderrLine: {'line': b'  594 |     operator<<(basic_ostream<_CharT, _Traits>& __out, \x1b[01;36m\x1b[Kconst _CharT* __s\x1b[m\x1b[K)\n'}
[6.071712] (rc_interaction) StderrLine: {'line': b'      |                                                       \x1b[01;36m\x1b[K~~~~~~~~~~~~~~^~~\x1b[m\x1b[K\n'}
[6.071736] (rc_interaction) StderrLine: {'line': b'In file included from \x1b[01m\x1b[K/usr/include/c++/11/ostream:829\x1b[m\x1b[K,\n'}
[6.071759] (rc_interaction) StderrLine: {'line': b'                 from \x1b[01m\x1b[K/usr/include/c++/11/iostream:39\x1b[m\x1b[K,\n'}
[6.071783] (rc_interaction) StderrLine: {'line': b'                 from \x1b[01m\x1b[K/opt/ros/humble/include/rclcpp/rclcpp/executor.hpp:22\x1b[m\x1b[K,\n'}
[6.071806] (rc_interaction) StderrLine: {'line': b'                 from \x1b[01m\x1b[K/opt/ros/humble/include/rclcpp/rclcpp/executors/multi_threaded_executor.hpp:25\x1b[m\x1b[K,\n'}
[6.071830] (rc_interaction) StderrLine: {'line': b'                 from \x1b[01m\x1b[K/opt/ros/humble/include/rclcpp/rclcpp/executors.hpp:21\x1b[m\x1b[K,\n'}
[6.071855] (rc_interaction) StderrLine: {'line': b'                 from \x1b[01m\x1b[K/opt/ros/humble/include/rclcpp/rclcpp/rclcpp.hpp:155\x1b[m\x1b[K,\n'}
[6.071878] (rc_interaction) StderrLine: {'line': b'                 from \x1b[01m\x1b[K/home/zbt/Upper-main/rc_interaction/src/model_sbus.cpp:1\x1b[m\x1b[K:\n'}
[6.071901] (rc_interaction) StderrLine: {'line': b'\x1b[01m\x1b[K/usr/include/c++/11/bits/ostream.tcc:321:5:\x1b[m\x1b[K \x1b[01;36m\x1b[Knote: \x1b[m\x1b[Kcandidate: \xe2\x80\x98\x1b[01m\x1b[Ktemplate<class _CharT, class _Traits> std::basic_ostream<_Ch, _Tr>& std::operator<<(std::basic_ostream<_Ch, _Tr>&, const char*)\x1b[m\x1b[K\xe2\x80\x99\n'}
[6.076259] (rc_interaction) StderrLine: {'line': b'  321 |     \x1b[01;36m\x1b[Koperator\x1b[m\x1b[K<<(basic_ostream<_CharT, _Traits>& __out, const char* __s)\n'}
[6.076332] (rc_interaction) StderrLine: {'line': b'      |     \x1b[01;36m\x1b[K^~~~~~~~\x1b[m\x1b[K\n'}
[6.076367] (rc_interaction) StderrLine: {'line': b'\x1b[01m\x1b[K/usr/include/c++/11/bits/ostream.tcc:321:5:\x1b[m\x1b[K \x1b[01;36m\x1b[Knote: \x1b[m\x1b[K  template argument deduction/substitution failed:\n'}
[6.076398] (rc_interaction) StderrLine: {'line': b'In file included from \x1b[01m\x1b[K/home/zbt/Upper-main/rc_interaction/src/model_sbus.cpp:4\x1b[m\x1b[K:\n'}
[6.076425] (rc_interaction) StderrLine: {'line': b'\x1b[01m\x1b[K/home/zbt/Upper-main/rc_interaction/include/rc_interaction/sbus_node.hpp:215:34:\x1b[m\x1b[K \x1b[01;36m\x1b[Knote: \x1b[m\x1b[K  cannot convert \xe2\x80\x98\x1b[01m\x1b[Kstd::end\x1b[m\x1b[K\xe2\x80\x99 (type \xe2\x80\x98\x1b[01m\x1b[K<unresolved overloaded function type>\x1b[m\x1b[K\xe2\x80\x99) to type \xe2\x80\x98\x1b[01m\x1b[Kconst char*\x1b[m\x1b[K\xe2\x80\x99\n'}
[6.076454] (rc_interaction) StderrLine: {'line': b'  215 |       cout<<vel_.twist.linear.x<<\x1b[01;36m\x1b[Kend\x1b[m\x1b[K;\n'}
[6.076479] (rc_interaction) StderrLine: {'line': b'      |                                  \x1b[01;36m\x1b[K^~~\x1b[m\x1b[K\n'}
[6.076505] (rc_interaction) StderrLine: {'line': b'In file included from \x1b[01m\x1b[K/usr/include/c++/11/iostream:39\x1b[m\x1b[K,\n'}
[6.076529] (rc_interaction) StderrLine: {'line': b'                 from \x1b[01m\x1b[K/opt/ros/humble/include/rclcpp/rclcpp/executor.hpp:22\x1b[m\x1b[K,\n'}
[6.076553] (rc_interaction) StderrLine: {'line': b'                 from \x1b[01m\x1b[K/opt/ros/humble/include/rclcpp/rclcpp/executors/multi_threaded_executor.hpp:25\x1b[m\x1b[K,\n'}
[6.076578] (rc_interaction) StderrLine: {'line': b'                 from \x1b[01m\x1b[K/opt/ros/humble/include/rclcpp/rclcpp/executors.hpp:21\x1b[m\x1b[K,\n'}
[6.076602] (rc_interaction) StderrLine: {'line': b'                 from \x1b[01m\x1b[K/opt/ros/humble/include/rclcpp/rclcpp/rclcpp.hpp:155\x1b[m\x1b[K,\n'}
[6.076626] (rc_interaction) StderrLine: {'line': b'                 from \x1b[01m\x1b[K/home/zbt/Upper-main/rc_interaction/src/model_sbus.cpp:1\x1b[m\x1b[K:\n'}
[6.076682] (rc_interaction) StderrLine: {'line': b'\x1b[01m\x1b[K/usr/include/c++/11/ostream:611:5:\x1b[m\x1b[K \x1b[01;36m\x1b[Knote: \x1b[m\x1b[Kcandidate: \xe2\x80\x98\x1b[01m\x1b[Ktemplate<class _Traits> std::basic_ostream<char, _Traits>& std::operator<<(std::basic_ostream<char, _Traits>&, const char*)\x1b[m\x1b[K\xe2\x80\x99\n'}
[6.076719] (rc_interaction) StderrLine: {'line': b'  611 |     \x1b[01;36m\x1b[Koperator\x1b[m\x1b[K<<(basic_ostream<char, _Traits>& __out, const char* __s)\n'}
[6.076745] (rc_interaction) StderrLine: {'line': b'      |     \x1b[01;36m\x1b[K^~~~~~~~\x1b[m\x1b[K\n'}
[6.076769] (rc_interaction) StderrLine: {'line': b'\x1b[01m\x1b[K/usr/include/c++/11/ostream:611:5:\x1b[m\x1b[K \x1b[01;36m\x1b[Knote: \x1b[m\x1b[K  template argument deduction/substitution failed:\n'}
[6.076793] (rc_interaction) StderrLine: {'line': b'In file included from \x1b[01m\x1b[K/home/zbt/Upper-main/rc_interaction/src/model_sbus.cpp:4\x1b[m\x1b[K:\n'}
[6.076818] (rc_interaction) StderrLine: {'line': b'\x1b[01m\x1b[K/home/zbt/Upper-main/rc_interaction/include/rc_interaction/sbus_node.hpp:215:34:\x1b[m\x1b[K \x1b[01;36m\x1b[Knote: \x1b[m\x1b[K  cannot convert \xe2\x80\x98\x1b[01m\x1b[Kstd::end\x1b[m\x1b[K\xe2\x80\x99 (type \xe2\x80\x98\x1b[01m\x1b[K<unresolved overloaded function type>\x1b[m\x1b[K\xe2\x80\x99) to type \xe2\x80\x98\x1b[01m\x1b[Kconst char*\x1b[m\x1b[K\xe2\x80\x99\n'}
[6.076845] (rc_interaction) StderrLine: {'line': b'  215 |       cout<<vel_.twist.linear.x<<\x1b[01;36m\x1b[Kend\x1b[m\x1b[K;\n'}
[6.076870] (rc_interaction) StderrLine: {'line': b'      |                                  \x1b[01;36m\x1b[K^~~\x1b[m\x1b[K\n'}
[6.076895] (rc_interaction) StderrLine: {'line': b'In file included from \x1b[01m\x1b[K/usr/include/c++/11/iostream:39\x1b[m\x1b[K,\n'}
[6.076919] (rc_interaction) StderrLine: {'line': b'                 from \x1b[01m\x1b[K/opt/ros/humble/include/rclcpp/rclcpp/executor.hpp:22\x1b[m\x1b[K,\n'}
[6.076945] (rc_interaction) StderrLine: {'line': b'                 from \x1b[01m\x1b[K/opt/ros/humble/include/rclcpp/rclcpp/executors/multi_threaded_executor.hpp:25\x1b[m\x1b[K,\n'}
[6.076969] (rc_interaction) StderrLine: {'line': b'                 from \x1b[01m\x1b[K/opt/ros/humble/include/rclcpp/rclcpp/executors.hpp:21\x1b[m\x1b[K,\n'}
[6.076993] (rc_interaction) StderrLine: {'line': b'                 from \x1b[01m\x1b[K/opt/ros/humble/include/rclcpp/rclcpp/rclcpp.hpp:155\x1b[m\x1b[K,\n'}
[6.077017] (rc_interaction) StderrLine: {'line': b'                 from \x1b[01m\x1b[K/home/zbt/Upper-main/rc_interaction/src/model_sbus.cpp:1\x1b[m\x1b[K:\n'}
[6.077043] (rc_interaction) StderrLine: {'line': b'\x1b[01m\x1b[K/usr/include/c++/11/ostream:624:5:\x1b[m\x1b[K \x1b[01;36m\x1b[Knote: \x1b[m\x1b[Kcandidate: \xe2\x80\x98\x1b[01m\x1b[Ktemplate<class _Traits> std::basic_ostream<char, _Traits>& std::operator<<(std::basic_ostream<char, _Traits>&, const signed char*)\x1b[m\x1b[K\xe2\x80\x99\n'}
[6.077069] (rc_interaction) StderrLine: {'line': b'  624 |     \x1b[01;36m\x1b[Koperator\x1b[m\x1b[K<<(basic_ostream<char, _Traits>& __out, const signed char* __s)\n'}
[6.077095] (rc_interaction) StderrLine: {'line': b'      |     \x1b[01;36m\x1b[K^~~~~~~~\x1b[m\x1b[K\n'}
[6.077119] (rc_interaction) StderrLine: {'line': b'\x1b[01m\x1b[K/usr/include/c++/11/ostream:624:5:\x1b[m\x1b[K \x1b[01;36m\x1b[Knote: \x1b[m\x1b[K  template argument deduction/substitution failed:\n'}
[6.077142] (rc_interaction) StderrLine: {'line': b'In file included from \x1b[01m\x1b[K/home/zbt/Upper-main/rc_interaction/src/model_sbus.cpp:4\x1b[m\x1b[K:\n'}
[6.077166] (rc_interaction) StderrLine: {'line': b'\x1b[01m\x1b[K/home/zbt/Upper-main/rc_interaction/include/rc_interaction/sbus_node.hpp:215:34:\x1b[m\x1b[K \x1b[01;36m\x1b[Knote: \x1b[m\x1b[K  cannot convert \xe2\x80\x98\x1b[01m\x1b[Kstd::end\x1b[m\x1b[K\xe2\x80\x99 (type \xe2\x80\x98\x1b[01m\x1b[K<unresolved overloaded function type>\x1b[m\x1b[K\xe2\x80\x99) to type \xe2\x80\x98\x1b[01m\x1b[Kconst signed char*\x1b[m\x1b[K\xe2\x80\x99\n'}
[6.077192] (rc_interaction) StderrLine: {'line': b'  215 |       cout<<vel_.twist.linear.x<<\x1b[01;36m\x1b[Kend\x1b[m\x1b[K;\n'}
[6.077216] (rc_interaction) StderrLine: {'line': b'      |                                  \x1b[01;36m\x1b[K^~~\x1b[m\x1b[K\n'}
[6.077240] (rc_interaction) StderrLine: {'line': b'In file included from \x1b[01m\x1b[K/usr/include/c++/11/iostream:39\x1b[m\x1b[K,\n'}
[6.077264] (rc_interaction) StderrLine: {'line': b'                 from \x1b[01m\x1b[K/opt/ros/humble/include/rclcpp/rclcpp/executor.hpp:22\x1b[m\x1b[K,\n'}
[6.077289] (rc_interaction) StderrLine: {'line': b'                 from \x1b[01m\x1b[K/opt/ros/humble/include/rclcpp/rclcpp/executors/multi_threaded_executor.hpp:25\x1b[m\x1b[K,\n'}
[6.077313] (rc_interaction) StderrLine: {'line': b'                 from \x1b[01m\x1b[K/opt/ros/humble/include/rclcpp/rclcpp/executors.hpp:21\x1b[m\x1b[K,\n'}
[6.077337] (rc_interaction) StderrLine: {'line': b'                 from \x1b[01m\x1b[K/opt/ros/humble/include/rclcpp/rclcpp/rclcpp.hpp:155\x1b[m\x1b[K,\n'}
[6.077361] (rc_interaction) StderrLine: {'line': b'                 from \x1b[01m\x1b[K/home/zbt/Upper-main/rc_interaction/src/model_sbus.cpp:1\x1b[m\x1b[K:\n'}
[6.077387] (rc_interaction) StderrLine: {'line': b'\x1b[01m\x1b[K/usr/include/c++/11/ostream:629:5:\x1b[m\x1b[K \x1b[01;36m\x1b[Knote: \x1b[m\x1b[Kcandidate: \xe2\x80\x98\x1b[01m\x1b[Ktemplate<class _Traits> std::basic_ostream<char, _Traits>& std::operator<<(std::basic_ostream<char, _Traits>&, const unsigned char*)\x1b[m\x1b[K\xe2\x80\x99\n'}
[6.077411] (rc_interaction) StderrLine: {'line': b'  629 |     \x1b[01;36m\x1b[Koperator\x1b[m\x1b[K<<(basic_ostream<char, _Traits>& __out, const unsigned char* __s)\n'}
[6.077437] (rc_interaction) StderrLine: {'line': b'      |     \x1b[01;36m\x1b[K^~~~~~~~\x1b[m\x1b[K\n'}
[6.077460] (rc_interaction) StderrLine: {'line': b'\x1b[01m\x1b[K/usr/include/c++/11/ostream:629:5:\x1b[m\x1b[K \x1b[01;36m\x1b[Knote: \x1b[m\x1b[K  template argument deduction/substitution failed:\n'}
[6.077488] (rc_interaction) StderrLine: {'line': b'In file included from \x1b[01m\x1b[K/home/zbt/Upper-main/rc_interaction/src/model_sbus.cpp:4\x1b[m\x1b[K:\n'}
[6.077512] (rc_interaction) StderrLine: {'line': b'\x1b[01m\x1b[K/home/zbt/Upper-main/rc_interaction/include/rc_interaction/sbus_node.hpp:215:34:\x1b[m\x1b[K \x1b[01;36m\x1b[Knote: \x1b[m\x1b[K  cannot convert \xe2\x80\x98\x1b[01m\x1b[Kstd::end\x1b[m\x1b[K\xe2\x80\x99 (type \xe2\x80\x98\x1b[01m\x1b[K<unresolved overloaded function type>\x1b[m\x1b[K\xe2\x80\x99) to type \xe2\x80\x98\x1b[01m\x1b[Kconst unsigned char*\x1b[m\x1b[K\xe2\x80\x99\n'}
[6.077537] (rc_interaction) StderrLine: {'line': b'  215 |       cout<<vel_.twist.linear.x<<\x1b[01;36m\x1b[Kend\x1b[m\x1b[K;\n'}
[6.077561] (rc_interaction) StderrLine: {'line': b'      |                                  \x1b[01;36m\x1b[K^~~\x1b[m\x1b[K\n'}
[6.077584] (rc_interaction) StderrLine: {'line': b'In file included from \x1b[01m\x1b[K/usr/include/c++/11/iostream:39\x1b[m\x1b[K,\n'}
[6.077609] (rc_interaction) StderrLine: {'line': b'                 from \x1b[01m\x1b[K/opt/ros/humble/include/rclcpp/rclcpp/executor.hpp:22\x1b[m\x1b[K,\n'}
[6.077634] (rc_interaction) StderrLine: {'line': b'                 from \x1b[01m\x1b[K/opt/ros/humble/include/rclcpp/rclcpp/executors/multi_threaded_executor.hpp:25\x1b[m\x1b[K,\n'}
[6.077660] (rc_interaction) StderrLine: {'line': b'                 from \x1b[01m\x1b[K/opt/ros/humble/include/rclcpp/rclcpp/executors.hpp:21\x1b[m\x1b[K,\n'}
[6.077688] (rc_interaction) StderrLine: {'line': b'                 from \x1b[01m\x1b[K/opt/ros/humble/include/rclcpp/rclcpp/rclcpp.hpp:155\x1b[m\x1b[K,\n'}
[6.077712] (rc_interaction) StderrLine: {'line': b'                 from \x1b[01m\x1b[K/home/zbt/Upper-main/rc_interaction/src/model_sbus.cpp:1\x1b[m\x1b[K:\n'}
[6.077736] (rc_interaction) StderrLine: {'line': b'\x1b[01m\x1b[K/usr/include/c++/11/ostream:750:5:\x1b[m\x1b[K \x1b[01;36m\x1b[Knote: \x1b[m\x1b[Kcandidate: \xe2\x80\x98\x1b[01m\x1b[Ktemplate<class _Ostream, class _Tp> _Ostream&& std::operator<<(_Ostream&&, const _Tp&)\x1b[m\x1b[K\xe2\x80\x99\n'}
[6.077760] (rc_interaction) StderrLine: {'line': b'  750 |     \x1b[01;36m\x1b[Koperator\x1b[m\x1b[K<<(_Ostream&& __os, const _Tp& __x)\n'}
[6.077784] (rc_interaction) StderrLine: {'line': b'      |     \x1b[01;36m\x1b[K^~~~~~~~\x1b[m\x1b[K\n'}
[6.077808] (rc_interaction) StderrLine: {'line': b'\x1b[01m\x1b[K/usr/include/c++/11/ostream:750:5:\x1b[m\x1b[K \x1b[01;36m\x1b[Knote: \x1b[m\x1b[K  template argument deduction/substitution failed:\n'}
[6.077831] (rc_interaction) StderrLine: {'line': b'In file included from \x1b[01m\x1b[K/home/zbt/Upper-main/rc_interaction/src/model_sbus.cpp:4\x1b[m\x1b[K:\n'}
[6.077855] (rc_interaction) StderrLine: {'line': b'\x1b[01m\x1b[K/home/zbt/Upper-main/rc_interaction/include/rc_interaction/sbus_node.hpp:215:34:\x1b[m\x1b[K \x1b[01;36m\x1b[Knote: \x1b[m\x1b[K  couldn\xe2\x80\x99t deduce template parameter \xe2\x80\x98\x1b[01m\x1b[K_Tp\x1b[m\x1b[K\xe2\x80\x99\n'}
[6.077883] (rc_interaction) StderrLine: {'line': b'  215 |       cout<<vel_.twist.linear.x<<\x1b[01;36m\x1b[Kend\x1b[m\x1b[K;\n'}
[6.077907] (rc_interaction) StderrLine: {'line': b'      |                                  \x1b[01;36m\x1b[K^~~\x1b[m\x1b[K\n'}
[6.077930] (rc_interaction) StderrLine: {'line': b'In file included from \x1b[01m\x1b[K/opt/ros/humble/include/rosidl_runtime_cpp/rosidl_runtime_cpp/traits.hpp:19\x1b[m\x1b[K,\n'}
[6.077954] (rc_interaction) StderrLine: {'line': b'                 from \x1b[01m\x1b[K/opt/ros/humble/include/builtin_interfaces/builtin_interfaces/msg/detail/duration__traits.hpp:15\x1b[m\x1b[K,\n'}
[6.077978] (rc_interaction) StderrLine: {'line': b'                 from \x1b[01m\x1b[K/opt/ros/humble/include/builtin_interfaces/builtin_interfaces/msg/duration.hpp:9\x1b[m\x1b[K,\n'}
[6.078002] (rc_interaction) StderrLine: {'line': b'                 from \x1b[01m\x1b[K/opt/ros/humble/include/rclcpp/rclcpp/duration.hpp:20\x1b[m\x1b[K,\n'}
[6.078027] (rc_interaction) StderrLine: {'line': b'                 from \x1b[01m\x1b[K/opt/ros/humble/include/rclcpp/rclcpp/qos.hpp:20\x1b[m\x1b[K,\n'}
[6.078051] (rc_interaction) StderrLine: {'line': b'                 from \x1b[01m\x1b[K/opt/ros/humble/include/rclcpp/rclcpp/node_interfaces/node_graph_interface.hpp:32\x1b[m\x1b[K,\n'}
[6.078075] (rc_interaction) StderrLine: {'line': b'                 from \x1b[01m\x1b[K/opt/ros/humble/include/rclcpp/rclcpp/client.hpp:42\x1b[m\x1b[K,\n'}
[6.078098] (rc_interaction) StderrLine: {'line': b'                 from \x1b[01m\x1b[K/opt/ros/humble/include/rclcpp/rclcpp/callback_group.hpp:24\x1b[m\x1b[K,\n'}
[6.078125] (rc_interaction) StderrLine: {'line': b'                 from \x1b[01m\x1b[K/opt/ros/humble/include/rclcpp/rclcpp/any_executable.hpp:20\x1b[m\x1b[K,\n'}
[6.078149] (rc_interaction) StderrLine: {'line': b'                 from \x1b[01m\x1b[K/opt/ros/humble/include/rclcpp/rclcpp/memory_strategy.hpp:25\x1b[m\x1b[K,\n'}
[6.078175] (rc_interaction) StderrLine: {'line': b'                 from \x1b[01m\x1b[K/opt/ros/humble/include/rclcpp/rclcpp/memory_strategies.hpp:18\x1b[m\x1b[K,\n'}
[6.078198] (rc_interaction) StderrLine: {'line': b'                 from \x1b[01m\x1b[K/opt/ros/humble/include/rclcpp/rclcpp/executor_options.hpp:20\x1b[m\x1b[K,\n'}
[6.078223] (rc_interaction) StderrLine: {'line': b'                 from \x1b[01m\x1b[K/opt/ros/humble/include/rclcpp/rclcpp/executor.hpp:37\x1b[m\x1b[K,\n'}
[6.078246] (rc_interaction) StderrLine: {'line': b'                 from \x1b[01m\x1b[K/opt/ros/humble/include/rclcpp/rclcpp/executors/multi_threaded_executor.hpp:25\x1b[m\x1b[K,\n'}
[6.078271] (rc_interaction) StderrLine: {'line': b'                 from \x1b[01m\x1b[K/opt/ros/humble/include/rclcpp/rclcpp/executors.hpp:21\x1b[m\x1b[K,\n'}
[6.078295] (rc_interaction) StderrLine: {'line': b'                 from \x1b[01m\x1b[K/opt/ros/humble/include/rclcpp/rclcpp/rclcpp.hpp:155\x1b[m\x1b[K,\n'}
[6.078319] (rc_interaction) StderrLine: {'line': b'                 from \x1b[01m\x1b[K/home/zbt/Upper-main/rc_interaction/src/model_sbus.cpp:1\x1b[m\x1b[K:\n'}
[6.078346] (rc_interaction) StderrLine: {'line': b'\x1b[01m\x1b[K/usr/include/c++/11/iomanip:79:5:\x1b[m\x1b[K \x1b[01;36m\x1b[Knote: \x1b[m\x1b[Kcandidate: \xe2\x80\x98\x1b[01m\x1b[Ktemplate<class _CharT, class _Traits> std::basic_ostream<_Ch, _Tr>& std::operator<<(std::basic_ostream<_Ch, _Tr>&, std::_Resetiosflags)\x1b[m\x1b[K\xe2\x80\x99\n'}
[6.078371] (rc_interaction) StderrLine: {'line': b'   79 |     \x1b[01;36m\x1b[Koperator\x1b[m\x1b[K<<(basic_ostream<_CharT, _Traits>& __os, _Resetiosflags __f)\n'}
[6.078394] (rc_interaction) StderrLine: {'line': b'      |     \x1b[01;36m\x1b[K^~~~~~~~\x1b[m\x1b[K\n'}
[6.078418] (rc_interaction) StderrLine: {'line': b'\x1b[01m\x1b[K/usr/include/c++/11/iomanip:79:5:\x1b[m\x1b[K \x1b[01;36m\x1b[Knote: \x1b[m\x1b[K  template argument deduction/substitution failed:\n'}
[6.078441] (rc_interaction) StderrLine: {'line': b'In file included from \x1b[01m\x1b[K/home/zbt/Upper-main/rc_interaction/src/model_sbus.cpp:4\x1b[m\x1b[K:\n'}
[6.078466] (rc_interaction) StderrLine: {'line': b'\x1b[01m\x1b[K/home/zbt/Upper-main/rc_interaction/include/rc_interaction/sbus_node.hpp:215:34:\x1b[m\x1b[K \x1b[01;36m\x1b[Knote: \x1b[m\x1b[K  cannot convert \xe2\x80\x98\x1b[01m\x1b[Kstd::end\x1b[m\x1b[K\xe2\x80\x99 (type \xe2\x80\x98\x1b[01m\x1b[K<unresolved overloaded function type>\x1b[m\x1b[K\xe2\x80\x99) to type \xe2\x80\x98\x1b[01m\x1b[Kstd::_Resetiosflags\x1b[m\x1b[K\xe2\x80\x99\n'}
[6.078492] (rc_interaction) StderrLine: {'line': b'  215 |       cout<<vel_.twist.linear.x<<\x1b[01;36m\x1b[Kend\x1b[m\x1b[K;\n'}
[6.078516] (rc_interaction) StderrLine: {'line': b'      |                                  \x1b[01;36m\x1b[K^~~\x1b[m\x1b[K\n'}
[6.078539] (rc_interaction) StderrLine: {'line': b'In file included from \x1b[01m\x1b[K/opt/ros/humble/include/rosidl_runtime_cpp/rosidl_runtime_cpp/traits.hpp:19\x1b[m\x1b[K,\n'}
[6.078563] (rc_interaction) StderrLine: {'line': b'                 from \x1b[01m\x1b[K/opt/ros/humble/include/builtin_interfaces/builtin_interfaces/msg/detail/duration__traits.hpp:15\x1b[m\x1b[K,\n'}
[6.078592] (rc_interaction) StderrLine: {'line': b'                 from \x1b[01m\x1b[K/opt/ros/humble/include/builtin_interfaces/builtin_interfaces/msg/duration.hpp:9\x1b[m\x1b[K,\n'}
[6.078615] (rc_interaction) StderrLine: {'line': b'                 from \x1b[01m\x1b[K/opt/ros/humble/include/rclcpp/rclcpp/duration.hpp:20\x1b[m\x1b[K,\n'}
[6.078639] (rc_interaction) StderrLine: {'line': b'                 from \x1b[01m\x1b[K/opt/ros/humble/include/rclcpp/rclcpp/qos.hpp:20\x1b[m\x1b[K,\n'}
[6.084590] (rc_interaction) StderrLine: {'line': b'                 from \x1b[01m\x1b[K/opt/ros/humble/include/rclcpp/rclcpp/node_interfaces/node_graph_interface.hpp:32\x1b[m\x1b[K,\n'}
[6.084638] (rc_interaction) StderrLine: {'line': b'                 from \x1b[01m\x1b[K/opt/ros/humble/include/rclcpp/rclcpp/client.hpp:42\x1b[m\x1b[K,\n'}
[6.084681] (rc_interaction) StderrLine: {'line': b'                 from \x1b[01m\x1b[K/opt/ros/humble/include/rclcpp/rclcpp/callback_group.hpp:24\x1b[m\x1b[K,\n'}
[6.084714] (rc_interaction) StderrLine: {'line': b'                 from \x1b[01m\x1b[K/opt/ros/humble/include/rclcpp/rclcpp/any_executable.hpp:20\x1b[m\x1b[K,\n'}
[6.084746] (rc_interaction) StderrLine: {'line': b'                 from \x1b[01m\x1b[K/opt/ros/humble/include/rclcpp/rclcpp/memory_strategy.hpp:25\x1b[m\x1b[K,\n'}
[6.084771] (rc_interaction) StderrLine: {'line': b'                 from \x1b[01m\x1b[K/opt/ros/humble/include/rclcpp/rclcpp/memory_strategies.hpp:18\x1b[m\x1b[K,\n'}
[6.084795] (rc_interaction) StderrLine: {'line': b'                 from \x1b[01m\x1b[K/opt/ros/humble/include/rclcpp/rclcpp/executor_options.hpp:20\x1b[m\x1b[K,\n'}
[6.084819] (rc_interaction) StderrLine: {'line': b'                 from \x1b[01m\x1b[K/opt/ros/humble/include/rclcpp/rclcpp/executor.hpp:37\x1b[m\x1b[K,\n'}
[6.084843] (rc_interaction) StderrLine: {'line': b'                 from \x1b[01m\x1b[K/opt/ros/humble/include/rclcpp/rclcpp/executors/multi_threaded_executor.hpp:25\x1b[m\x1b[K,\n'}
[6.084868] (rc_interaction) StderrLine: {'line': b'                 from \x1b[01m\x1b[K/opt/ros/humble/include/rclcpp/rclcpp/executors.hpp:21\x1b[m\x1b[K,\n'}
[6.084891] (rc_interaction) StderrLine: {'line': b'                 from \x1b[01m\x1b[K/opt/ros/humble/include/rclcpp/rclcpp/rclcpp.hpp:155\x1b[m\x1b[K,\n'}
[6.084915] (rc_interaction) StderrLine: {'line': b'                 from \x1b[01m\x1b[K/home/zbt/Upper-main/rc_interaction/src/model_sbus.cpp:1\x1b[m\x1b[K:\n'}
[6.084939] (rc_interaction) StderrLine: {'line': b'\x1b[01m\x1b[K/usr/include/c++/11/iomanip:109:5:\x1b[m\x1b[K \x1b[01;36m\x1b[Knote: \x1b[m\x1b[Kcandidate: \xe2\x80\x98\x1b[01m\x1b[Ktemplate<class _CharT, class _Traits> std::basic_ostream<_Ch, _Tr>& std::operator<<(std::basic_ostream<_Ch, _Tr>&, std::_Setiosflags)\x1b[m\x1b[K\xe2\x80\x99\n'}
[6.085021] (rc_interaction) StderrLine: {'line': b'  109 |     \x1b[01;36m\x1b[Koperator\x1b[m\x1b[K<<(basic_ostream<_CharT, _Traits>& __os, _Setiosflags __f)\n'}
[6.085049] (rc_interaction) StderrLine: {'line': b'      |     \x1b[01;36m\x1b[K^~~~~~~~\x1b[m\x1b[K\n'}
[6.085074] (rc_interaction) StderrLine: {'line': b'\x1b[01m\x1b[K/usr/include/c++/11/iomanip:109:5:\x1b[m\x1b[K \x1b[01;36m\x1b[Knote: \x1b[m\x1b[K  template argument deduction/substitution failed:\n'}
[6.085099] (rc_interaction) StderrLine: {'line': b'In file included from \x1b[01m\x1b[K/home/zbt/Upper-main/rc_interaction/src/model_sbus.cpp:4\x1b[m\x1b[K:\n'}
[6.085123] (rc_interaction) StderrLine: {'line': b'\x1b[01m\x1b[K/home/zbt/Upper-main/rc_interaction/include/rc_interaction/sbus_node.hpp:215:34:\x1b[m\x1b[K \x1b[01;36m\x1b[Knote: \x1b[m\x1b[K  cannot convert \xe2\x80\x98\x1b[01m\x1b[Kstd::end\x1b[m\x1b[K\xe2\x80\x99 (type \xe2\x80\x98\x1b[01m\x1b[K<unresolved overloaded function type>\x1b[m\x1b[K\xe2\x80\x99) to type \xe2\x80\x98\x1b[01m\x1b[Kstd::_Setiosflags\x1b[m\x1b[K\xe2\x80\x99\n'}
[6.085150] (rc_interaction) StderrLine: {'line': b'  215 |       cout<<vel_.twist.linear.x<<\x1b[01;36m\x1b[Kend\x1b[m\x1b[K;\n'}
[6.085178] (rc_interaction) StderrLine: {'line': b'      |                                  \x1b[01;36m\x1b[K^~~\x1b[m\x1b[K\n'}
[6.085202] (rc_interaction) StderrLine: {'line': b'In file included from \x1b[01m\x1b[K/opt/ros/humble/include/rosidl_runtime_cpp/rosidl_runtime_cpp/traits.hpp:19\x1b[m\x1b[K,\n'}
[6.085230] (rc_interaction) StderrLine: {'line': b'                 from \x1b[01m\x1b[K/opt/ros/humble/include/builtin_interfaces/builtin_interfaces/msg/detail/duration__traits.hpp:15\x1b[m\x1b[K,\n'}
[6.085254] (rc_interaction) StderrLine: {'line': b'                 from \x1b[01m\x1b[K/opt/ros/humble/include/builtin_interfaces/builtin_interfaces/msg/duration.hpp:9\x1b[m\x1b[K,\n'}
[6.085278] (rc_interaction) StderrLine: {'line': b'                 from \x1b[01m\x1b[K/opt/ros/humble/include/rclcpp/rclcpp/duration.hpp:20\x1b[m\x1b[K,\n'}
[6.085304] (rc_interaction) StderrLine: {'line': b'                 from \x1b[01m\x1b[K/opt/ros/humble/include/rclcpp/rclcpp/qos.hpp:20\x1b[m\x1b[K,\n'}
[6.085327] (rc_interaction) StderrLine: {'line': b'                 from \x1b[01m\x1b[K/opt/ros/humble/include/rclcpp/rclcpp/node_interfaces/node_graph_interface.hpp:32\x1b[m\x1b[K,\n'}
[6.085351] (rc_interaction) StderrLine: {'line': b'                 from \x1b[01m\x1b[K/opt/ros/humble/include/rclcpp/rclcpp/client.hpp:42\x1b[m\x1b[K,\n'}
[6.085375] (rc_interaction) StderrLine: {'line': b'                 from \x1b[01m\x1b[K/opt/ros/humble/include/rclcpp/rclcpp/callback_group.hpp:24\x1b[m\x1b[K,\n'}
[6.085399] (rc_interaction) StderrLine: {'line': b'                 from \x1b[01m\x1b[K/opt/ros/humble/include/rclcpp/rclcpp/any_executable.hpp:20\x1b[m\x1b[K,\n'}
[6.085423] (rc_interaction) StderrLine: {'line': b'                 from \x1b[01m\x1b[K/opt/ros/humble/include/rclcpp/rclcpp/memory_strategy.hpp:25\x1b[m\x1b[K,\n'}
[6.085446] (rc_interaction) StderrLine: {'line': b'                 from \x1b[01m\x1b[K/opt/ros/humble/include/rclcpp/rclcpp/memory_strategies.hpp:18\x1b[m\x1b[K,\n'}
[6.085470] (rc_interaction) StderrLine: {'line': b'                 from \x1b[01m\x1b[K/opt/ros/humble/include/rclcpp/rclcpp/executor_options.hpp:20\x1b[m\x1b[K,\n'}
[6.085495] (rc_interaction) StderrLine: {'line': b'                 from \x1b[01m\x1b[K/opt/ros/humble/include/rclcpp/rclcpp/executor.hpp:37\x1b[m\x1b[K,\n'}
[6.085519] (rc_interaction) StderrLine: {'line': b'                 from \x1b[01m\x1b[K/opt/ros/humble/include/rclcpp/rclcpp/executors/multi_threaded_executor.hpp:25\x1b[m\x1b[K,\n'}
[6.085543] (rc_interaction) StderrLine: {'line': b'                 from \x1b[01m\x1b[K/opt/ros/humble/include/rclcpp/rclcpp/executors.hpp:21\x1b[m\x1b[K,\n'}
[6.085566] (rc_interaction) StderrLine: {'line': b'                 from \x1b[01m\x1b[K/opt/ros/humble/include/rclcpp/rclcpp/rclcpp.hpp:155\x1b[m\x1b[K,\n'}
[6.085592] (rc_interaction) StderrLine: {'line': b'                 from \x1b[01m\x1b[K/home/zbt/Upper-main/rc_interaction/src/model_sbus.cpp:1\x1b[m\x1b[K:\n'}
[6.085616] (rc_interaction) StderrLine: {'line': b'\x1b[01m\x1b[K/usr/include/c++/11/iomanip:143:5:\x1b[m\x1b[K \x1b[01;36m\x1b[Knote: \x1b[m\x1b[Kcandidate: \xe2\x80\x98\x1b[01m\x1b[Ktemplate<class _CharT, class _Traits> std::basic_ostream<_Ch, _Tr>& std::operator<<(std::basic_ostream<_Ch, _Tr>&, std::_Setbase)\x1b[m\x1b[K\xe2\x80\x99\n'}
[6.085642] (rc_interaction) StderrLine: {'line': b'  143 |     \x1b[01;36m\x1b[Koperator\x1b[m\x1b[K<<(basic_ostream<_CharT, _Traits>& __os, _Setbase __f)\n'}
[6.085666] (rc_interaction) StderrLine: {'line': b'      |     \x1b[01;36m\x1b[K^~~~~~~~\x1b[m\x1b[K\n'}
[6.085690] (rc_interaction) StderrLine: {'line': b'\x1b[01m\x1b[K/usr/include/c++/11/iomanip:143:5:\x1b[m\x1b[K \x1b[01;36m\x1b[Knote: \x1b[m\x1b[K  template argument deduction/substitution failed:\n'}
[6.085714] (rc_interaction) StderrLine: {'line': b'In file included from \x1b[01m\x1b[K/home/zbt/Upper-main/rc_interaction/src/model_sbus.cpp:4\x1b[m\x1b[K:\n'}
[6.085737] (rc_interaction) StderrLine: {'line': b'\x1b[01m\x1b[K/home/zbt/Upper-main/rc_interaction/include/rc_interaction/sbus_node.hpp:215:34:\x1b[m\x1b[K \x1b[01;36m\x1b[Knote: \x1b[m\x1b[K  cannot convert \xe2\x80\x98\x1b[01m\x1b[Kstd::end\x1b[m\x1b[K\xe2\x80\x99 (type \xe2\x80\x98\x1b[01m\x1b[K<unresolved overloaded function type>\x1b[m\x1b[K\xe2\x80\x99) to type \xe2\x80\x98\x1b[01m\x1b[Kstd::_Setbase\x1b[m\x1b[K\xe2\x80\x99\n'}
[6.085766] (rc_interaction) StderrLine: {'line': b'  215 |       cout<<vel_.twist.linear.x<<\x1b[01;36m\x1b[Kend\x1b[m\x1b[K;\n'}
[6.085790] (rc_interaction) StderrLine: {'line': b'      |                                  \x1b[01;36m\x1b[K^~~\x1b[m\x1b[K\n'}
[6.085814] (rc_interaction) StderrLine: {'line': b'In file included from \x1b[01m\x1b[K/opt/ros/humble/include/rosidl_runtime_cpp/rosidl_runtime_cpp/traits.hpp:19\x1b[m\x1b[K,\n'}
[6.085837] (rc_interaction) StderrLine: {'line': b'                 from \x1b[01m\x1b[K/opt/ros/humble/include/builtin_interfaces/builtin_interfaces/msg/detail/duration__traits.hpp:15\x1b[m\x1b[K,\n'}
[6.085861] (rc_interaction) StderrLine: {'line': b'                 from \x1b[01m\x1b[K/opt/ros/humble/include/builtin_interfaces/builtin_interfaces/msg/duration.hpp:9\x1b[m\x1b[K,\n'}
[6.085885] (rc_interaction) StderrLine: {'line': b'                 from \x1b[01m\x1b[K/opt/ros/humble/include/rclcpp/rclcpp/duration.hpp:20\x1b[m\x1b[K,\n'}
[6.085909] (rc_interaction) StderrLine: {'line': b'                 from \x1b[01m\x1b[K/opt/ros/humble/include/rclcpp/rclcpp/qos.hpp:20\x1b[m\x1b[K,\n'}
[6.085932] (rc_interaction) StderrLine: {'line': b'                 from \x1b[01m\x1b[K/opt/ros/humble/include/rclcpp/rclcpp/node_interfaces/node_graph_interface.hpp:32\x1b[m\x1b[K,\n'}
[6.085956] (rc_interaction) StderrLine: {'line': b'                 from \x1b[01m\x1b[K/opt/ros/humble/include/rclcpp/rclcpp/client.hpp:42\x1b[m\x1b[K,\n'}
[6.085979] (rc_interaction) StderrLine: {'line': b'                 from \x1b[01m\x1b[K/opt/ros/humble/include/rclcpp/rclcpp/callback_group.hpp:24\x1b[m\x1b[K,\n'}
[6.086003] (rc_interaction) StderrLine: {'line': b'                 from \x1b[01m\x1b[K/opt/ros/humble/include/rclcpp/rclcpp/any_executable.hpp:20\x1b[m\x1b[K,\n'}
[6.086026] (rc_interaction) StderrLine: {'line': b'                 from \x1b[01m\x1b[K/opt/ros/humble/include/rclcpp/rclcpp/memory_strategy.hpp:25\x1b[m\x1b[K,\n'}
[6.086050] (rc_interaction) StderrLine: {'line': b'                 from \x1b[01m\x1b[K/opt/ros/humble/include/rclcpp/rclcpp/memory_strategies.hpp:18\x1b[m\x1b[K,\n'}
[6.086074] (rc_interaction) StderrLine: {'line': b'                 from \x1b[01m\x1b[K/opt/ros/humble/include/rclcpp/rclcpp/executor_options.hpp:20\x1b[m\x1b[K,\n'}
[6.086098] (rc_interaction) StderrLine: {'line': b'                 from \x1b[01m\x1b[K/opt/ros/humble/include/rclcpp/rclcpp/executor.hpp:37\x1b[m\x1b[K,\n'}
[6.087754] (rc_interaction) StderrLine: {'line': b'                 from \x1b[01m\x1b[K/opt/ros/humble/include/rclcpp/rclcpp/executors/multi_threaded_executor.hpp:25\x1b[m\x1b[K,\n'}
[6.087789] (rc_interaction) StderrLine: {'line': b'                 from \x1b[01m\x1b[K/opt/ros/humble/include/rclcpp/rclcpp/executors.hpp:21\x1b[m\x1b[K,\n'}
[6.087817] (rc_interaction) StderrLine: {'line': b'                 from \x1b[01m\x1b[K/opt/ros/humble/include/rclcpp/rclcpp/rclcpp.hpp:155\x1b[m\x1b[K,\n'}
[6.087841] (rc_interaction) StderrLine: {'line': b'                 from \x1b[01m\x1b[K/home/zbt/Upper-main/rc_interaction/src/model_sbus.cpp:1\x1b[m\x1b[K:\n'}
[6.087867] (rc_interaction) StderrLine: {'line': b'\x1b[01m\x1b[K/usr/include/c++/11/iomanip:178:5:\x1b[m\x1b[K \x1b[01;36m\x1b[Knote: \x1b[m\x1b[Kcandidate: \xe2\x80\x98\x1b[01m\x1b[Kstd::basic_ostream<_Ch, _Tr>& std::operator<<(std::basic_ostream<_Ch, _Tr>&, std::_Setfill<_CharT>) [with _CharT = char; _Traits = std::char_traits<char>]\x1b[m\x1b[K\xe2\x80\x99\n'}
[6.087900] (rc_interaction) StderrLine: {'line': b'  178 |     \x1b[01;36m\x1b[Koperator\x1b[m\x1b[K<<(basic_ostream<_CharT, _Traits>& __os, _Setfill<_CharT> __f)\n'}
[6.087926] (rc_interaction) StderrLine: {'line': b'      |     \x1b[01;36m\x1b[K^~~~~~~~\x1b[m\x1b[K\n'}
[6.087953] (rc_interaction) StderrLine: {'line': b'\x1b[01m\x1b[K/usr/include/c++/11/iomanip:178:71:\x1b[m\x1b[K \x1b[01;36m\x1b[Knote: \x1b[m\x1b[K  no known conversion for argument 2 from \xe2\x80\x98\x1b[01m\x1b[K<unresolved overloaded function type>\x1b[m\x1b[K\xe2\x80\x99 to \xe2\x80\x98\x1b[01m\x1b[Kstd::_Setfill<char>\x1b[m\x1b[K\xe2\x80\x99\n'}
[6.087979] (rc_interaction) StderrLine: {'line': b'  178 |     operator<<(basic_ostream<_CharT, _Traits>& __os, \x1b[01;36m\x1b[K_Setfill<_CharT> __f\x1b[m\x1b[K)\n'}
[6.088003] (rc_interaction) StderrLine: {'line': b'      |                                                      \x1b[01;36m\x1b[K~~~~~~~~~~~~~~~~~^~~\x1b[m\x1b[K\n'}
[6.088026] (rc_interaction) StderrLine: {'line': b'\x1b[01m\x1b[K/usr/include/c++/11/iomanip:208:5:\x1b[m\x1b[K \x1b[01;36m\x1b[Knote: \x1b[m\x1b[Kcandidate: \xe2\x80\x98\x1b[01m\x1b[Ktemplate<class _CharT, class _Traits> std::basic_ostream<_Ch, _Tr>& std::operator<<(std::basic_ostream<_Ch, _Tr>&, std::_Setprecision)\x1b[m\x1b[K\xe2\x80\x99\n'}
[6.088052] (rc_interaction) StderrLine: {'line': b'  208 |     \x1b[01;36m\x1b[Koperator\x1b[m\x1b[K<<(basic_ostream<_CharT, _Traits>& __os, _Setprecision __f)\n'}
[6.088075] (rc_interaction) StderrLine: {'line': b'      |     \x1b[01;36m\x1b[K^~~~~~~~\x1b[m\x1b[K\n'}
[6.088099] (rc_interaction) StderrLine: {'line': b'\x1b[01m\x1b[K/usr/include/c++/11/iomanip:208:5:\x1b[m\x1b[K \x1b[01;36m\x1b[Knote: \x1b[m\x1b[K  template argument deduction/substitution failed:\n'}
[6.088252] (rc_interaction) StderrLine: {'line': b'In file included from \x1b[01m\x1b[K/home/zbt/Upper-main/rc_interaction/src/model_sbus.cpp:4\x1b[m\x1b[K:\n'}
[6.088283] (rc_interaction) StderrLine: {'line': b'\x1b[01m\x1b[K/home/zbt/Upper-main/rc_interaction/include/rc_interaction/sbus_node.hpp:215:34:\x1b[m\x1b[K \x1b[01;36m\x1b[Knote: \x1b[m\x1b[K  cannot convert \xe2\x80\x98\x1b[01m\x1b[Kstd::end\x1b[m\x1b[K\xe2\x80\x99 (type \xe2\x80\x98\x1b[01m\x1b[K<unresolved overloaded function type>\x1b[m\x1b[K\xe2\x80\x99) to type \xe2\x80\x98\x1b[01m\x1b[Kstd::_Setprecision\x1b[m\x1b[K\xe2\x80\x99\n'}
[6.088310] (rc_interaction) StderrLine: {'line': b'  215 |       cout<<vel_.twist.linear.x<<\x1b[01;36m\x1b[Kend\x1b[m\x1b[K;\n'}
[6.088336] (rc_interaction) StderrLine: {'line': b'      |                                  \x1b[01;36m\x1b[K^~~\x1b[m\x1b[K\n'}
[6.088433] (rc_interaction) StderrLine: {'line': b'In file included from \x1b[01m\x1b[K/opt/ros/humble/include/rosidl_runtime_cpp/rosidl_runtime_cpp/traits.hpp:19\x1b[m\x1b[K,\n'}
[6.088463] (rc_interaction) StderrLine: {'line': b'                 from \x1b[01m\x1b[K/opt/ros/humble/include/builtin_interfaces/builtin_interfaces/msg/detail/duration__traits.hpp:15\x1b[m\x1b[K,\n'}
[6.088535] (rc_interaction) StderrLine: {'line': b'                 from \x1b[01m\x1b[K/opt/ros/humble/include/builtin_interfaces/builtin_interfaces/msg/duration.hpp:9\x1b[m\x1b[K,\n'}
[6.088561] (rc_interaction) StderrLine: {'line': b'                 from \x1b[01m\x1b[K/opt/ros/humble/include/rclcpp/rclcpp/duration.hpp:20\x1b[m\x1b[K,\n'}
[6.088585] (rc_interaction) StderrLine: {'line': b'                 from \x1b[01m\x1b[K/opt/ros/humble/include/rclcpp/rclcpp/qos.hpp:20\x1b[m\x1b[K,\n'}
[6.088805] (rc_interaction) StderrLine: {'line': b'                 from \x1b[01m\x1b[K/opt/ros/humble/include/rclcpp/rclcpp/node_interfaces/node_graph_interface.hpp:32\x1b[m\x1b[K,\n'}
[6.088842] (rc_interaction) StderrLine: {'line': b'                 from \x1b[01m\x1b[K/opt/ros/humble/include/rclcpp/rclcpp/client.hpp:42\x1b[m\x1b[K,\n'}
[6.088871] (rc_interaction) StderrLine: {'line': b'                 from \x1b[01m\x1b[K/opt/ros/humble/include/rclcpp/rclcpp/callback_group.hpp:24\x1b[m\x1b[K,\n'}
[6.088898] (rc_interaction) StderrLine: {'line': b'                 from \x1b[01m\x1b[K/opt/ros/humble/include/rclcpp/rclcpp/any_executable.hpp:20\x1b[m\x1b[K,\n'}
[6.088924] (rc_interaction) StderrLine: {'line': b'                 from \x1b[01m\x1b[K/opt/ros/humble/include/rclcpp/rclcpp/memory_strategy.hpp:25\x1b[m\x1b[K,\n'}
[6.088952] (rc_interaction) StderrLine: {'line': b'                 from \x1b[01m\x1b[K/opt/ros/humble/include/rclcpp/rclcpp/memory_strategies.hpp:18\x1b[m\x1b[K,\n'}
[6.088976] (rc_interaction) StderrLine: {'line': b'                 from \x1b[01m\x1b[K/opt/ros/humble/include/rclcpp/rclcpp/executor_options.hpp:20\x1b[m\x1b[K,\n'}
[6.089000] (rc_interaction) StderrLine: {'line': b'                 from \x1b[01m\x1b[K/opt/ros/humble/include/rclcpp/rclcpp/executor.hpp:37\x1b[m\x1b[K,\n'}
[6.089027] (rc_interaction) StderrLine: {'line': b'                 from \x1b[01m\x1b[K/opt/ros/humble/include/rclcpp/rclcpp/executors/multi_threaded_executor.hpp:25\x1b[m\x1b[K,\n'}
[6.089050] (rc_interaction) StderrLine: {'line': b'                 from \x1b[01m\x1b[K/opt/ros/humble/include/rclcpp/rclcpp/executors.hpp:21\x1b[m\x1b[K,\n'}
[6.089074] (rc_interaction) StderrLine: {'line': b'                 from \x1b[01m\x1b[K/opt/ros/humble/include/rclcpp/rclcpp/rclcpp.hpp:155\x1b[m\x1b[K,\n'}
[6.089098] (rc_interaction) StderrLine: {'line': b'                 from \x1b[01m\x1b[K/home/zbt/Upper-main/rc_interaction/src/model_sbus.cpp:1\x1b[m\x1b[K:\n'}
[6.089122] (rc_interaction) StderrLine: {'line': b'\x1b[01m\x1b[K/usr/include/c++/11/iomanip:238:5:\x1b[m\x1b[K \x1b[01;36m\x1b[Knote: \x1b[m\x1b[Kcandidate: \xe2\x80\x98\x1b[01m\x1b[Ktemplate<class _CharT, class _Traits> std::basic_ostream<_Ch, _Tr>& std::operator<<(std::basic_ostream<_Ch, _Tr>&, std::_Setw)\x1b[m\x1b[K\xe2\x80\x99\n'}
[6.089147] (rc_interaction) StderrLine: {'line': b'  238 |     \x1b[01;36m\x1b[Koperator\x1b[m\x1b[K<<(basic_ostream<_CharT, _Traits>& __os, _Setw __f)\n'}
[6.089171] (rc_interaction) StderrLine: {'line': b'      |     \x1b[01;36m\x1b[K^~~~~~~~\x1b[m\x1b[K\n'}
[6.089195] (rc_interaction) StderrLine: {'line': b'\x1b[01m\x1b[K/usr/include/c++/11/iomanip:238:5:\x1b[m\x1b[K \x1b[01;36m\x1b[Knote: \x1b[m\x1b[K  template argument deduction/substitution failed:\n'}
[6.089218] (rc_interaction) StderrLine: {'line': b'In file included from \x1b[01m\x1b[K/home/zbt/Upper-main/rc_interaction/src/model_sbus.cpp:4\x1b[m\x1b[K:\n'}
[6.089242] (rc_interaction) StderrLine: {'line': b'\x1b[01m\x1b[K/home/zbt/Upper-main/rc_interaction/include/rc_interaction/sbus_node.hpp:215:34:\x1b[m\x1b[K \x1b[01;36m\x1b[Knote: \x1b[m\x1b[K  cannot convert \xe2\x80\x98\x1b[01m\x1b[Kstd::end\x1b[m\x1b[K\xe2\x80\x99 (type \xe2\x80\x98\x1b[01m\x1b[K<unresolved overloaded function type>\x1b[m\x1b[K\xe2\x80\x99) to type \xe2\x80\x98\x1b[01m\x1b[Kstd::_Setw\x1b[m\x1b[K\xe2\x80\x99\n'}
[6.089272] (rc_interaction) StderrLine: {'line': b'  215 |       cout<<vel_.twist.linear.x<<\x1b[01;36m\x1b[Kend\x1b[m\x1b[K;\n'}
[6.089295] (rc_interaction) StderrLine: {'line': b'      |                                  \x1b[01;36m\x1b[K^~~\x1b[m\x1b[K\n'}
[6.089319] (rc_interaction) StderrLine: {'line': b'In file included from \x1b[01m\x1b[K/opt/ros/humble/include/rosidl_runtime_cpp/rosidl_runtime_cpp/traits.hpp:19\x1b[m\x1b[K,\n'}
[6.089342] (rc_interaction) StderrLine: {'line': b'                 from \x1b[01m\x1b[K/opt/ros/humble/include/builtin_interfaces/builtin_interfaces/msg/detail/duration__traits.hpp:15\x1b[m\x1b[K,\n'}
[6.089366] (rc_interaction) StderrLine: {'line': b'                 from \x1b[01m\x1b[K/opt/ros/humble/include/builtin_interfaces/builtin_interfaces/msg/duration.hpp:9\x1b[m\x1b[K,\n'}
[6.089389] (rc_interaction) StderrLine: {'line': b'                 from \x1b[01m\x1b[K/opt/ros/humble/include/rclcpp/rclcpp/duration.hpp:20\x1b[m\x1b[K,\n'}
[6.089414] (rc_interaction) StderrLine: {'line': b'                 from \x1b[01m\x1b[K/opt/ros/humble/include/rclcpp/rclcpp/qos.hpp:20\x1b[m\x1b[K,\n'}
[6.095064] (rc_interaction) StderrLine: {'line': b'                 from \x1b[01m\x1b[K/opt/ros/humble/include/rclcpp/rclcpp/node_interfaces/node_graph_interface.hpp:32\x1b[m\x1b[K,\n'}
[6.095132] (rc_interaction) StderrLine: {'line': b'                 from \x1b[01m\x1b[K/opt/ros/humble/include/rclcpp/rclcpp/client.hpp:42\x1b[m\x1b[K,\n'}
[6.095183] (rc_interaction) StderrLine: {'line': b'                 from \x1b[01m\x1b[K/opt/ros/humble/include/rclcpp/rclcpp/callback_group.hpp:24\x1b[m\x1b[K,\n'}
[6.095223] (rc_interaction) StderrLine: {'line': b'                 from \x1b[01m\x1b[K/opt/ros/humble/include/rclcpp/rclcpp/any_executable.hpp:20\x1b[m\x1b[K,\n'}
[6.095266] (rc_interaction) StderrLine: {'line': b'                 from \x1b[01m\x1b[K/opt/ros/humble/include/rclcpp/rclcpp/memory_strategy.hpp:25\x1b[m\x1b[K,\n'}
[6.095305] (rc_interaction) StderrLine: {'line': b'                 from \x1b[01m\x1b[K/opt/ros/humble/include/rclcpp/rclcpp/memory_strategies.hpp:18\x1b[m\x1b[K,\n'}
[6.095343] (rc_interaction) StderrLine: {'line': b'                 from \x1b[01m\x1b[K/opt/ros/humble/include/rclcpp/rclcpp/executor_options.hpp:20\x1b[m\x1b[K,\n'}
[6.095380] (rc_interaction) StderrLine: {'line': b'                 from \x1b[01m\x1b[K/opt/ros/humble/include/rclcpp/rclcpp/executor.hpp:37\x1b[m\x1b[K,\n'}
[6.095415] (rc_interaction) StderrLine: {'line': b'                 from \x1b[01m\x1b[K/opt/ros/humble/include/rclcpp/rclcpp/executors/multi_threaded_executor.hpp:25\x1b[m\x1b[K,\n'}
[6.095451] (rc_interaction) StderrLine: {'line': b'                 from \x1b[01m\x1b[K/opt/ros/humble/include/rclcpp/rclcpp/executors.hpp:21\x1b[m\x1b[K,\n'}
[6.095486] (rc_interaction) StderrLine: {'line': b'                 from \x1b[01m\x1b[K/opt/ros/humble/include/rclcpp/rclcpp/rclcpp.hpp:155\x1b[m\x1b[K,\n'}
[6.095522] (rc_interaction) StderrLine: {'line': b'                 from \x1b[01m\x1b[K/home/zbt/Upper-main/rc_interaction/src/model_sbus.cpp:1\x1b[m\x1b[K:\n'}
[6.095558] (rc_interaction) StderrLine: {'line': b'\x1b[01m\x1b[K/usr/include/c++/11/iomanip:311:5:\x1b[m\x1b[K \x1b[01;36m\x1b[Knote: \x1b[m\x1b[Kcandidate: \xe2\x80\x98\x1b[01m\x1b[Ktemplate<class _CharT, class _Traits, class _MoneyT> std::basic_ostream<_Ch, _Tr>& std::operator<<(std::basic_ostream<_Ch, _Tr>&, std::_Put_money<_MoneyT>)\x1b[m\x1b[K\xe2\x80\x99\n'}
[6.095598] (rc_interaction) StderrLine: {'line': b'  311 |     \x1b[01;36m\x1b[Koperator\x1b[m\x1b[K<<(basic_ostream<_CharT, _Traits>& __os, _Put_money<_MoneyT> __f)\n'}
[6.095635] (rc_interaction) StderrLine: {'line': b'      |     \x1b[01;36m\x1b[K^~~~~~~~\x1b[m\x1b[K\n'}
[6.095674] (rc_interaction) StderrLine: {'line': b'\x1b[01m\x1b[K/usr/include/c++/11/iomanip:311:5:\x1b[m\x1b[K \x1b[01;36m\x1b[Knote: \x1b[m\x1b[K  template argument deduction/substitution failed:\n'}
[6.095709] (rc_interaction) StderrLine: {'line': b'In file included from \x1b[01m\x1b[K/home/zbt/Upper-main/rc_interaction/src/model_sbus.cpp:4\x1b[m\x1b[K:\n'}
[6.095743] (rc_interaction) StderrLine: {'line': b'\x1b[01m\x1b[K/home/zbt/Upper-main/rc_interaction/include/rc_interaction/sbus_node.hpp:215:34:\x1b[m\x1b[K \x1b[01;36m\x1b[Knote: \x1b[m\x1b[K  couldn\xe2\x80\x99t deduce template parameter \xe2\x80\x98\x1b[01m\x1b[K_MoneyT\x1b[m\x1b[K\xe2\x80\x99\n'}
[6.095770] (rc_interaction) StderrLine: {'line': b'  215 |       cout<<vel_.twist.linear.x<<\x1b[01;36m\x1b[Kend\x1b[m\x1b[K;\n'}
[6.095794] (rc_interaction) StderrLine: {'line': b'      |                                  \x1b[01;36m\x1b[K^~~\x1b[m\x1b[K\n'}
[6.095817] (rc_interaction) StderrLine: {'line': b'In file included from \x1b[01m\x1b[K/opt/ros/humble/include/rosidl_runtime_cpp/rosidl_runtime_cpp/traits.hpp:19\x1b[m\x1b[K,\n'}
[6.095840] (rc_interaction) StderrLine: {'line': b'                 from \x1b[01m\x1b[K/opt/ros/humble/include/builtin_interfaces/builtin_interfaces/msg/detail/duration__traits.hpp:15\x1b[m\x1b[K,\n'}
[6.095863] (rc_interaction) StderrLine: {'line': b'                 from \x1b[01m\x1b[K/opt/ros/humble/include/builtin_interfaces/builtin_interfaces/msg/duration.hpp:9\x1b[m\x1b[K,\n'}
[6.095887] (rc_interaction) StderrLine: {'line': b'                 from \x1b[01m\x1b[K/opt/ros/humble/include/rclcpp/rclcpp/duration.hpp:20\x1b[m\x1b[K,\n'}
[6.095910] (rc_interaction) StderrLine: {'line': b'                 from \x1b[01m\x1b[K/opt/ros/humble/include/rclcpp/rclcpp/qos.hpp:20\x1b[m\x1b[K,\n'}
[6.095935] (rc_interaction) StderrLine: {'line': b'                 from \x1b[01m\x1b[K/opt/ros/humble/include/rclcpp/rclcpp/node_interfaces/node_graph_interface.hpp:32\x1b[m\x1b[K,\n'}
[6.095958] (rc_interaction) StderrLine: {'line': b'                 from \x1b[01m\x1b[K/opt/ros/humble/include/rclcpp/rclcpp/client.hpp:42\x1b[m\x1b[K,\n'}
[6.095982] (rc_interaction) StderrLine: {'line': b'                 from \x1b[01m\x1b[K/opt/ros/humble/include/rclcpp/rclcpp/callback_group.hpp:24\x1b[m\x1b[K,\n'}
[6.096007] (rc_interaction) StderrLine: {'line': b'                 from \x1b[01m\x1b[K/opt/ros/humble/include/rclcpp/rclcpp/any_executable.hpp:20\x1b[m\x1b[K,\n'}
[6.096031] (rc_interaction) StderrLine: {'line': b'                 from \x1b[01m\x1b[K/opt/ros/humble/include/rclcpp/rclcpp/memory_strategy.hpp:25\x1b[m\x1b[K,\n'}
[6.096054] (rc_interaction) StderrLine: {'line': b'                 from \x1b[01m\x1b[K/opt/ros/humble/include/rclcpp/rclcpp/memory_strategies.hpp:18\x1b[m\x1b[K,\n'}
[6.096080] (rc_interaction) StderrLine: {'line': b'                 from \x1b[01m\x1b[K/opt/ros/humble/include/rclcpp/rclcpp/executor_options.hpp:20\x1b[m\x1b[K,\n'}
[6.096104] (rc_interaction) StderrLine: {'line': b'                 from \x1b[01m\x1b[K/opt/ros/humble/include/rclcpp/rclcpp/executor.hpp:37\x1b[m\x1b[K,\n'}
[6.096127] (rc_interaction) StderrLine: {'line': b'                 from \x1b[01m\x1b[K/opt/ros/humble/include/rclcpp/rclcpp/executors/multi_threaded_executor.hpp:25\x1b[m\x1b[K,\n'}
[6.096150] (rc_interaction) StderrLine: {'line': b'                 from \x1b[01m\x1b[K/opt/ros/humble/include/rclcpp/rclcpp/executors.hpp:21\x1b[m\x1b[K,\n'}
[6.096173] (rc_interaction) StderrLine: {'line': b'                 from \x1b[01m\x1b[K/opt/ros/humble/include/rclcpp/rclcpp/rclcpp.hpp:155\x1b[m\x1b[K,\n'}
[6.096196] (rc_interaction) StderrLine: {'line': b'                 from \x1b[01m\x1b[K/home/zbt/Upper-main/rc_interaction/src/model_sbus.cpp:1\x1b[m\x1b[K:\n'}
[6.096221] (rc_interaction) StderrLine: {'line': b'\x1b[01m\x1b[K/usr/include/c++/11/iomanip:363:5:\x1b[m\x1b[K \x1b[01;36m\x1b[Knote: \x1b[m\x1b[Kcandidate: \xe2\x80\x98\x1b[01m\x1b[Kstd::basic_ostream<_Ch, _Tr>& std::operator<<(std::basic_ostream<_Ch, _Tr>&, std::_Put_time<_CharT>) [with _CharT = char; _Traits = std::char_traits<char>]\x1b[m\x1b[K\xe2\x80\x99\n'}
[6.096263] (rc_interaction) StderrLine: {'line': b'  363 |     \x1b[01;36m\x1b[Koperator\x1b[m\x1b[K<<(basic_ostream<_CharT, _Traits>& __os, _Put_time<_CharT> __f)\n'}
[6.096303] (rc_interaction) StderrLine: {'line': b'      |     \x1b[01;36m\x1b[K^~~~~~~~\x1b[m\x1b[K\n'}
[6.096328] (rc_interaction) StderrLine: {'line': b'\x1b[01m\x1b[K/usr/include/c++/11/iomanip:363:72:\x1b[m\x1b[K \x1b[01;36m\x1b[Knote: \x1b[m\x1b[K  no known conversion for argument 2 from \xe2\x80\x98\x1b[01m\x1b[K<unresolved overloaded function type>\x1b[m\x1b[K\xe2\x80\x99 to \xe2\x80\x98\x1b[01m\x1b[Kstd::_Put_time<char>\x1b[m\x1b[K\xe2\x80\x99\n'}
[6.096356] (rc_interaction) StderrLine: {'line': b'  363 |     operator<<(basic_ostream<_CharT, _Traits>& __os, \x1b[01;36m\x1b[K_Put_time<_CharT> __f\x1b[m\x1b[K)\n'}
[6.096380] (rc_interaction) StderrLine: {'line': b'      |                                                      \x1b[01;36m\x1b[K~~~~~~~~~~~~~~~~~~^~~\x1b[m\x1b[K\n'}
[6.096403] (rc_interaction) StderrLine: {'line': b'In file included from \x1b[01m\x1b[K/usr/include/eigen3/Eigen/Core:50\x1b[m\x1b[K,\n'}
[6.096426] (rc_interaction) StderrLine: {'line': b'                 from \x1b[01m\x1b[K/usr/include/eigen3/Eigen/Dense:1\x1b[m\x1b[K,\n'}
[6.096449] (rc_interaction) StderrLine: {'line': b'                 from \x1b[01m\x1b[K/usr/include/eigen3/Eigen/Eigen:1\x1b[m\x1b[K,\n'}
[6.096473] (rc_interaction) StderrLine: {'line': b'                 from \x1b[01m\x1b[K/opt/ros/humble/include/tf2_sensor_msgs/tf2_sensor_msgs.hpp:44\x1b[m\x1b[K,\n'}
[6.096506] (rc_interaction) StderrLine: {'line': b'                 from \x1b[01m\x1b[K/home/zbt/Upper-main/rc_interaction/include/rc_interaction/xbox360_node.hpp:31\x1b[m\x1b[K,\n'}
[6.096529] (rc_interaction) StderrLine: {'line': b'                 from \x1b[01m\x1b[K/home/zbt/Upper-main/rc_interaction/src/model_sbus.cpp:3\x1b[m\x1b[K:\n'}
[6.096555] (rc_interaction) StderrLine: {'line': b'\x1b[01m\x1b[K/usr/include/c++/11/complex:555:5:\x1b[m\x1b[K \x1b[01;36m\x1b[Knote: \x1b[m\x1b[Kcandidate: \xe2\x80\x98\x1b[01m\x1b[Ktemplate<class _Tp, class _CharT, class _Traits> std::basic_ostream<_CharT, _Traits>& std::operator<<(std::basic_ostream<_CharT, _Traits>&, const std::complex<_Tp>&)\x1b[m\x1b[K\xe2\x80\x99\n'}
[6.096580] (rc_interaction) StderrLine: {'line': b'  555 |     \x1b[01;36m\x1b[Koperator\x1b[m\x1b[K<<(basic_ostream<_CharT, _Traits>& __os, const complex<_Tp>& __x)\n'}
[6.096604] (rc_interaction) StderrLine: {'line': b'      |     \x1b[01;36m\x1b[K^~~~~~~~\x1b[m\x1b[K\n'}
[6.096627] (rc_interaction) StderrLine: {'line': b'\x1b[01m\x1b[K/usr/include/c++/11/complex:555:5:\x1b[m\x1b[K \x1b[01;36m\x1b[Knote: \x1b[m\x1b[K  template argument deduction/substitution failed:\n'}
[6.096650] (rc_interaction) StderrLine: {'line': b'In file included from \x1b[01m\x1b[K/home/zbt/Upper-main/rc_interaction/src/model_sbus.cpp:4\x1b[m\x1b[K:\n'}
[6.096674] (rc_interaction) StderrLine: {'line': b'\x1b[01m\x1b[K/home/zbt/Upper-main/rc_interaction/include/rc_interaction/sbus_node.hpp:215:34:\x1b[m\x1b[K \x1b[01;36m\x1b[Knote: \x1b[m\x1b[K  couldn\xe2\x80\x99t deduce template parameter \xe2\x80\x98\x1b[01m\x1b[K_Tp\x1b[m\x1b[K\xe2\x80\x99\n'}
[6.096698] (rc_interaction) StderrLine: {'line': b'  215 |       cout<<vel_.twist.linear.x<<\x1b[01;36m\x1b[Kend\x1b[m\x1b[K;\n'}
[6.096722] (rc_interaction) StderrLine: {'line': b'      |                                  \x1b[01;36m\x1b[K^~~\x1b[m\x1b[K\n'}
[6.096749] (rc_interaction) StderrLine: {'line': b'In file included from \x1b[01m\x1b[K/usr/include/eigen3/Eigen/Core:81\x1b[m\x1b[K,\n'}
[6.096773] (rc_interaction) StderrLine: {'line': b'                 from \x1b[01m\x1b[K/usr/include/eigen3/Eigen/Dense:1\x1b[m\x1b[K,\n'}
[6.096797] (rc_interaction) StderrLine: {'line': b'                 from \x1b[01m\x1b[K/usr/include/eigen3/Eigen/Eigen:1\x1b[m\x1b[K,\n'}
[6.096820] (rc_interaction) StderrLine: {'line': b'                 from \x1b[01m\x1b[K/opt/ros/humble/include/tf2_sensor_msgs/tf2_sensor_msgs.hpp:44\x1b[m\x1b[K,\n'}
[6.096843] (rc_interaction) StderrLine: {'line': b'                 from \x1b[01m\x1b[K/home/zbt/Upper-main/rc_interaction/include/rc_interaction/xbox360_node.hpp:31\x1b[m\x1b[K,\n'}
[6.096866] (rc_interaction) StderrLine: {'line': b'                 from \x1b[01m\x1b[K/home/zbt/Upper-main/rc_interaction/src/model_sbus.cpp:3\x1b[m\x1b[K:\n'}
[6.096891] (rc_interaction) StderrLine: {'line': b'\x1b[01m\x1b[K/usr/include/c++/11/cstddef:126:5:\x1b[m\x1b[K \x1b[01;36m\x1b[Knote: \x1b[m\x1b[Kcandidate: \xe2\x80\x98\x1b[01m\x1b[Ktemplate<class _IntegerType> constexpr std::__byte_op_t<_IntegerType> std::operator<<(std::byte, _IntegerType)\x1b[m\x1b[K\xe2\x80\x99\n'}
[6.096915] (rc_interaction) StderrLine: {'line': b'  126 |     \x1b[01;36m\x1b[Koperator\x1b[m\x1b[K<<(byte __b, _IntegerType __shift) noexcept\n'}
[6.096938] (rc_interaction) StderrLine: {'line': b'      |     \x1b[01;36m\x1b[K^~~~~~~~\x1b[m\x1b[K\n'}
[6.096961] (rc_interaction) StderrLine: {'line': b'\x1b[01m\x1b[K/usr/include/c++/11/cstddef:126:5:\x1b[m\x1b[K \x1b[01;36m\x1b[Knote: \x1b[m\x1b[K  template argument deduction/substitution failed:\n'}
[6.096985] (rc_interaction) StderrLine: {'line': b'In file included from \x1b[01m\x1b[K/home/zbt/Upper-main/rc_interaction/src/model_sbus.cpp:4\x1b[m\x1b[K:\n'}
[6.097008] (rc_interaction) StderrLine: {'line': b'\x1b[01m\x1b[K/home/zbt/Upper-main/rc_interaction/include/rc_interaction/sbus_node.hpp:215:34:\x1b[m\x1b[K \x1b[01;36m\x1b[Knote: \x1b[m\x1b[K  couldn\xe2\x80\x99t deduce template parameter \xe2\x80\x98\x1b[01m\x1b[K_IntegerType\x1b[m\x1b[K\xe2\x80\x99\n'}
[6.097035] (rc_interaction) StderrLine: {'line': b'  215 |       cout<<vel_.twist.linear.x<<\x1b[01;36m\x1b[Kend\x1b[m\x1b[K;\n'}
[6.097058] (rc_interaction) StderrLine: {'line': b'      |                                  \x1b[01;36m\x1b[K^~~\x1b[m\x1b[K\n'}
[6.097083] (rc_interaction) StderrLine: {'line': b'\x1b[01m\x1b[K/home/zbt/Upper-main/rc_interaction/include/rc_interaction/sbus_node.hpp:216:32:\x1b[m\x1b[K \x1b[01;31m\x1b[Kerror: \x1b[m\x1b[Kno match for \xe2\x80\x98\x1b[01m\x1b[Koperator<<\x1b[m\x1b[K\xe2\x80\x99 (operand types are \xe2\x80\x98\x1b[01m\x1b[Kstd::basic_ostream<char>::__ostream_type\x1b[m\x1b[K\xe2\x80\x99 {aka \xe2\x80\x98\x1b[01m\x1b[Kstd::basic_ostream<char>\x1b[m\x1b[K\xe2\x80\x99} and \xe2\x80\x98\x1b[01m\x1b[K<unresolved overloaded function type>\x1b[m\x1b[K\xe2\x80\x99)\n'}
[6.097111] (rc_interaction) StderrLine: {'line': b'  216 |       \x1b[01;31m\x1b[Kcout<<vel_.twist.linear.y<<end\x1b[m\x1b[K;\n'}
[6.097135] (rc_interaction) StderrLine: {'line': b'      |       \x1b[01;31m\x1b[K~~~~~~~~~~~~~~~~~~~~~~~~~^~~~~\x1b[m\x1b[K\n'}
[6.097158] (rc_interaction) StderrLine: {'line': b'In file included from \x1b[01m\x1b[K/usr/include/c++/11/iostream:39\x1b[m\x1b[K,\n'}
[6.097181] (rc_interaction) StderrLine: {'line': b'                 from \x1b[01m\x1b[K/opt/ros/humble/include/rclcpp/rclcpp/executor.hpp:22\x1b[m\x1b[K,\n'}
[6.097205] (rc_interaction) StderrLine: {'line': b'                 from \x1b[01m\x1b[K/opt/ros/humble/include/rclcpp/rclcpp/executors/multi_threaded_executor.hpp:25\x1b[m\x1b[K,\n'}
[6.097229] (rc_interaction) StderrLine: {'line': b'                 from \x1b[01m\x1b[K/opt/ros/humble/include/rclcpp/rclcpp/executors.hpp:21\x1b[m\x1b[K,\n'}
[6.097252] (rc_interaction) StderrLine: {'line': b'                 from \x1b[01m\x1b[K/opt/ros/humble/include/rclcpp/rclcpp/rclcpp.hpp:155\x1b[m\x1b[K,\n'}
[6.097277] (rc_interaction) StderrLine: {'line': b'                 from \x1b[01m\x1b[K/home/zbt/Upper-main/rc_interaction/src/model_sbus.cpp:1\x1b[m\x1b[K:\n'}
[6.097300] (rc_interaction) StderrLine: {'line': b'\x1b[01m\x1b[K/usr/include/c++/11/ostream:108:7:\x1b[m\x1b[K \x1b[01;36m\x1b[Knote: \x1b[m\x1b[Kcandidate: \xe2\x80\x98\x1b[01m\x1b[Kstd::basic_ostream<_CharT, _Traits>::__ostream_type& std::basic_ostream<_CharT, _Traits>::operator<<(std::basic_ostream<_CharT, _Traits>::__ostream_type& (*)(std::basic_ostream<_CharT, _Traits>::__ostream_type&)) [with _CharT = char; _Traits = std::char_traits<char>; std::basic_ostream<_CharT, _Traits>::__ostream_type = std::basic_ostream<char>]\x1b[m\x1b[K\xe2\x80\x99\n'}
[6.097327] (rc_interaction) StderrLine: {'line': b'  108 |       \x1b[01;36m\x1b[Koperator\x1b[m\x1b[K<<(__ostream_type& (*__pf)(__ostream_type&))\n'}
[6.097351] (rc_interaction) StderrLine: {'line': b'      |       \x1b[01;36m\x1b[K^~~~~~~~\x1b[m\x1b[K\n'}
[6.097374] (rc_interaction) StderrLine: {'line': b'\x1b[01m\x1b[K/usr/include/c++/11/ostream:108:36:\x1b[m\x1b[K \x1b[01;36m\x1b[Knote: \x1b[m\x1b[K  no known conversion for argument 1 from \xe2\x80\x98\x1b[01m\x1b[K<unresolved overloaded function type>\x1b[m\x1b[K\xe2\x80\x99 to \xe2\x80\x98\x1b[01m\x1b[Kstd::basic_ostream<char>::__ostream_type& (*)(std::basic_ostream<char>::__ostream_type&)\x1b[m\x1b[K\xe2\x80\x99 {aka \xe2\x80\x98\x1b[01m\x1b[Kstd::basic_ostream<char>& (*)(std::basic_ostream<char>&)\x1b[m\x1b[K\xe2\x80\x99}\n'}
[6.097399] (rc_interaction) StderrLine: {'line': b'  108 |       operator<<(\x1b[01;36m\x1b[K__ostream_type& (*__pf)(__ostream_type&)\x1b[m\x1b[K)\n'}
[6.097422] (rc_interaction) StderrLine: {'line': b'      |                  \x1b[01;36m\x1b[K~~~~~~~~~~~~~~~~~~^~~~~~~~~~~~~~~~~~~~~~\x1b[m\x1b[K\n'}
[6.097446] (rc_interaction) StderrLine: {'line': b'\x1b[01m\x1b[K/usr/include/c++/11/ostream:117:7:\x1b[m\x1b[K \x1b[01;36m\x1b[Knote: \x1b[m\x1b[Kcandidate: \xe2\x80\x98\x1b[01m\x1b[Kstd::basic_ostream<_CharT, _Traits>::__ostream_type& std::basic_ostream<_CharT, _Traits>::operator<<(std::basic_ostream<_CharT, _Traits>::__ios_type& (*)(std::basic_ostream<_CharT, _Traits>::__ios_type&)) [with _CharT = char; _Traits = std::char_traits<char>; std::basic_ostream<_CharT, _Traits>::__ostream_type = std::basic_ostream<char>; std::basic_ostream<_CharT, _Traits>::__ios_type = std::basic_ios<char>]\x1b[m\x1b[K\xe2\x80\x99\n'}
[6.097473] (rc_interaction) StderrLine: {'line': b'  117 |       \x1b[01;36m\x1b[Koperator\x1b[m\x1b[K<<(__ios_type& (*__pf)(__ios_type&))\n'}
[6.097496] (rc_interaction) StderrLine: {'line': b'      |       \x1b[01;36m\x1b[K^~~~~~~~\x1b[m\x1b[K\n'}
[6.097520] (rc_interaction) StderrLine: {'line': b'\x1b[01m\x1b[K/usr/include/c++/11/ostream:117:32:\x1b[m\x1b[K \x1b[01;36m\x1b[Knote: \x1b[m\x1b[K  no known conversion for argument 1 from \xe2\x80\x98\x1b[01m\x1b[K<unresolved overloaded function type>\x1b[m\x1b[K\xe2\x80\x99 to \xe2\x80\x98\x1b[01m\x1b[Kstd::basic_ostream<char>::__ios_type& (*)(std::basic_ostream<char>::__ios_type&)\x1b[m\x1b[K\xe2\x80\x99 {aka \xe2\x80\x98\x1b[01m\x1b[Kstd::basic_ios<char>& (*)(std::basic_ios<char>&)\x1b[m\x1b[K\xe2\x80\x99}\n'}
[6.097544] (rc_interaction) StderrLine: {'line': b'  117 |       operator<<(\x1b[01;36m\x1b[K__ios_type& (*__pf)(__ios_type&)\x1b[m\x1b[K)\n'}
[6.097568] (rc_interaction) StderrLine: {'line': b'      |                  \x1b[01;36m\x1b[K~~~~~~~~~~~~~~^~~~~~~~~~~~~~~~~~\x1b[m\x1b[K\n'}
[6.097592] (rc_interaction) StderrLine: {'line': b'\x1b[01m\x1b[K/usr/include/c++/11/ostream:127:7:\x1b[m\x1b[K \x1b[01;36m\x1b[Knote: \x1b[m\x1b[Kcandidate: \xe2\x80\x98\x1b[01m\x1b[Kstd::basic_ostream<_CharT, _Traits>::__ostream_type& std::basic_ostream<_CharT, _Traits>::operator<<(std::ios_base& (*)(std::ios_base&)) [with _CharT = char; _Traits = std::char_traits<char>; std::basic_ostream<_CharT, _Traits>::__ostream_type = std::basic_ostream<char>]\x1b[m\x1b[K\xe2\x80\x99\n'}
[6.097617] (rc_interaction) StderrLine: {'line': b'  127 |       \x1b[01;36m\x1b[Koperator\x1b[m\x1b[K<<(ios_base& (*__pf) (ios_base&))\n'}
[6.097641] (rc_interaction) StderrLine: {'line': b'      |       \x1b[01;36m\x1b[K^~~~~~~~\x1b[m\x1b[K\n'}
[6.097666] (rc_interaction) StderrLine: {'line': b'\x1b[01m\x1b[K/usr/include/c++/11/ostream:127:30:\x1b[m\x1b[K \x1b[01;36m\x1b[Knote: \x1b[m\x1b[K  no known conversion for argument 1 from \xe2\x80\x98\x1b[01m\x1b[K<unresolved overloaded function type>\x1b[m\x1b[K\xe2\x80\x99 to \xe2\x80\x98\x1b[01m\x1b[Kstd::ios_base& (*)(std::ios_base&)\x1b[m\x1b[K\xe2\x80\x99\n'}
[6.112619] (rc_interaction) StderrLine: {'line': b'  127 |       operator<<(\x1b[01;36m\x1b[Kios_base& (*__pf) (ios_base&)\x1b[m\x1b[K)\n'}
[6.112689] (rc_interaction) StderrLine: {'line': b'      |                  \x1b[01;36m\x1b[K~~~~~~~~~~~~^~~~~~~~~~~~~~~~~\x1b[m\x1b[K\n'}
[6.112722] (rc_interaction) StderrLine: {'line': b'\x1b[01m\x1b[K/usr/include/c++/11/ostream:166:7:\x1b[m\x1b[K \x1b[01;36m\x1b[Knote: \x1b[m\x1b[Kcandidate: \xe2\x80\x98\x1b[01m\x1b[Kstd::basic_ostream<_CharT, _Traits>::__ostream_type& std::basic_ostream<_CharT, _Traits>::operator<<(long int) [with _CharT = char; _Traits = std::char_traits<char>; std::basic_ostream<_CharT, _Traits>::__ostream_type = std::basic_ostream<char>]\x1b[m\x1b[K\xe2\x80\x99\n'}
[6.112760] (rc_interaction) StderrLine: {'line': b'  166 |       \x1b[01;36m\x1b[Koperator\x1b[m\x1b[K<<(long __n)\n'}
[6.112790] (rc_interaction) StderrLine: {'line': b'      |       \x1b[01;36m\x1b[K^~~~~~~~\x1b[m\x1b[K\n'}
[6.112818] (rc_interaction) StderrLine: {'line': b'\x1b[01m\x1b[K/usr/include/c++/11/ostream:166:23:\x1b[m\x1b[K \x1b[01;36m\x1b[Knote: \x1b[m\x1b[K  no known conversion for argument 1 from \xe2\x80\x98\x1b[01m\x1b[K<unresolved overloaded function type>\x1b[m\x1b[K\xe2\x80\x99 to \xe2\x80\x98\x1b[01m\x1b[Klong int\x1b[m\x1b[K\xe2\x80\x99\n'}
[6.112847] (rc_interaction) StderrLine: {'line': b'  166 |       operator<<(\x1b[01;36m\x1b[Klong __n\x1b[m\x1b[K)\n'}
[6.112875] (rc_interaction) StderrLine: {'line': b'      |                  \x1b[01;36m\x1b[K~~~~~^~~\x1b[m\x1b[K\n'}
[6.112903] (rc_interaction) StderrLine: {'line': b'\x1b[01m\x1b[K/usr/include/c++/11/ostream:170:7:\x1b[m\x1b[K \x1b[01;36m\x1b[Knote: \x1b[m\x1b[Kcandidate: \xe2\x80\x98\x1b[01m\x1b[Kstd::basic_ostream<_CharT, _Traits>::__ostream_type& std::basic_ostream<_CharT, _Traits>::operator<<(long unsigned int) [with _CharT = char; _Traits = std::char_traits<char>; std::basic_ostream<_CharT, _Traits>::__ostream_type = std::basic_ostream<char>]\x1b[m\x1b[K\xe2\x80\x99\n'}
[6.112937] (rc_interaction) StderrLine: {'line': b'  170 |       \x1b[01;36m\x1b[Koperator\x1b[m\x1b[K<<(unsigned long __n)\n'}
[6.112962] (rc_interaction) StderrLine: {'line': b'      |       \x1b[01;36m\x1b[K^~~~~~~~\x1b[m\x1b[K\n'}
[6.112986] (rc_interaction) StderrLine: {'line': b'\x1b[01m\x1b[K/usr/include/c++/11/ostream:170:32:\x1b[m\x1b[K \x1b[01;36m\x1b[Knote: \x1b[m\x1b[K  no known conversion for argument 1 from \xe2\x80\x98\x1b[01m\x1b[K<unresolved overloaded function type>\x1b[m\x1b[K\xe2\x80\x99 to \xe2\x80\x98\x1b[01m\x1b[Klong unsigned int\x1b[m\x1b[K\xe2\x80\x99\n'}
[6.113011] (rc_interaction) StderrLine: {'line': b'  170 |       operator<<(\x1b[01;36m\x1b[Kunsigned long __n\x1b[m\x1b[K)\n'}
[6.113035] (rc_interaction) StderrLine: {'line': b'      |                  \x1b[01;36m\x1b[K~~~~~~~~~~~~~~^~~\x1b[m\x1b[K\n'}
[6.113060] (rc_interaction) StderrLine: {'line': b'\x1b[01m\x1b[K/usr/include/c++/11/ostream:174:7:\x1b[m\x1b[K \x1b[01;36m\x1b[Knote: \x1b[m\x1b[Kcandidate: \xe2\x80\x98\x1b[01m\x1b[Kstd::basic_ostream<_CharT, _Traits>::__ostream_type& std::basic_ostream<_CharT, _Traits>::operator<<(bool) [with _CharT = char; _Traits = std::char_traits<char>; std::basic_ostream<_CharT, _Traits>::__ostream_type = std::basic_ostream<char>]\x1b[m\x1b[K\xe2\x80\x99\n'}
[6.113088] (rc_interaction) StderrLine: {'line': b'  174 |       \x1b[01;36m\x1b[Koperator\x1b[m\x1b[K<<(bool __n)\n'}
[6.113113] (rc_interaction) StderrLine: {'line': b'      |       \x1b[01;36m\x1b[K^~~~~~~~\x1b[m\x1b[K\n'}
[6.113137] (rc_interaction) StderrLine: {'line': b'\x1b[01m\x1b[K/usr/include/c++/11/ostream:174:23:\x1b[m\x1b[K \x1b[01;36m\x1b[Knote: \x1b[m\x1b[K  no known conversion for argument 1 from \xe2\x80\x98\x1b[01m\x1b[K<unresolved overloaded function type>\x1b[m\x1b[K\xe2\x80\x99 to \xe2\x80\x98\x1b[01m\x1b[Kbool\x1b[m\x1b[K\xe2\x80\x99\n'}
[6.113162] (rc_interaction) StderrLine: {'line': b'  174 |       operator<<(\x1b[01;36m\x1b[Kbool __n\x1b[m\x1b[K)\n'}
[6.113186] (rc_interaction) StderrLine: {'line': b'      |                  \x1b[01;36m\x1b[K~~~~~^~~\x1b[m\x1b[K\n'}
[6.113210] (rc_interaction) StderrLine: {'line': b'In file included from \x1b[01m\x1b[K/usr/include/c++/11/ostream:829\x1b[m\x1b[K,\n'}
[6.113235] (rc_interaction) StderrLine: {'line': b'                 from \x1b[01m\x1b[K/usr/include/c++/11/iostream:39\x1b[m\x1b[K,\n'}
[6.113260] (rc_interaction) StderrLine: {'line': b'                 from \x1b[01m\x1b[K/opt/ros/humble/include/rclcpp/rclcpp/executor.hpp:22\x1b[m\x1b[K,\n'}
[6.113293] (rc_interaction) StderrLine: {'line': b'                 from \x1b[01m\x1b[K/opt/ros/humble/include/rclcpp/rclcpp/executors/multi_threaded_executor.hpp:25\x1b[m\x1b[K,\n'}
[6.113319] (rc_interaction) StderrLine: {'line': b'                 from \x1b[01m\x1b[K/opt/ros/humble/include/rclcpp/rclcpp/executors.hpp:21\x1b[m\x1b[K,\n'}
[6.113343] (rc_interaction) StderrLine: {'line': b'                 from \x1b[01m\x1b[K/opt/ros/humble/include/rclcpp/rclcpp/rclcpp.hpp:155\x1b[m\x1b[K,\n'}
[6.113371] (rc_interaction) StderrLine: {'line': b'                 from \x1b[01m\x1b[K/home/zbt/Upper-main/rc_interaction/src/model_sbus.cpp:1\x1b[m\x1b[K:\n'}
[6.113395] (rc_interaction) StderrLine: {'line': b'\x1b[01m\x1b[K/usr/include/c++/11/bits/ostream.tcc:91:5:\x1b[m\x1b[K \x1b[01;36m\x1b[Knote: \x1b[m\x1b[Kcandidate: \xe2\x80\x98\x1b[01m\x1b[Kstd::basic_ostream<_Ch, _Tr>& std::basic_ostream<_CharT, _Traits>::operator<<(short int) [with _CharT = char; _Traits = std::char_traits<char>]\x1b[m\x1b[K\xe2\x80\x99\n'}
[6.113421] (rc_interaction) StderrLine: {'line': b'   91 |     \x1b[01;36m\x1b[Kbasic_ostream<_CharT, _Traits>\x1b[m\x1b[K::\n'}
[6.113445] (rc_interaction) StderrLine: {'line': b'      |     \x1b[01;36m\x1b[K^~~~~~~~~~~~~~~~~~~~~~~~~~~~~~\x1b[m\x1b[K\n'}
[6.113469] (rc_interaction) StderrLine: {'line': b'\x1b[01m\x1b[K/usr/include/c++/11/bits/ostream.tcc:92:22:\x1b[m\x1b[K \x1b[01;36m\x1b[Knote: \x1b[m\x1b[K  no known conversion for argument 1 from \xe2\x80\x98\x1b[01m\x1b[K<unresolved overloaded function type>\x1b[m\x1b[K\xe2\x80\x99 to \xe2\x80\x98\x1b[01m\x1b[Kshort int\x1b[m\x1b[K\xe2\x80\x99\n'}
[6.113498] (rc_interaction) StderrLine: {'line': b'   92 |     operator<<(\x1b[01;36m\x1b[Kshort __n\x1b[m\x1b[K)\n'}
[6.113522] (rc_interaction) StderrLine: {'line': b'      |                \x1b[01;36m\x1b[K~~~~~~^~~\x1b[m\x1b[K\n'}
[6.113547] (rc_interaction) StderrLine: {'line': b'In file included from \x1b[01m\x1b[K/usr/include/c++/11/iostream:39\x1b[m\x1b[K,\n'}
[6.113575] (rc_interaction) StderrLine: {'line': b'                 from \x1b[01m\x1b[K/opt/ros/humble/include/rclcpp/rclcpp/executor.hpp:22\x1b[m\x1b[K,\n'}
[6.113605] (rc_interaction) StderrLine: {'line': b'                 from \x1b[01m\x1b[K/opt/ros/humble/include/rclcpp/rclcpp/executors/multi_threaded_executor.hpp:25\x1b[m\x1b[K,\n'}
[6.113638] (rc_interaction) StderrLine: {'line': b'                 from \x1b[01m\x1b[K/opt/ros/humble/include/rclcpp/rclcpp/executors.hpp:21\x1b[m\x1b[K,\n'}
[6.113662] (rc_interaction) StderrLine: {'line': b'                 from \x1b[01m\x1b[K/opt/ros/humble/include/rclcpp/rclcpp/rclcpp.hpp:155\x1b[m\x1b[K,\n'}
[6.113685] (rc_interaction) StderrLine: {'line': b'                 from \x1b[01m\x1b[K/home/zbt/Upper-main/rc_interaction/src/model_sbus.cpp:1\x1b[m\x1b[K:\n'}
[6.113708] (rc_interaction) StderrLine: {'line': b'\x1b[01m\x1b[K/usr/include/c++/11/ostream:181:7:\x1b[m\x1b[K \x1b[01;36m\x1b[Knote: \x1b[m\x1b[Kcandidate: \xe2\x80\x98\x1b[01m\x1b[Kstd::basic_ostream<_CharT, _Traits>::__ostream_type& std::basic_ostream<_CharT, _Traits>::operator<<(short unsigned int) [with _CharT = char; _Traits = std::char_traits<char>; std::basic_ostream<_CharT, _Traits>::__ostream_type = std::basic_ostream<char>]\x1b[m\x1b[K\xe2\x80\x99\n'}
[6.113734] (rc_interaction) StderrLine: {'line': b'  181 |       \x1b[01;36m\x1b[Koperator\x1b[m\x1b[K<<(unsigned short __n)\n'}
[6.113757] (rc_interaction) StderrLine: {'line': b'      |       \x1b[01;36m\x1b[K^~~~~~~~\x1b[m\x1b[K\n'}
[6.113780] (rc_interaction) StderrLine: {'line': b'\x1b[01m\x1b[K/usr/include/c++/11/ostream:181:33:\x1b[m\x1b[K \x1b[01;36m\x1b[Knote: \x1b[m\x1b[K  no known conversion for argument 1 from \xe2\x80\x98\x1b[01m\x1b[K<unresolved overloaded function type>\x1b[m\x1b[K\xe2\x80\x99 to \xe2\x80\x98\x1b[01m\x1b[Kshort unsigned int\x1b[m\x1b[K\xe2\x80\x99\n'}
[6.113804] (rc_interaction) StderrLine: {'line': b'  181 |       operator<<(\x1b[01;36m\x1b[Kunsigned short __n\x1b[m\x1b[K)\n'}
[6.113827] (rc_interaction) StderrLine: {'line': b'      |                  \x1b[01;36m\x1b[K~~~~~~~~~~~~~~~^~~\x1b[m\x1b[K\n'}
[6.113851] (rc_interaction) StderrLine: {'line': b'In file included from \x1b[01m\x1b[K/usr/include/c++/11/ostream:829\x1b[m\x1b[K,\n'}
[6.113874] (rc_interaction) StderrLine: {'line': b'                 from \x1b[01m\x1b[K/usr/include/c++/11/iostream:39\x1b[m\x1b[K,\n'}
[6.113898] (rc_interaction) StderrLine: {'line': b'                 from \x1b[01m\x1b[K/opt/ros/humble/include/rclcpp/rclcpp/executor.hpp:22\x1b[m\x1b[K,\n'}
[6.113924] (rc_interaction) StderrLine: {'line': b'                 from \x1b[01m\x1b[K/opt/ros/humble/include/rclcpp/rclcpp/executors/multi_threaded_executor.hpp:25\x1b[m\x1b[K,\n'}
[6.113947] (rc_interaction) StderrLine: {'line': b'                 from \x1b[01m\x1b[K/opt/ros/humble/include/rclcpp/rclcpp/executors.hpp:21\x1b[m\x1b[K,\n'}
[6.113970] (rc_interaction) StderrLine: {'line': b'                 from \x1b[01m\x1b[K/opt/ros/humble/include/rclcpp/rclcpp/rclcpp.hpp:155\x1b[m\x1b[K,\n'}
[6.113993] (rc_interaction) StderrLine: {'line': b'                 from \x1b[01m\x1b[K/home/zbt/Upper-main/rc_interaction/src/model_sbus.cpp:1\x1b[m\x1b[K:\n'}
[6.114016] (rc_interaction) StderrLine: {'line': b'\x1b[01m\x1b[K/usr/include/c++/11/bits/ostream.tcc:105:5:\x1b[m\x1b[K \x1b[01;36m\x1b[Knote: \x1b[m\x1b[Kcandidate: \xe2\x80\x98\x1b[01m\x1b[Kstd::basic_ostream<_Ch, _Tr>& std::basic_ostream<_CharT, _Traits>::operator<<(int) [with _CharT = char; _Traits = std::char_traits<char>]\x1b[m\x1b[K\xe2\x80\x99\n'}
[6.114044] (rc_interaction) StderrLine: {'line': b'  105 |     \x1b[01;36m\x1b[Kbasic_ostream<_CharT, _Traits>\x1b[m\x1b[K::\n'}
[6.114067] (rc_interaction) StderrLine: {'line': b'      |     \x1b[01;36m\x1b[K^~~~~~~~~~~~~~~~~~~~~~~~~~~~~~\x1b[m\x1b[K\n'}
[6.114090] (rc_interaction) StderrLine: {'line': b'\x1b[01m\x1b[K/usr/include/c++/11/bits/ostream.tcc:106:20:\x1b[m\x1b[K \x1b[01;36m\x1b[Knote: \x1b[m\x1b[K  no known conversion for argument 1 from \xe2\x80\x98\x1b[01m\x1b[K<unresolved overloaded function type>\x1b[m\x1b[K\xe2\x80\x99 to \xe2\x80\x98\x1b[01m\x1b[Kint\x1b[m\x1b[K\xe2\x80\x99\n'}
[6.114114] (rc_interaction) StderrLine: {'line': b'  106 |     operator<<(\x1b[01;36m\x1b[Kint __n\x1b[m\x1b[K)\n'}
[6.114137] (rc_interaction) StderrLine: {'line': b'      |                \x1b[01;36m\x1b[K~~~~^~~\x1b[m\x1b[K\n'}
[6.114159] (rc_interaction) StderrLine: {'line': b'In file included from \x1b[01m\x1b[K/usr/include/c++/11/iostream:39\x1b[m\x1b[K,\n'}
[6.114182] (rc_interaction) StderrLine: {'line': b'                 from \x1b[01m\x1b[K/opt/ros/humble/include/rclcpp/rclcpp/executor.hpp:22\x1b[m\x1b[K,\n'}
[6.114205] (rc_interaction) StderrLine: {'line': b'                 from \x1b[01m\x1b[K/opt/ros/humble/include/rclcpp/rclcpp/executors/multi_threaded_executor.hpp:25\x1b[m\x1b[K,\n'}
[6.119578] (rc_interaction) StderrLine: {'line': b'                 from \x1b[01m\x1b[K/opt/ros/humble/include/rclcpp/rclcpp/executors.hpp:21\x1b[m\x1b[K,\n'}
[6.119633] (rc_interaction) StderrLine: {'line': b'                 from \x1b[01m\x1b[K/opt/ros/humble/include/rclcpp/rclcpp/rclcpp.hpp:155\x1b[m\x1b[K,\n'}
[6.119663] (rc_interaction) StderrLine: {'line': b'                 from \x1b[01m\x1b[K/home/zbt/Upper-main/rc_interaction/src/model_sbus.cpp:1\x1b[m\x1b[K:\n'}
[6.119691] (rc_interaction) StderrLine: {'line': b'\x1b[01m\x1b[K/usr/include/c++/11/ostream:192:7:\x1b[m\x1b[K \x1b[01;36m\x1b[Knote: \x1b[m\x1b[Kcandidate: \xe2\x80\x98\x1b[01m\x1b[Kstd::basic_ostream<_CharT, _Traits>::__ostream_type& std::basic_ostream<_CharT, _Traits>::operator<<(unsigned int) [with _CharT = char; _Traits = std::char_traits<char>; std::basic_ostream<_CharT, _Traits>::__ostream_type = std::basic_ostream<char>]\x1b[m\x1b[K\xe2\x80\x99\n'}
[6.119726] (rc_interaction) StderrLine: {'line': b'  192 |       \x1b[01;36m\x1b[Koperator\x1b[m\x1b[K<<(unsigned int __n)\n'}
[6.119762] (rc_interaction) StderrLine: {'line': b'      |       \x1b[01;36m\x1b[K^~~~~~~~\x1b[m\x1b[K\n'}
[6.119788] (rc_interaction) StderrLine: {'line': b'\x1b[01m\x1b[K/usr/include/c++/11/ostream:192:31:\x1b[m\x1b[K \x1b[01;36m\x1b[Knote: \x1b[m\x1b[K  no known conversion for argument 1 from \xe2\x80\x98\x1b[01m\x1b[K<unresolved overloaded function type>\x1b[m\x1b[K\xe2\x80\x99 to \xe2\x80\x98\x1b[01m\x1b[Kunsigned int\x1b[m\x1b[K\xe2\x80\x99\n'}
[6.119819] (rc_interaction) StderrLine: {'line': b'  192 |       operator<<(\x1b[01;36m\x1b[Kunsigned int __n\x1b[m\x1b[K)\n'}
[6.119843] (rc_interaction) StderrLine: {'line': b'      |                  \x1b[01;36m\x1b[K~~~~~~~~~~~~~^~~\x1b[m\x1b[K\n'}
[6.119867] (rc_interaction) StderrLine: {'line': b'\x1b[01m\x1b[K/usr/include/c++/11/ostream:201:7:\x1b[m\x1b[K \x1b[01;36m\x1b[Knote: \x1b[m\x1b[Kcandidate: \xe2\x80\x98\x1b[01m\x1b[Kstd::basic_ostream<_CharT, _Traits>::__ostream_type& std::basic_ostream<_CharT, _Traits>::operator<<(long long int) [with _CharT = char; _Traits = std::char_traits<char>; std::basic_ostream<_CharT, _Traits>::__ostream_type = std::basic_ostream<char>]\x1b[m\x1b[K\xe2\x80\x99\n'}
[6.119893] (rc_interaction) StderrLine: {'line': b'  201 |       \x1b[01;36m\x1b[Koperator\x1b[m\x1b[K<<(long long __n)\n'}
[6.119921] (rc_interaction) StderrLine: {'line': b'      |       \x1b[01;36m\x1b[K^~~~~~~~\x1b[m\x1b[K\n'}
[6.119956] (rc_interaction) StderrLine: {'line': b'\x1b[01m\x1b[K/usr/include/c++/11/ostream:201:28:\x1b[m\x1b[K \x1b[01;36m\x1b[Knote: \x1b[m\x1b[K  no known conversion for argument 1 from \xe2\x80\x98\x1b[01m\x1b[K<unresolved overloaded function type>\x1b[m\x1b[K\xe2\x80\x99 to \xe2\x80\x98\x1b[01m\x1b[Klong long int\x1b[m\x1b[K\xe2\x80\x99\n'}
[6.119986] (rc_interaction) StderrLine: {'line': b'  201 |       operator<<(\x1b[01;36m\x1b[Klong long __n\x1b[m\x1b[K)\n'}
[6.120017] (rc_interaction) StderrLine: {'line': b'      |                  \x1b[01;36m\x1b[K~~~~~~~~~~^~~\x1b[m\x1b[K\n'}
[6.120041] (rc_interaction) StderrLine: {'line': b'\x1b[01m\x1b[K/usr/include/c++/11/ostream:205:7:\x1b[m\x1b[K \x1b[01;36m\x1b[Knote: \x1b[m\x1b[Kcandidate: \xe2\x80\x98\x1b[01m\x1b[Kstd::basic_ostream<_CharT, _Traits>::__ostream_type& std::basic_ostream<_CharT, _Traits>::operator<<(long long unsigned int) [with _CharT = char; _Traits = std::char_traits<char>; std::basic_ostream<_CharT, _Traits>::__ostream_type = std::basic_ostream<char>]\x1b[m\x1b[K\xe2\x80\x99\n'}
[6.120069] (rc_interaction) StderrLine: {'line': b'  205 |       \x1b[01;36m\x1b[Koperator\x1b[m\x1b[K<<(unsigned long long __n)\n'}
[6.120097] (rc_interaction) StderrLine: {'line': b'      |       \x1b[01;36m\x1b[K^~~~~~~~\x1b[m\x1b[K\n'}
[6.120125] (rc_interaction) StderrLine: {'line': b'\x1b[01m\x1b[K/usr/include/c++/11/ostream:205:37:\x1b[m\x1b[K \x1b[01;36m\x1b[Knote: \x1b[m\x1b[K  no known conversion for argument 1 from \xe2\x80\x98\x1b[01m\x1b[K<unresolved overloaded function type>\x1b[m\x1b[K\xe2\x80\x99 to \xe2\x80\x98\x1b[01m\x1b[Klong long unsigned int\x1b[m\x1b[K\xe2\x80\x99\n'}
[6.120158] (rc_interaction) StderrLine: {'line': b'  205 |       operator<<(\x1b[01;36m\x1b[Kunsigned long long __n\x1b[m\x1b[K)\n'}
[6.120189] (rc_interaction) StderrLine: {'line': b'      |                  \x1b[01;36m\x1b[K~~~~~~~~~~~~~~~~~~~^~~\x1b[m\x1b[K\n'}
[6.120219] (rc_interaction) StderrLine: {'line': b'\x1b[01m\x1b[K/usr/include/c++/11/ostream:220:7:\x1b[m\x1b[K \x1b[01;36m\x1b[Knote: \x1b[m\x1b[Kcandidate: \xe2\x80\x98\x1b[01m\x1b[Kstd::basic_ostream<_CharT, _Traits>::__ostream_type& std::basic_ostream<_CharT, _Traits>::operator<<(double) [with _CharT = char; _Traits = std::char_traits<char>; std::basic_ostream<_CharT, _Traits>::__ostream_type = std::basic_ostream<char>]\x1b[m\x1b[K\xe2\x80\x99\n'}
[6.120561] (rc_interaction) StderrLine: {'line': b'  220 |       \x1b[01;36m\x1b[Koperator\x1b[m\x1b[K<<(double __f)\n'}
[6.120593] (rc_interaction) StderrLine: {'line': b'      |       \x1b[01;36m\x1b[K^~~~~~~~\x1b[m\x1b[K\n'}
[6.120617] (rc_interaction) StderrLine: {'line': b'\x1b[01m\x1b[K/usr/include/c++/11/ostream:220:25:\x1b[m\x1b[K \x1b[01;36m\x1b[Knote: \x1b[m\x1b[K  no known conversion for argument 1 from \xe2\x80\x98\x1b[01m\x1b[K<unresolved overloaded function type>\x1b[m\x1b[K\xe2\x80\x99 to \xe2\x80\x98\x1b[01m\x1b[Kdouble\x1b[m\x1b[K\xe2\x80\x99\n'}
[6.120642] (rc_interaction) StderrLine: {'line': b'  220 |       operator<<(\x1b[01;36m\x1b[Kdouble __f\x1b[m\x1b[K)\n'}
[6.120666] (rc_interaction) StderrLine: {'line': b'      |                  \x1b[01;36m\x1b[K~~~~~~~^~~\x1b[m\x1b[K\n'}
[6.120689] (rc_interaction) StderrLine: {'line': b'\x1b[01m\x1b[K/usr/include/c++/11/ostream:224:7:\x1b[m\x1b[K \x1b[01;36m\x1b[Knote: \x1b[m\x1b[Kcandidate: \xe2\x80\x98\x1b[01m\x1b[Kstd::basic_ostream<_CharT, _Traits>::__ostream_type& std::basic_ostream<_CharT, _Traits>::operator<<(float) [with _CharT = char; _Traits = std::char_traits<char>; std::basic_ostream<_CharT, _Traits>::__ostream_type = std::basic_ostream<char>]\x1b[m\x1b[K\xe2\x80\x99\n'}
[6.120716] (rc_interaction) StderrLine: {'line': b'  224 |       \x1b[01;36m\x1b[Koperator\x1b[m\x1b[K<<(float __f)\n'}
[6.120740] (rc_interaction) StderrLine: {'line': b'      |       \x1b[01;36m\x1b[K^~~~~~~~\x1b[m\x1b[K\n'}
[6.120768] (rc_interaction) StderrLine: {'line': b'\x1b[01m\x1b[K/usr/include/c++/11/ostream:224:24:\x1b[m\x1b[K \x1b[01;36m\x1b[Knote: \x1b[m\x1b[K  no known conversion for argument 1 from \xe2\x80\x98\x1b[01m\x1b[K<unresolved overloaded function type>\x1b[m\x1b[K\xe2\x80\x99 to \xe2\x80\x98\x1b[01m\x1b[Kfloat\x1b[m\x1b[K\xe2\x80\x99\n'}
[6.120793] (rc_interaction) StderrLine: {'line': b'  224 |       operator<<(\x1b[01;36m\x1b[Kfloat __f\x1b[m\x1b[K)\n'}
[6.120816] (rc_interaction) StderrLine: {'line': b'      |                  \x1b[01;36m\x1b[K~~~~~~^~~\x1b[m\x1b[K\n'}
[6.120843] (rc_interaction) StderrLine: {'line': b'\x1b[01m\x1b[K/usr/include/c++/11/ostream:232:7:\x1b[m\x1b[K \x1b[01;36m\x1b[Knote: \x1b[m\x1b[Kcandidate: \xe2\x80\x98\x1b[01m\x1b[Kstd::basic_ostream<_CharT, _Traits>::__ostream_type& std::basic_ostream<_CharT, _Traits>::operator<<(long double) [with _CharT = char; _Traits = std::char_traits<char>; std::basic_ostream<_CharT, _Traits>::__ostream_type = std::basic_ostream<char>]\x1b[m\x1b[K\xe2\x80\x99\n'}
[6.120868] (rc_interaction) StderrLine: {'line': b'  232 |       \x1b[01;36m\x1b[Koperator\x1b[m\x1b[K<<(long double __f)\n'}
[6.120891] (rc_interaction) StderrLine: {'line': b'      |       \x1b[01;36m\x1b[K^~~~~~~~\x1b[m\x1b[K\n'}
[6.120916] (rc_interaction) StderrLine: {'line': b'\x1b[01m\x1b[K/usr/include/c++/11/ostream:232:30:\x1b[m\x1b[K \x1b[01;36m\x1b[Knote: \x1b[m\x1b[K  no known conversion for argument 1 from \xe2\x80\x98\x1b[01m\x1b[K<unresolved overloaded function type>\x1b[m\x1b[K\xe2\x80\x99 to \xe2\x80\x98\x1b[01m\x1b[Klong double\x1b[m\x1b[K\xe2\x80\x99\n'}
[6.120943] (rc_interaction) StderrLine: {'line': b'  232 |       operator<<(\x1b[01;36m\x1b[Klong double __f\x1b[m\x1b[K)\n'}
[6.120967] (rc_interaction) StderrLine: {'line': b'      |                  \x1b[01;36m\x1b[K~~~~~~~~~~~~^~~\x1b[m\x1b[K\n'}
[6.120990] (rc_interaction) StderrLine: {'line': b'\x1b[01m\x1b[K/usr/include/c++/11/ostream:245:7:\x1b[m\x1b[K \x1b[01;36m\x1b[Knote: \x1b[m\x1b[Kcandidate: \xe2\x80\x98\x1b[01m\x1b[Kstd::basic_ostream<_CharT, _Traits>::__ostream_type& std::basic_ostream<_CharT, _Traits>::operator<<(const void*) [with _CharT = char; _Traits = std::char_traits<char>; std::basic_ostream<_CharT, _Traits>::__ostream_type = std::basic_ostream<char>]\x1b[m\x1b[K\xe2\x80\x99\n'}
[6.121015] (rc_interaction) StderrLine: {'line': b'  245 |       \x1b[01;36m\x1b[Koperator\x1b[m\x1b[K<<(const void* __p)\n'}
[6.121040] (rc_interaction) StderrLine: {'line': b'      |       \x1b[01;36m\x1b[K^~~~~~~~\x1b[m\x1b[K\n'}
[6.121064] (rc_interaction) StderrLine: {'line': b'\x1b[01m\x1b[K/usr/include/c++/11/ostream:245:30:\x1b[m\x1b[K \x1b[01;36m\x1b[Knote: \x1b[m\x1b[K  no known conversion for argument 1 from \xe2\x80\x98\x1b[01m\x1b[K<unresolved overloaded function type>\x1b[m\x1b[K\xe2\x80\x99 to \xe2\x80\x98\x1b[01m\x1b[Kconst void*\x1b[m\x1b[K\xe2\x80\x99\n'}
[6.121092] (rc_interaction) StderrLine: {'line': b'  245 |       operator<<(\x1b[01;36m\x1b[Kconst void* __p\x1b[m\x1b[K)\n'}
[6.121115] (rc_interaction) StderrLine: {'line': b'      |                  \x1b[01;36m\x1b[K~~~~~~~~~~~~^~~\x1b[m\x1b[K\n'}
[6.121140] (rc_interaction) StderrLine: {'line': b'\x1b[01m\x1b[K/usr/include/c++/11/ostream:250:7:\x1b[m\x1b[K \x1b[01;36m\x1b[Knote: \x1b[m\x1b[Kcandidate: \xe2\x80\x98\x1b[01m\x1b[Kstd::basic_ostream<_CharT, _Traits>::__ostream_type& std::basic_ostream<_CharT, _Traits>::operator<<(std::nullptr_t) [with _CharT = char; _Traits = std::char_traits<char>; std::basic_ostream<_CharT, _Traits>::__ostream_type = std::basic_ostream<char>; std::nullptr_t = std::nullptr_t]\x1b[m\x1b[K\xe2\x80\x99\n'}
[6.121165] (rc_interaction) StderrLine: {'line': b'  250 |       \x1b[01;36m\x1b[Koperator\x1b[m\x1b[K<<(nullptr_t)\n'}
[6.121189] (rc_interaction) StderrLine: {'line': b'      |       \x1b[01;36m\x1b[K^~~~~~~~\x1b[m\x1b[K\n'}
[6.121212] (rc_interaction) StderrLine: {'line': b'\x1b[01m\x1b[K/usr/include/c++/11/ostream:250:18:\x1b[m\x1b[K \x1b[01;36m\x1b[Knote: \x1b[m\x1b[K  no known conversion for argument 1 from \xe2\x80\x98\x1b[01m\x1b[K<unresolved overloaded function type>\x1b[m\x1b[K\xe2\x80\x99 to \xe2\x80\x98\x1b[01m\x1b[Kstd::nullptr_t\x1b[m\x1b[K\xe2\x80\x99\n'}
[6.121236] (rc_interaction) StderrLine: {'line': b'  250 |       operator<<(\x1b[01;36m\x1b[Knullptr_t\x1b[m\x1b[K)\n'}
[6.121259] (rc_interaction) StderrLine: {'line': b'      |                  \x1b[01;36m\x1b[K^~~~~~~~~\x1b[m\x1b[K\n'}
[6.121283] (rc_interaction) StderrLine: {'line': b'In file included from \x1b[01m\x1b[K/usr/include/c++/11/ostream:829\x1b[m\x1b[K,\n'}
[6.121306] (rc_interaction) StderrLine: {'line': b'                 from \x1b[01m\x1b[K/usr/include/c++/11/iostream:39\x1b[m\x1b[K,\n'}
[6.121332] (rc_interaction) StderrLine: {'line': b'                 from \x1b[01m\x1b[K/opt/ros/humble/include/rclcpp/rclcpp/executor.hpp:22\x1b[m\x1b[K,\n'}
[6.121355] (rc_interaction) StderrLine: {'line': b'                 from \x1b[01m\x1b[K/opt/ros/humble/include/rclcpp/rclcpp/executors/multi_threaded_executor.hpp:25\x1b[m\x1b[K,\n'}
[6.121381] (rc_interaction) StderrLine: {'line': b'                 from \x1b[01m\x1b[K/opt/ros/humble/include/rclcpp/rclcpp/executors.hpp:21\x1b[m\x1b[K,\n'}
[6.121405] (rc_interaction) StderrLine: {'line': b'                 from \x1b[01m\x1b[K/opt/ros/humble/include/rclcpp/rclcpp/rclcpp.hpp:155\x1b[m\x1b[K,\n'}
[6.121428] (rc_interaction) StderrLine: {'line': b'                 from \x1b[01m\x1b[K/home/zbt/Upper-main/rc_interaction/src/model_sbus.cpp:1\x1b[m\x1b[K:\n'}
[6.121455] (rc_interaction) StderrLine: {'line': b'\x1b[01m\x1b[K/usr/include/c++/11/bits/ostream.tcc:119:5:\x1b[m\x1b[K \x1b[01;36m\x1b[Knote: \x1b[m\x1b[Kcandidate: \xe2\x80\x98\x1b[01m\x1b[Kstd::basic_ostream<_Ch, _Tr>& std::basic_ostream<_CharT, _Traits>::operator<<(std::basic_ostream<_CharT, _Traits>::__streambuf_type*) [with _CharT = char; _Traits = std::char_traits<char>; std::basic_ostream<_CharT, _Traits>::__streambuf_type = std::basic_streambuf<char>]\x1b[m\x1b[K\xe2\x80\x99\n'}
[6.121480] (rc_interaction) StderrLine: {'line': b'  119 |     \x1b[01;36m\x1b[Kbasic_ostream<_CharT, _Traits>\x1b[m\x1b[K::\n'}
[6.121504] (rc_interaction) StderrLine: {'line': b'      |     \x1b[01;36m\x1b[K^~~~~~~~~~~~~~~~~~~~~~~~~~~~~~\x1b[m\x1b[K\n'}
[6.121533] (rc_interaction) StderrLine: {'line': b'\x1b[01m\x1b[K/usr/include/c++/11/bits/ostream.tcc:120:34:\x1b[m\x1b[K \x1b[01;36m\x1b[Knote: \x1b[m\x1b[K  no known conversion for argument 1 from \xe2\x80\x98\x1b[01m\x1b[K<unresolved overloaded function type>\x1b[m\x1b[K\xe2\x80\x99 to \xe2\x80\x98\x1b[01m\x1b[Kstd::basic_ostream<char>::__streambuf_type*\x1b[m\x1b[K\xe2\x80\x99 {aka \xe2\x80\x98\x1b[01m\x1b[Kstd::basic_streambuf<char>*\x1b[m\x1b[K\xe2\x80\x99}\n'}
[6.121572] (rc_interaction) StderrLine: {'line': b'  120 |     operator<<(\x1b[01;36m\x1b[K__streambuf_type* __sbin\x1b[m\x1b[K)\n'}
[6.121609] (-) TimerEvent: {}
[6.126332] (rc_interaction) StderrLine: {'line': b'      |                \x1b[01;36m\x1b[K~~~~~~~~~~~~~~~~~~^~~~~~\x1b[m\x1b[K\n'}
[6.126403] (rc_interaction) StderrLine: {'line': b'In file included from \x1b[01m\x1b[K/home/zbt/Upper-main/rc_interaction/include/rc_interaction/xbox360_node.hpp:34\x1b[m\x1b[K,\n'}
[6.126435] (rc_interaction) StderrLine: {'line': b'                 from \x1b[01m\x1b[K/home/zbt/Upper-main/rc_interaction/src/model_sbus.cpp:3\x1b[m\x1b[K:\n'}
[6.126463] (rc_interaction) StderrLine: {'line': b'\x1b[01m\x1b[K/home/zbt/Upper-main/rc_interaction/include/rc_interaction/utils.hpp:6:15:\x1b[m\x1b[K \x1b[01;36m\x1b[Knote: \x1b[m\x1b[Kcandidate: \xe2\x80\x98\x1b[01m\x1b[Ktemplate<class T> std::ostream& operator<<(std::ostream&, std::vector<BufferT>&)\x1b[m\x1b[K\xe2\x80\x99\n'}
[6.126490] (rc_interaction) StderrLine: {'line': b'    6 | std::ostream &\x1b[01;36m\x1b[Koperator\x1b[m\x1b[K<<(std::ostream &os, std::vector<T> &__vec) {\n'}
[6.126520] (rc_interaction) StderrLine: {'line': b'      |               \x1b[01;36m\x1b[K^~~~~~~~\x1b[m\x1b[K\n'}
[6.126545] (rc_interaction) StderrLine: {'line': b'\x1b[01m\x1b[K/home/zbt/Upper-main/rc_interaction/include/rc_interaction/utils.hpp:6:15:\x1b[m\x1b[K \x1b[01;36m\x1b[Knote: \x1b[m\x1b[K  template argument deduction/substitution failed:\n'}
[6.126570] (rc_interaction) StderrLine: {'line': b'In file included from \x1b[01m\x1b[K/home/zbt/Upper-main/rc_interaction/src/model_sbus.cpp:4\x1b[m\x1b[K:\n'}
[6.126594] (rc_interaction) StderrLine: {'line': b'\x1b[01m\x1b[K/home/zbt/Upper-main/rc_interaction/include/rc_interaction/sbus_node.hpp:216:34:\x1b[m\x1b[K \x1b[01;36m\x1b[Knote: \x1b[m\x1b[K  couldn\xe2\x80\x99t deduce template parameter \xe2\x80\x98\x1b[01m\x1b[KT\x1b[m\x1b[K\xe2\x80\x99\n'}
[6.126622] (rc_interaction) StderrLine: {'line': b'  216 |       cout<<vel_.twist.linear.y<<\x1b[01;36m\x1b[Kend\x1b[m\x1b[K;\n'}
[6.126646] (rc_interaction) StderrLine: {'line': b'      |                                  \x1b[01;36m\x1b[K^~~\x1b[m\x1b[K\n'}
[6.126671] (rc_interaction) StderrLine: {'line': b'In file included from \x1b[01m\x1b[K/usr/include/c++/11/memory:77\x1b[m\x1b[K,\n'}
[6.126694] (rc_interaction) StderrLine: {'line': b'                 from \x1b[01m\x1b[K/opt/ros/humble/include/rclcpp/rclcpp/rclcpp.hpp:153\x1b[m\x1b[K,\n'}
[6.126718] (rc_interaction) StderrLine: {'line': b'                 from \x1b[01m\x1b[K/home/zbt/Upper-main/rc_interaction/src/model_sbus.cpp:1\x1b[m\x1b[K:\n'}
[6.126741] (rc_interaction) StderrLine: {'line': b'\x1b[01m\x1b[K/usr/include/c++/11/bits/shared_ptr.h:70:5:\x1b[m\x1b[K \x1b[01;36m\x1b[Knote: \x1b[m\x1b[Kcandidate: \xe2\x80\x98\x1b[01m\x1b[Ktemplate<class _Ch, class _Tr, class _Tp, __gnu_cxx::_Lock_policy _Lp> std::basic_ostream<_Ch, _Tr>& std::operator<<(std::basic_ostream<_Ch, _Tr>&, const std::__shared_ptr<_Tp, _Lp>&)\x1b[m\x1b[K\xe2\x80\x99\n'}
[6.126774] (rc_interaction) StderrLine: {'line': b'   70 |     \x1b[01;36m\x1b[Koperator\x1b[m\x1b[K<<(std::basic_ostream<_Ch, _Tr>& __os,\n'}
[6.126798] (rc_interaction) StderrLine: {'line': b'      |     \x1b[01;36m\x1b[K^~~~~~~~\x1b[m\x1b[K\n'}
[6.126822] (rc_interaction) StderrLine: {'line': b'\x1b[01m\x1b[K/usr/include/c++/11/bits/shared_ptr.h:70:5:\x1b[m\x1b[K \x1b[01;36m\x1b[Knote: \x1b[m\x1b[K  template argument deduction/substitution failed:\n'}
[6.126846] (rc_interaction) StderrLine: {'line': b'In file included from \x1b[01m\x1b[K/home/zbt/Upper-main/rc_interaction/src/model_sbus.cpp:4\x1b[m\x1b[K:\n'}
[6.126870] (rc_interaction) StderrLine: {'line': b'\x1b[01m\x1b[K/home/zbt/Upper-main/rc_interaction/include/rc_interaction/sbus_node.hpp:216:34:\x1b[m\x1b[K \x1b[01;36m\x1b[Knote: \x1b[m\x1b[K  couldn\xe2\x80\x99t deduce template parameter \xe2\x80\x98\x1b[01m\x1b[K_Tp\x1b[m\x1b[K\xe2\x80\x99\n'}
[6.126894] (rc_interaction) StderrLine: {'line': b'  216 |       cout<<vel_.twist.linear.y<<\x1b[01;36m\x1b[Kend\x1b[m\x1b[K;\n'}
[6.126918] (rc_interaction) StderrLine: {'line': b'      |                                  \x1b[01;36m\x1b[K^~~\x1b[m\x1b[K\n'}
[6.126942] (rc_interaction) StderrLine: {'line': b'In file included from \x1b[01m\x1b[K/usr/include/c++/11/bits/basic_string.h:48\x1b[m\x1b[K,\n'}
[6.126966] (rc_interaction) StderrLine: {'line': b'                 from \x1b[01m\x1b[K/usr/include/c++/11/string:55\x1b[m\x1b[K,\n'}
[6.126989] (rc_interaction) StderrLine: {'line': b'                 from \x1b[01m\x1b[K/usr/include/c++/11/stdexcept:39\x1b[m\x1b[K,\n'}
[6.127012] (rc_interaction) StderrLine: {'line': b'                 from \x1b[01m\x1b[K/usr/include/c++/11/system_error:41\x1b[m\x1b[K,\n'}
[6.127036] (rc_interaction) StderrLine: {'line': b'                 from \x1b[01m\x1b[K/usr/include/c++/11/mutex:42\x1b[m\x1b[K,\n'}
[6.127061] (rc_interaction) StderrLine: {'line': b'                 from \x1b[01m\x1b[K/usr/include/c++/11/future:38\x1b[m\x1b[K,\n'}
[6.127085] (rc_interaction) StderrLine: {'line': b'                 from \x1b[01m\x1b[K/opt/ros/humble/include/rclcpp/rclcpp/executors.hpp:18\x1b[m\x1b[K,\n'}
[6.127112] (rc_interaction) StderrLine: {'line': b'                 from \x1b[01m\x1b[K/opt/ros/humble/include/rclcpp/rclcpp/rclcpp.hpp:155\x1b[m\x1b[K,\n'}
[6.127135] (rc_interaction) StderrLine: {'line': b'                 from \x1b[01m\x1b[K/home/zbt/Upper-main/rc_interaction/src/model_sbus.cpp:1\x1b[m\x1b[K:\n'}
[6.127159] (rc_interaction) StderrLine: {'line': b'\x1b[01m\x1b[K/usr/include/c++/11/string_view:667:5:\x1b[m\x1b[K \x1b[01;36m\x1b[Knote: \x1b[m\x1b[Kcandidate: \xe2\x80\x98\x1b[01m\x1b[Kstd::basic_ostream<_Ch, _Tr>& std::operator<<(std::basic_ostream<_Ch, _Tr>&, std::basic_string_view<_CharT, _Traits>) [with _CharT = char; _Traits = std::char_traits<char>]\x1b[m\x1b[K\xe2\x80\x99\n'}
[6.127185] (rc_interaction) StderrLine: {'line': b'  667 |     \x1b[01;36m\x1b[Koperator\x1b[m\x1b[K<<(basic_ostream<_CharT, _Traits>& __os,\n'}
[6.127211] (rc_interaction) StderrLine: {'line': b'      |     \x1b[01;36m\x1b[K^~~~~~~~\x1b[m\x1b[K\n'}
[6.127235] (rc_interaction) StderrLine: {'line': b'\x1b[01m\x1b[K/usr/include/c++/11/string_view:668:50:\x1b[m\x1b[K \x1b[01;36m\x1b[Knote: \x1b[m\x1b[K  no known conversion for argument 2 from \xe2\x80\x98\x1b[01m\x1b[K<unresolved overloaded function type>\x1b[m\x1b[K\xe2\x80\x99 to \xe2\x80\x98\x1b[01m\x1b[Kstd::basic_string_view<char>\x1b[m\x1b[K\xe2\x80\x99\n'}
[6.127260] (rc_interaction) StderrLine: {'line': b'  668 |                \x1b[01;36m\x1b[Kbasic_string_view<_CharT,_Traits> __str\x1b[m\x1b[K)\n'}
[6.127284] (rc_interaction) StderrLine: {'line': b'      |                \x1b[01;36m\x1b[K~~~~~~~~~~~~~~~~~~~~~~~~~~~~~~~~~~^~~~~\x1b[m\x1b[K\n'}
[6.127308] (rc_interaction) StderrLine: {'line': b'In file included from \x1b[01m\x1b[K/usr/include/c++/11/string:55\x1b[m\x1b[K,\n'}
[6.127331] (rc_interaction) StderrLine: {'line': b'                 from \x1b[01m\x1b[K/usr/include/c++/11/stdexcept:39\x1b[m\x1b[K,\n'}
[6.127355] (rc_interaction) StderrLine: {'line': b'                 from \x1b[01m\x1b[K/usr/include/c++/11/system_error:41\x1b[m\x1b[K,\n'}
[6.127379] (rc_interaction) StderrLine: {'line': b'                 from \x1b[01m\x1b[K/usr/include/c++/11/mutex:42\x1b[m\x1b[K,\n'}
[6.127402] (rc_interaction) StderrLine: {'line': b'                 from \x1b[01m\x1b[K/usr/include/c++/11/future:38\x1b[m\x1b[K,\n'}
[6.127426] (rc_interaction) StderrLine: {'line': b'                 from \x1b[01m\x1b[K/opt/ros/humble/include/rclcpp/rclcpp/executors.hpp:18\x1b[m\x1b[K,\n'}
[6.127453] (rc_interaction) StderrLine: {'line': b'                 from \x1b[01m\x1b[K/opt/ros/humble/include/rclcpp/rclcpp/rclcpp.hpp:155\x1b[m\x1b[K,\n'}
[6.127477] (rc_interaction) StderrLine: {'line': b'                 from \x1b[01m\x1b[K/home/zbt/Upper-main/rc_interaction/src/model_sbus.cpp:1\x1b[m\x1b[K:\n'}
[6.127500] (rc_interaction) StderrLine: {'line': b'\x1b[01m\x1b[K/usr/include/c++/11/bits/basic_string.h:6531:5:\x1b[m\x1b[K \x1b[01;36m\x1b[Knote: \x1b[m\x1b[Kcandidate: \xe2\x80\x98\x1b[01m\x1b[Ktemplate<class _CharT, class _Traits, class _Alloc> std::basic_ostream<_Ch, _Tr>& std::operator<<(std::basic_ostream<_Ch, _Tr>&, const std::__cxx11::basic_string<_CharT, _Traits, _Allocator>&)\x1b[m\x1b[K\xe2\x80\x99\n'}
[6.127526] (rc_interaction) StderrLine: {'line': b' 6531 |     \x1b[01;36m\x1b[Koperator\x1b[m\x1b[K<<(basic_ostream<_CharT, _Traits>& __os,\n'}
[6.127549] (rc_interaction) StderrLine: {'line': b'      |     \x1b[01;36m\x1b[K^~~~~~~~\x1b[m\x1b[K\n'}
[6.127573] (rc_interaction) StderrLine: {'line': b'\x1b[01m\x1b[K/usr/include/c++/11/bits/basic_string.h:6531:5:\x1b[m\x1b[K \x1b[01;36m\x1b[Knote: \x1b[m\x1b[K  template argument deduction/substitution failed:\n'}
[6.127597] (rc_interaction) StderrLine: {'line': b'In file included from \x1b[01m\x1b[K/home/zbt/Upper-main/rc_interaction/src/model_sbus.cpp:4\x1b[m\x1b[K:\n'}
[6.127620] (rc_interaction) StderrLine: {'line': b'\x1b[01m\x1b[K/home/zbt/Upper-main/rc_interaction/include/rc_interaction/sbus_node.hpp:216:34:\x1b[m\x1b[K \x1b[01;36m\x1b[Knote: \x1b[m\x1b[K  couldn\xe2\x80\x99t deduce template parameter \xe2\x80\x98\x1b[01m\x1b[K_Alloc\x1b[m\x1b[K\xe2\x80\x99\n'}
[6.127644] (rc_interaction) StderrLine: {'line': b'  216 |       cout<<vel_.twist.linear.y<<\x1b[01;36m\x1b[Kend\x1b[m\x1b[K;\n'}
[6.127668] (rc_interaction) StderrLine: {'line': b'      |                                  \x1b[01;36m\x1b[K^~~\x1b[m\x1b[K\n'}
[6.127691] (rc_interaction) StderrLine: {'line': b'In file included from \x1b[01m\x1b[K/usr/include/c++/11/mutex:42\x1b[m\x1b[K,\n'}
[6.127715] (rc_interaction) StderrLine: {'line': b'                 from \x1b[01m\x1b[K/usr/include/c++/11/future:38\x1b[m\x1b[K,\n'}
[6.127738] (rc_interaction) StderrLine: {'line': b'                 from \x1b[01m\x1b[K/opt/ros/humble/include/rclcpp/rclcpp/executors.hpp:18\x1b[m\x1b[K,\n'}
[6.127762] (rc_interaction) StderrLine: {'line': b'                 from \x1b[01m\x1b[K/opt/ros/humble/include/rclcpp/rclcpp/rclcpp.hpp:155\x1b[m\x1b[K,\n'}
[6.127789] (rc_interaction) StderrLine: {'line': b'                 from \x1b[01m\x1b[K/home/zbt/Upper-main/rc_interaction/src/model_sbus.cpp:1\x1b[m\x1b[K:\n'}
[6.127813] (rc_interaction) StderrLine: {'line': b'\x1b[01m\x1b[K/usr/include/c++/11/system_error:279:5:\x1b[m\x1b[K \x1b[01;36m\x1b[Knote: \x1b[m\x1b[Kcandidate: \xe2\x80\x98\x1b[01m\x1b[Ktemplate<class _CharT, class _Traits> std::basic_ostream<_Ch, _Tr>& std::operator<<(std::basic_ostream<_Ch, _Tr>&, const std::error_code&)\x1b[m\x1b[K\xe2\x80\x99\n'}
[6.127838] (rc_interaction) StderrLine: {'line': b'  279 |     \x1b[01;36m\x1b[Koperator\x1b[m\x1b[K<<(basic_ostream<_CharT, _Traits>& __os, const error_code& __e)\n'}
[6.127862] (rc_interaction) StderrLine: {'line': b'      |     \x1b[01;36m\x1b[K^~~~~~~~\x1b[m\x1b[K\n'}
[6.127885] (rc_interaction) StderrLine: {'line': b'\x1b[01m\x1b[K/usr/include/c++/11/system_error:279:5:\x1b[m\x1b[K \x1b[01;36m\x1b[Knote: \x1b[m\x1b[K  template argument deduction/substitution failed:\n'}
[6.127909] (rc_interaction) StderrLine: {'line': b'In file included from \x1b[01m\x1b[K/home/zbt/Upper-main/rc_interaction/src/model_sbus.cpp:4\x1b[m\x1b[K:\n'}
[6.127933] (rc_interaction) StderrLine: {'line': b'\x1b[01m\x1b[K/home/zbt/Upper-main/rc_interaction/include/rc_interaction/sbus_node.hpp:216:34:\x1b[m\x1b[K \x1b[01;36m\x1b[Knote: \x1b[m\x1b[K  cannot convert \xe2\x80\x98\x1b[01m\x1b[Kstd::end\x1b[m\x1b[K\xe2\x80\x99 (type \xe2\x80\x98\x1b[01m\x1b[K<unresolved overloaded function type>\x1b[m\x1b[K\xe2\x80\x99) to type \xe2\x80\x98\x1b[01m\x1b[Kconst std::error_code&\x1b[m\x1b[K\xe2\x80\x99\n'}
[6.127958] (rc_interaction) StderrLine: {'line': b'  216 |       cout<<vel_.twist.linear.y<<\x1b[01;36m\x1b[Kend\x1b[m\x1b[K;\n'}
[6.127981] (rc_interaction) StderrLine: {'line': b'      |                                  \x1b[01;36m\x1b[K^~~\x1b[m\x1b[K\n'}
[6.128004] (rc_interaction) StderrLine: {'line': b'In file included from \x1b[01m\x1b[K/opt/ros/humble/include/rclcpp/rclcpp/executors/multi_threaded_executor.hpp:22\x1b[m\x1b[K,\n'}
[6.139820] (rc_interaction) StderrLine: {'line': b'                 from \x1b[01m\x1b[K/opt/ros/humble/include/rclcpp/rclcpp/executors.hpp:21\x1b[m\x1b[K,\n'}
[6.139856] (rc_interaction) StderrLine: {'line': b'                 from \x1b[01m\x1b[K/opt/ros/humble/include/rclcpp/rclcpp/rclcpp.hpp:155\x1b[m\x1b[K,\n'}
[6.139884] (rc_interaction) StderrLine: {'line': b'                 from \x1b[01m\x1b[K/home/zbt/Upper-main/rc_interaction/src/model_sbus.cpp:1\x1b[m\x1b[K:\n'}
[6.139911] (rc_interaction) StderrLine: {'line': b'\x1b[01m\x1b[K/usr/include/c++/11/thread:92:5:\x1b[m\x1b[K \x1b[01;36m\x1b[Knote: \x1b[m\x1b[Kcandidate: \xe2\x80\x98\x1b[01m\x1b[Ktemplate<class _CharT, class _Traits> std::basic_ostream<_Ch, _Tr>& std::operator<<(std::basic_ostream<_Ch, _Tr>&, std::thread::id)\x1b[m\x1b[K\xe2\x80\x99\n'}
[6.139939] (rc_interaction) StderrLine: {'line': b'   92 |     \x1b[01;36m\x1b[Koperator\x1b[m\x1b[K<<(basic_ostream<_CharT, _Traits>& __out, thread::id __id)\n'}
[6.139965] (rc_interaction) StderrLine: {'line': b'      |     \x1b[01;36m\x1b[K^~~~~~~~\x1b[m\x1b[K\n'}
[6.139989] (rc_interaction) StderrLine: {'line': b'\x1b[01m\x1b[K/usr/include/c++/11/thread:92:5:\x1b[m\x1b[K \x1b[01;36m\x1b[Knote: \x1b[m\x1b[K  template argument deduction/substitution failed:\n'}
[6.140013] (rc_interaction) StderrLine: {'line': b'In file included from \x1b[01m\x1b[K/home/zbt/Upper-main/rc_interaction/src/model_sbus.cpp:4\x1b[m\x1b[K:\n'}
[6.140037] (rc_interaction) StderrLine: {'line': b'\x1b[01m\x1b[K/home/zbt/Upper-main/rc_interaction/include/rc_interaction/sbus_node.hpp:216:34:\x1b[m\x1b[K \x1b[01;36m\x1b[Knote: \x1b[m\x1b[K  cannot convert \xe2\x80\x98\x1b[01m\x1b[Kstd::end\x1b[m\x1b[K\xe2\x80\x99 (type \xe2\x80\x98\x1b[01m\x1b[K<unresolved overloaded function type>\x1b[m\x1b[K\xe2\x80\x99) to type \xe2\x80\x98\x1b[01m\x1b[Kstd::thread::id\x1b[m\x1b[K\xe2\x80\x99\n'}
[6.140068] (rc_interaction) StderrLine: {'line': b'  216 |       cout<<vel_.twist.linear.y<<\x1b[01;36m\x1b[Kend\x1b[m\x1b[K;\n'}
[6.140098] (rc_interaction) StderrLine: {'line': b'      |                                  \x1b[01;36m\x1b[K^~~\x1b[m\x1b[K\n'}
[6.140122] (rc_interaction) StderrLine: {'line': b'In file included from \x1b[01m\x1b[K/usr/include/c++/11/iostream:39\x1b[m\x1b[K,\n'}
[6.140147] (rc_interaction) StderrLine: {'line': b'                 from \x1b[01m\x1b[K/opt/ros/humble/include/rclcpp/rclcpp/executor.hpp:22\x1b[m\x1b[K,\n'}
[6.140171] (rc_interaction) StderrLine: {'line': b'                 from \x1b[01m\x1b[K/opt/ros/humble/include/rclcpp/rclcpp/executors/multi_threaded_executor.hpp:25\x1b[m\x1b[K,\n'}
[6.140195] (rc_interaction) StderrLine: {'line': b'                 from \x1b[01m\x1b[K/opt/ros/humble/include/rclcpp/rclcpp/executors.hpp:21\x1b[m\x1b[K,\n'}
[6.140221] (rc_interaction) StderrLine: {'line': b'                 from \x1b[01m\x1b[K/opt/ros/humble/include/rclcpp/rclcpp/rclcpp.hpp:155\x1b[m\x1b[K,\n'}
[6.140245] (rc_interaction) StderrLine: {'line': b'                 from \x1b[01m\x1b[K/home/zbt/Upper-main/rc_interaction/src/model_sbus.cpp:1\x1b[m\x1b[K:\n'}
[6.140268] (rc_interaction) StderrLine: {'line': b'\x1b[01m\x1b[K/usr/include/c++/11/ostream:513:5:\x1b[m\x1b[K \x1b[01;36m\x1b[Knote: \x1b[m\x1b[Kcandidate: \xe2\x80\x98\x1b[01m\x1b[Kstd::basic_ostream<_Ch, _Tr>& std::operator<<(std::basic_ostream<_Ch, _Tr>&, _CharT) [with _CharT = char; _Traits = std::char_traits<char>]\x1b[m\x1b[K\xe2\x80\x99\n'}
[6.140293] (rc_interaction) StderrLine: {'line': b'  513 |     \x1b[01;36m\x1b[Koperator\x1b[m\x1b[K<<(basic_ostream<_CharT, _Traits>& __out, _CharT __c)\n'}
[6.140317] (rc_interaction) StderrLine: {'line': b'      |     \x1b[01;36m\x1b[K^~~~~~~~\x1b[m\x1b[K\n'}
[6.140341] (rc_interaction) StderrLine: {'line': b'\x1b[01m\x1b[K/usr/include/c++/11/ostream:513:62:\x1b[m\x1b[K \x1b[01;36m\x1b[Knote: \x1b[m\x1b[K  no known conversion for argument 2 from \xe2\x80\x98\x1b[01m\x1b[K<unresolved overloaded function type>\x1b[m\x1b[K\xe2\x80\x99 to \xe2\x80\x98\x1b[01m\x1b[Kchar\x1b[m\x1b[K\xe2\x80\x99\n'}
[6.140365] (rc_interaction) StderrLine: {'line': b'  513 |     operator<<(basic_ostream<_CharT, _Traits>& __out, \x1b[01;36m\x1b[K_CharT __c\x1b[m\x1b[K)\n'}
[6.140389] (rc_interaction) StderrLine: {'line': b'      |                                                       \x1b[01;36m\x1b[K~~~~~~~^~~\x1b[m\x1b[K\n'}
[6.140414] (rc_interaction) StderrLine: {'line': b'\x1b[01m\x1b[K/usr/include/c++/11/ostream:518:5:\x1b[m\x1b[K \x1b[01;36m\x1b[Knote: \x1b[m\x1b[Kcandidate: \xe2\x80\x98\x1b[01m\x1b[Ktemplate<class _CharT, class _Traits> std::basic_ostream<_Ch, _Tr>& std::operator<<(std::basic_ostream<_Ch, _Tr>&, char)\x1b[m\x1b[K\xe2\x80\x99\n'}
[6.140439] (rc_interaction) StderrLine: {'line': b'  518 |     \x1b[01;36m\x1b[Koperator\x1b[m\x1b[K<<(basic_ostream<_CharT, _Traits>& __out, char __c)\n'}
[6.140465] (rc_interaction) StderrLine: {'line': b'      |     \x1b[01;36m\x1b[K^~~~~~~~\x1b[m\x1b[K\n'}
[6.140489] (rc_interaction) StderrLine: {'line': b'\x1b[01m\x1b[K/usr/include/c++/11/ostream:518:5:\x1b[m\x1b[K \x1b[01;36m\x1b[Knote: \x1b[m\x1b[K  template argument deduction/substitution failed:\n'}
[6.140512] (rc_interaction) StderrLine: {'line': b'In file included from \x1b[01m\x1b[K/home/zbt/Upper-main/rc_interaction/src/model_sbus.cpp:4\x1b[m\x1b[K:\n'}
[6.140536] (rc_interaction) StderrLine: {'line': b'\x1b[01m\x1b[K/home/zbt/Upper-main/rc_interaction/include/rc_interaction/sbus_node.hpp:216:34:\x1b[m\x1b[K \x1b[01;36m\x1b[Knote: \x1b[m\x1b[K  cannot convert \xe2\x80\x98\x1b[01m\x1b[Kstd::end\x1b[m\x1b[K\xe2\x80\x99 (type \xe2\x80\x98\x1b[01m\x1b[K<unresolved overloaded function type>\x1b[m\x1b[K\xe2\x80\x99) to type \xe2\x80\x98\x1b[01m\x1b[Kchar\x1b[m\x1b[K\xe2\x80\x99\n'}
[6.140561] (rc_interaction) StderrLine: {'line': b'  216 |       cout<<vel_.twist.linear.y<<\x1b[01;36m\x1b[Kend\x1b[m\x1b[K;\n'}
[6.140585] (rc_interaction) StderrLine: {'line': b'      |                                  \x1b[01;36m\x1b[K^~~\x1b[m\x1b[K\n'}
[6.140609] (rc_interaction) StderrLine: {'line': b'In file included from \x1b[01m\x1b[K/usr/include/c++/11/iostream:39\x1b[m\x1b[K,\n'}
[6.140635] (rc_interaction) StderrLine: {'line': b'                 from \x1b[01m\x1b[K/opt/ros/humble/include/rclcpp/rclcpp/executor.hpp:22\x1b[m\x1b[K,\n'}
[6.140659] (rc_interaction) StderrLine: {'line': b'                 from \x1b[01m\x1b[K/opt/ros/humble/include/rclcpp/rclcpp/executors/multi_threaded_executor.hpp:25\x1b[m\x1b[K,\n'}
[6.140683] (rc_interaction) StderrLine: {'line': b'                 from \x1b[01m\x1b[K/opt/ros/humble/include/rclcpp/rclcpp/executors.hpp:21\x1b[m\x1b[K,\n'}
[6.140707] (rc_interaction) StderrLine: {'line': b'                 from \x1b[01m\x1b[K/opt/ros/humble/include/rclcpp/rclcpp/rclcpp.hpp:155\x1b[m\x1b[K,\n'}
[6.140730] (rc_interaction) StderrLine: {'line': b'                 from \x1b[01m\x1b[K/home/zbt/Upper-main/rc_interaction/src/model_sbus.cpp:1\x1b[m\x1b[K:\n'}
[6.140756] (rc_interaction) StderrLine: {'line': b'\x1b[01m\x1b[K/usr/include/c++/11/ostream:524:5:\x1b[m\x1b[K \x1b[01;36m\x1b[Knote: \x1b[m\x1b[Kcandidate: \xe2\x80\x98\x1b[01m\x1b[Ktemplate<class _Traits> std::basic_ostream<char, _Traits>& std::operator<<(std::basic_ostream<char, _Traits>&, char)\x1b[m\x1b[K\xe2\x80\x99\n'}
[6.140780] (rc_interaction) StderrLine: {'line': b'  524 |     \x1b[01;36m\x1b[Koperator\x1b[m\x1b[K<<(basic_ostream<char, _Traits>& __out, char __c)\n'}
[6.140805] (rc_interaction) StderrLine: {'line': b'      |     \x1b[01;36m\x1b[K^~~~~~~~\x1b[m\x1b[K\n'}
[6.140829] (rc_interaction) StderrLine: {'line': b'\x1b[01m\x1b[K/usr/include/c++/11/ostream:524:5:\x1b[m\x1b[K \x1b[01;36m\x1b[Knote: \x1b[m\x1b[K  template argument deduction/substitution failed:\n'}
[6.140854] (rc_interaction) StderrLine: {'line': b'In file included from \x1b[01m\x1b[K/home/zbt/Upper-main/rc_interaction/src/model_sbus.cpp:4\x1b[m\x1b[K:\n'}
[6.140878] (rc_interaction) StderrLine: {'line': b'\x1b[01m\x1b[K/home/zbt/Upper-main/rc_interaction/include/rc_interaction/sbus_node.hpp:216:34:\x1b[m\x1b[K \x1b[01;36m\x1b[Knote: \x1b[m\x1b[K  cannot convert \xe2\x80\x98\x1b[01m\x1b[Kstd::end\x1b[m\x1b[K\xe2\x80\x99 (type \xe2\x80\x98\x1b[01m\x1b[K<unresolved overloaded function type>\x1b[m\x1b[K\xe2\x80\x99) to type \xe2\x80\x98\x1b[01m\x1b[Kchar\x1b[m\x1b[K\xe2\x80\x99\n'}
[6.140905] (rc_interaction) StderrLine: {'line': b'  216 |       cout<<vel_.twist.linear.y<<\x1b[01;36m\x1b[Kend\x1b[m\x1b[K;\n'}
[6.140929] (rc_interaction) StderrLine: {'line': b'      |                                  \x1b[01;36m\x1b[K^~~\x1b[m\x1b[K\n'}
[6.140952] (rc_interaction) StderrLine: {'line': b'In file included from \x1b[01m\x1b[K/usr/include/c++/11/iostream:39\x1b[m\x1b[K,\n'}
[6.140976] (rc_interaction) StderrLine: {'line': b'                 from \x1b[01m\x1b[K/opt/ros/humble/include/rclcpp/rclcpp/executor.hpp:22\x1b[m\x1b[K,\n'}
[6.140999] (rc_interaction) StderrLine: {'line': b'                 from \x1b[01m\x1b[K/opt/ros/humble/include/rclcpp/rclcpp/executors/multi_threaded_executor.hpp:25\x1b[m\x1b[K,\n'}
[6.141023] (rc_interaction) StderrLine: {'line': b'                 from \x1b[01m\x1b[K/opt/ros/humble/include/rclcpp/rclcpp/executors.hpp:21\x1b[m\x1b[K,\n'}
[6.141046] (rc_interaction) StderrLine: {'line': b'                 from \x1b[01m\x1b[K/opt/ros/humble/include/rclcpp/rclcpp/rclcpp.hpp:155\x1b[m\x1b[K,\n'}
[6.141070] (rc_interaction) StderrLine: {'line': b'                 from \x1b[01m\x1b[K/home/zbt/Upper-main/rc_interaction/src/model_sbus.cpp:1\x1b[m\x1b[K:\n'}
[6.141093] (rc_interaction) StderrLine: {'line': b'\x1b[01m\x1b[K/usr/include/c++/11/ostream:530:5:\x1b[m\x1b[K \x1b[01;36m\x1b[Knote: \x1b[m\x1b[Kcandidate: \xe2\x80\x98\x1b[01m\x1b[Ktemplate<class _Traits> std::basic_ostream<char, _Traits>& std::operator<<(std::basic_ostream<char, _Traits>&, signed char)\x1b[m\x1b[K\xe2\x80\x99\n'}
[6.141117] (rc_interaction) StderrLine: {'line': b'  530 |     \x1b[01;36m\x1b[Koperator\x1b[m\x1b[K<<(basic_ostream<char, _Traits>& __out, signed char __c)\n'}
[6.141141] (rc_interaction) StderrLine: {'line': b'      |     \x1b[01;36m\x1b[K^~~~~~~~\x1b[m\x1b[K\n'}
[6.141164] (rc_interaction) StderrLine: {'line': b'\x1b[01m\x1b[K/usr/include/c++/11/ostream:530:5:\x1b[m\x1b[K \x1b[01;36m\x1b[Knote: \x1b[m\x1b[K  template argument deduction/substitution failed:\n'}
[6.141190] (rc_interaction) StderrLine: {'line': b'In file included from \x1b[01m\x1b[K/home/zbt/Upper-main/rc_interaction/src/model_sbus.cpp:4\x1b[m\x1b[K:\n'}
[6.141214] (rc_interaction) StderrLine: {'line': b'\x1b[01m\x1b[K/home/zbt/Upper-main/rc_interaction/include/rc_interaction/sbus_node.hpp:216:34:\x1b[m\x1b[K \x1b[01;36m\x1b[Knote: \x1b[m\x1b[K  cannot convert \xe2\x80\x98\x1b[01m\x1b[Kstd::end\x1b[m\x1b[K\xe2\x80\x99 (type \xe2\x80\x98\x1b[01m\x1b[K<unresolved overloaded function type>\x1b[m\x1b[K\xe2\x80\x99) to type \xe2\x80\x98\x1b[01m\x1b[Ksigned char\x1b[m\x1b[K\xe2\x80\x99\n'}
[6.141239] (rc_interaction) StderrLine: {'line': b'  216 |       cout<<vel_.twist.linear.y<<\x1b[01;36m\x1b[Kend\x1b[m\x1b[K;\n'}
[6.141263] (rc_interaction) StderrLine: {'line': b'      |                                  \x1b[01;36m\x1b[K^~~\x1b[m\x1b[K\n'}
[6.141288] (rc_interaction) StderrLine: {'line': b'In file included from \x1b[01m\x1b[K/usr/include/c++/11/iostream:39\x1b[m\x1b[K,\n'}
[6.141318] (rc_interaction) StderrLine: {'line': b'                 from \x1b[01m\x1b[K/opt/ros/humble/include/rclcpp/rclcpp/executor.hpp:22\x1b[m\x1b[K,\n'}
[6.141342] (rc_interaction) StderrLine: {'line': b'                 from \x1b[01m\x1b[K/opt/ros/humble/include/rclcpp/rclcpp/executors/multi_threaded_executor.hpp:25\x1b[m\x1b[K,\n'}
[6.141365] (rc_interaction) StderrLine: {'line': b'                 from \x1b[01m\x1b[K/opt/ros/humble/include/rclcpp/rclcpp/executors.hpp:21\x1b[m\x1b[K,\n'}
[6.141389] (rc_interaction) StderrLine: {'line': b'                 from \x1b[01m\x1b[K/opt/ros/humble/include/rclcpp/rclcpp/rclcpp.hpp:155\x1b[m\x1b[K,\n'}
[6.141415] (rc_interaction) StderrLine: {'line': b'                 from \x1b[01m\x1b[K/home/zbt/Upper-main/rc_interaction/src/model_sbus.cpp:1\x1b[m\x1b[K:\n'}
[6.141439] (rc_interaction) StderrLine: {'line': b'\x1b[01m\x1b[K/usr/include/c++/11/ostream:535:5:\x1b[m\x1b[K \x1b[01;36m\x1b[Knote: \x1b[m\x1b[Kcandidate: \xe2\x80\x98\x1b[01m\x1b[Ktemplate<class _Traits> std::basic_ostream<char, _Traits>& std::operator<<(std::basic_ostream<char, _Traits>&, unsigned char)\x1b[m\x1b[K\xe2\x80\x99\n'}
[6.141463] (rc_interaction) StderrLine: {'line': b'  535 |     \x1b[01;36m\x1b[Koperator\x1b[m\x1b[K<<(basic_ostream<char, _Traits>& __out, unsigned char __c)\n'}
[6.141486] (rc_interaction) StderrLine: {'line': b'      |     \x1b[01;36m\x1b[K^~~~~~~~\x1b[m\x1b[K\n'}
[6.141510] (rc_interaction) StderrLine: {'line': b'\x1b[01m\x1b[K/usr/include/c++/11/ostream:535:5:\x1b[m\x1b[K \x1b[01;36m\x1b[Knote: \x1b[m\x1b[K  template argument deduction/substitution failed:\n'}
[6.141533] (rc_interaction) StderrLine: {'line': b'In file included from \x1b[01m\x1b[K/home/zbt/Upper-main/rc_interaction/src/model_sbus.cpp:4\x1b[m\x1b[K:\n'}
[6.141557] (rc_interaction) StderrLine: {'line': b'\x1b[01m\x1b[K/home/zbt/Upper-main/rc_interaction/include/rc_interaction/sbus_node.hpp:216:34:\x1b[m\x1b[K \x1b[01;36m\x1b[Knote: \x1b[m\x1b[K  cannot convert \xe2\x80\x98\x1b[01m\x1b[Kstd::end\x1b[m\x1b[K\xe2\x80\x99 (type \xe2\x80\x98\x1b[01m\x1b[K<unresolved overloaded function type>\x1b[m\x1b[K\xe2\x80\x99) to type \xe2\x80\x98\x1b[01m\x1b[Kunsigned char\x1b[m\x1b[K\xe2\x80\x99\n'}
[6.141582] (rc_interaction) StderrLine: {'line': b'  216 |       cout<<vel_.twist.linear.y<<\x1b[01;36m\x1b[Kend\x1b[m\x1b[K;\n'}
[6.141608] (rc_interaction) StderrLine: {'line': b'      |                                  \x1b[01;36m\x1b[K^~~\x1b[m\x1b[K\n'}
[6.141632] (rc_interaction) StderrLine: {'line': b'In file included from \x1b[01m\x1b[K/usr/include/c++/11/iostream:39\x1b[m\x1b[K,\n'}
[6.141655] (rc_interaction) StderrLine: {'line': b'                 from \x1b[01m\x1b[K/opt/ros/humble/include/rclcpp/rclcpp/executor.hpp:22\x1b[m\x1b[K,\n'}
[6.141680] (rc_interaction) StderrLine: {'line': b'                 from \x1b[01m\x1b[K/opt/ros/humble/include/rclcpp/rclcpp/executors/multi_threaded_executor.hpp:25\x1b[m\x1b[K,\n'}
[6.146838] (rc_interaction) StderrLine: {'line': b'                 from \x1b[01m\x1b[K/opt/ros/humble/include/rclcpp/rclcpp/executors.hpp:21\x1b[m\x1b[K,\n'}
[6.146909] (rc_interaction) StderrLine: {'line': b'                 from \x1b[01m\x1b[K/opt/ros/humble/include/rclcpp/rclcpp/rclcpp.hpp:155\x1b[m\x1b[K,\n'}
[6.146942] (rc_interaction) StderrLine: {'line': b'                 from \x1b[01m\x1b[K/home/zbt/Upper-main/rc_interaction/src/model_sbus.cpp:1\x1b[m\x1b[K:\n'}
[6.146969] (rc_interaction) StderrLine: {'line': b'\x1b[01m\x1b[K/usr/include/c++/11/ostream:594:5:\x1b[m\x1b[K \x1b[01;36m\x1b[Knote: \x1b[m\x1b[Kcandidate: \xe2\x80\x98\x1b[01m\x1b[Kstd::basic_ostream<_Ch, _Tr>& std::operator<<(std::basic_ostream<_Ch, _Tr>&, const _CharT*) [with _CharT = char; _Traits = std::char_traits<char>]\x1b[m\x1b[K\xe2\x80\x99\n'}
[6.147004] (rc_interaction) StderrLine: {'line': b'  594 |     \x1b[01;36m\x1b[Koperator\x1b[m\x1b[K<<(basic_ostream<_CharT, _Traits>& __out, const _CharT* __s)\n'}
[6.147030] (rc_interaction) StderrLine: {'line': b'      |     \x1b[01;36m\x1b[K^~~~~~~~\x1b[m\x1b[K\n'}
[6.147054] (rc_interaction) StderrLine: {'line': b'\x1b[01m\x1b[K/usr/include/c++/11/ostream:594:69:\x1b[m\x1b[K \x1b[01;36m\x1b[Knote: \x1b[m\x1b[K  no known conversion for argument 2 from \xe2\x80\x98\x1b[01m\x1b[K<unresolved overloaded function type>\x1b[m\x1b[K\xe2\x80\x99 to \xe2\x80\x98\x1b[01m\x1b[Kconst char*\x1b[m\x1b[K\xe2\x80\x99\n'}
[6.147080] (rc_interaction) StderrLine: {'line': b'  594 |     operator<<(basic_ostream<_CharT, _Traits>& __out, \x1b[01;36m\x1b[Kconst _CharT* __s\x1b[m\x1b[K)\n'}
[6.147104] (rc_interaction) StderrLine: {'line': b'      |                                                       \x1b[01;36m\x1b[K~~~~~~~~~~~~~~^~~\x1b[m\x1b[K\n'}
[6.147128] (rc_interaction) StderrLine: {'line': b'In file included from \x1b[01m\x1b[K/usr/include/c++/11/ostream:829\x1b[m\x1b[K,\n'}
[6.147152] (rc_interaction) StderrLine: {'line': b'                 from \x1b[01m\x1b[K/usr/include/c++/11/iostream:39\x1b[m\x1b[K,\n'}
[6.147176] (rc_interaction) StderrLine: {'line': b'                 from \x1b[01m\x1b[K/opt/ros/humble/include/rclcpp/rclcpp/executor.hpp:22\x1b[m\x1b[K,\n'}
[6.147202] (rc_interaction) StderrLine: {'line': b'                 from \x1b[01m\x1b[K/opt/ros/humble/include/rclcpp/rclcpp/executors/multi_threaded_executor.hpp:25\x1b[m\x1b[K,\n'}
[6.147227] (rc_interaction) StderrLine: {'line': b'                 from \x1b[01m\x1b[K/opt/ros/humble/include/rclcpp/rclcpp/executors.hpp:21\x1b[m\x1b[K,\n'}
[6.147251] (rc_interaction) StderrLine: {'line': b'                 from \x1b[01m\x1b[K/opt/ros/humble/include/rclcpp/rclcpp/rclcpp.hpp:155\x1b[m\x1b[K,\n'}
[6.147275] (rc_interaction) StderrLine: {'line': b'                 from \x1b[01m\x1b[K/home/zbt/Upper-main/rc_interaction/src/model_sbus.cpp:1\x1b[m\x1b[K:\n'}
[6.147299] (rc_interaction) StderrLine: {'line': b'\x1b[01m\x1b[K/usr/include/c++/11/bits/ostream.tcc:321:5:\x1b[m\x1b[K \x1b[01;36m\x1b[Knote: \x1b[m\x1b[Kcandidate: \xe2\x80\x98\x1b[01m\x1b[Ktemplate<class _CharT, class _Traits> std::basic_ostream<_Ch, _Tr>& std::operator<<(std::basic_ostream<_Ch, _Tr>&, const char*)\x1b[m\x1b[K\xe2\x80\x99\n'}
[6.147323] (rc_interaction) StderrLine: {'line': b'  321 |     \x1b[01;36m\x1b[Koperator\x1b[m\x1b[K<<(basic_ostream<_CharT, _Traits>& __out, const char* __s)\n'}
[6.147347] (rc_interaction) StderrLine: {'line': b'      |     \x1b[01;36m\x1b[K^~~~~~~~\x1b[m\x1b[K\n'}
[6.147370] (rc_interaction) StderrLine: {'line': b'\x1b[01m\x1b[K/usr/include/c++/11/bits/ostream.tcc:321:5:\x1b[m\x1b[K \x1b[01;36m\x1b[Knote: \x1b[m\x1b[K  template argument deduction/substitution failed:\n'}
[6.147394] (rc_interaction) StderrLine: {'line': b'In file included from \x1b[01m\x1b[K/home/zbt/Upper-main/rc_interaction/src/model_sbus.cpp:4\x1b[m\x1b[K:\n'}
[6.147418] (rc_interaction) StderrLine: {'line': b'\x1b[01m\x1b[K/home/zbt/Upper-main/rc_interaction/include/rc_interaction/sbus_node.hpp:216:34:\x1b[m\x1b[K \x1b[01;36m\x1b[Knote: \x1b[m\x1b[K  cannot convert \xe2\x80\x98\x1b[01m\x1b[Kstd::end\x1b[m\x1b[K\xe2\x80\x99 (type \xe2\x80\x98\x1b[01m\x1b[K<unresolved overloaded function type>\x1b[m\x1b[K\xe2\x80\x99) to type \xe2\x80\x98\x1b[01m\x1b[Kconst char*\x1b[m\x1b[K\xe2\x80\x99\n'}
[6.147448] (rc_interaction) StderrLine: {'line': b'  216 |       cout<<vel_.twist.linear.y<<\x1b[01;36m\x1b[Kend\x1b[m\x1b[K;\n'}
[6.147498] (rc_interaction) StderrLine: {'line': b'      |                                  \x1b[01;36m\x1b[K^~~\x1b[m\x1b[K\n'}
[6.147527] (rc_interaction) StderrLine: {'line': b'In file included from \x1b[01m\x1b[K/usr/include/c++/11/iostream:39\x1b[m\x1b[K,\n'}
[6.147551] (rc_interaction) StderrLine: {'line': b'                 from \x1b[01m\x1b[K/opt/ros/humble/include/rclcpp/rclcpp/executor.hpp:22\x1b[m\x1b[K,\n'}
[6.147575] (rc_interaction) StderrLine: {'line': b'                 from \x1b[01m\x1b[K/opt/ros/humble/include/rclcpp/rclcpp/executors/multi_threaded_executor.hpp:25\x1b[m\x1b[K,\n'}
[6.147600] (rc_interaction) StderrLine: {'line': b'                 from \x1b[01m\x1b[K/opt/ros/humble/include/rclcpp/rclcpp/executors.hpp:21\x1b[m\x1b[K,\n'}
[6.147625] (rc_interaction) StderrLine: {'line': b'                 from \x1b[01m\x1b[K/opt/ros/humble/include/rclcpp/rclcpp/rclcpp.hpp:155\x1b[m\x1b[K,\n'}
[6.147649] (rc_interaction) StderrLine: {'line': b'                 from \x1b[01m\x1b[K/home/zbt/Upper-main/rc_interaction/src/model_sbus.cpp:1\x1b[m\x1b[K:\n'}
[6.147673] (rc_interaction) StderrLine: {'line': b'\x1b[01m\x1b[K/usr/include/c++/11/ostream:611:5:\x1b[m\x1b[K \x1b[01;36m\x1b[Knote: \x1b[m\x1b[Kcandidate: \xe2\x80\x98\x1b[01m\x1b[Ktemplate<class _Traits> std::basic_ostream<char, _Traits>& std::operator<<(std::basic_ostream<char, _Traits>&, const char*)\x1b[m\x1b[K\xe2\x80\x99\n'}
[6.147697] (rc_interaction) StderrLine: {'line': b'  611 |     \x1b[01;36m\x1b[Koperator\x1b[m\x1b[K<<(basic_ostream<char, _Traits>& __out, const char* __s)\n'}
[6.147721] (rc_interaction) StderrLine: {'line': b'      |     \x1b[01;36m\x1b[K^~~~~~~~\x1b[m\x1b[K\n'}
[6.147744] (rc_interaction) StderrLine: {'line': b'\x1b[01m\x1b[K/usr/include/c++/11/ostream:611:5:\x1b[m\x1b[K \x1b[01;36m\x1b[Knote: \x1b[m\x1b[K  template argument deduction/substitution failed:\n'}
[6.147768] (rc_interaction) StderrLine: {'line': b'In file included from \x1b[01m\x1b[K/home/zbt/Upper-main/rc_interaction/src/model_sbus.cpp:4\x1b[m\x1b[K:\n'}
[6.147791] (rc_interaction) StderrLine: {'line': b'\x1b[01m\x1b[K/home/zbt/Upper-main/rc_interaction/include/rc_interaction/sbus_node.hpp:216:34:\x1b[m\x1b[K \x1b[01;36m\x1b[Knote: \x1b[m\x1b[K  cannot convert \xe2\x80\x98\x1b[01m\x1b[Kstd::end\x1b[m\x1b[K\xe2\x80\x99 (type \xe2\x80\x98\x1b[01m\x1b[K<unresolved overloaded function type>\x1b[m\x1b[K\xe2\x80\x99) to type \xe2\x80\x98\x1b[01m\x1b[Kconst char*\x1b[m\x1b[K\xe2\x80\x99\n'}
[6.147818] (rc_interaction) StderrLine: {'line': b'  216 |       cout<<vel_.twist.linear.y<<\x1b[01;36m\x1b[Kend\x1b[m\x1b[K;\n'}
[6.147847] (rc_interaction) StderrLine: {'line': b'      |                                  \x1b[01;36m\x1b[K^~~\x1b[m\x1b[K\n'}
[6.147870] (rc_interaction) StderrLine: {'line': b'In file included from \x1b[01m\x1b[K/usr/include/c++/11/iostream:39\x1b[m\x1b[K,\n'}
[6.147894] (rc_interaction) StderrLine: {'line': b'                 from \x1b[01m\x1b[K/opt/ros/humble/include/rclcpp/rclcpp/executor.hpp:22\x1b[m\x1b[K,\n'}
[6.147917] (rc_interaction) StderrLine: {'line': b'                 from \x1b[01m\x1b[K/opt/ros/humble/include/rclcpp/rclcpp/executors/multi_threaded_executor.hpp:25\x1b[m\x1b[K,\n'}
[6.147941] (rc_interaction) StderrLine: {'line': b'                 from \x1b[01m\x1b[K/opt/ros/humble/include/rclcpp/rclcpp/executors.hpp:21\x1b[m\x1b[K,\n'}
[6.147964] (rc_interaction) StderrLine: {'line': b'                 from \x1b[01m\x1b[K/opt/ros/humble/include/rclcpp/rclcpp/rclcpp.hpp:155\x1b[m\x1b[K,\n'}
[6.147987] (rc_interaction) StderrLine: {'line': b'                 from \x1b[01m\x1b[K/home/zbt/Upper-main/rc_interaction/src/model_sbus.cpp:1\x1b[m\x1b[K:\n'}
[6.148011] (rc_interaction) StderrLine: {'line': b'\x1b[01m\x1b[K/usr/include/c++/11/ostream:624:5:\x1b[m\x1b[K \x1b[01;36m\x1b[Knote: \x1b[m\x1b[Kcandidate: \xe2\x80\x98\x1b[01m\x1b[Ktemplate<class _Traits> std::basic_ostream<char, _Traits>& std::operator<<(std::basic_ostream<char, _Traits>&, const signed char*)\x1b[m\x1b[K\xe2\x80\x99\n'}
[6.148038] (rc_interaction) StderrLine: {'line': b'  624 |     \x1b[01;36m\x1b[Koperator\x1b[m\x1b[K<<(basic_ostream<char, _Traits>& __out, const signed char* __s)\n'}
[6.148062] (rc_interaction) StderrLine: {'line': b'      |     \x1b[01;36m\x1b[K^~~~~~~~\x1b[m\x1b[K\n'}
[6.148085] (rc_interaction) StderrLine: {'line': b'\x1b[01m\x1b[K/usr/include/c++/11/ostream:624:5:\x1b[m\x1b[K \x1b[01;36m\x1b[Knote: \x1b[m\x1b[K  template argument deduction/substitution failed:\n'}
[6.148112] (rc_interaction) StderrLine: {'line': b'In file included from \x1b[01m\x1b[K/home/zbt/Upper-main/rc_interaction/src/model_sbus.cpp:4\x1b[m\x1b[K:\n'}
[6.148136] (rc_interaction) StderrLine: {'line': b'\x1b[01m\x1b[K/home/zbt/Upper-main/rc_interaction/include/rc_interaction/sbus_node.hpp:216:34:\x1b[m\x1b[K \x1b[01;36m\x1b[Knote: \x1b[m\x1b[K  cannot convert \xe2\x80\x98\x1b[01m\x1b[Kstd::end\x1b[m\x1b[K\xe2\x80\x99 (type \xe2\x80\x98\x1b[01m\x1b[K<unresolved overloaded function type>\x1b[m\x1b[K\xe2\x80\x99) to type \xe2\x80\x98\x1b[01m\x1b[Kconst signed char*\x1b[m\x1b[K\xe2\x80\x99\n'}
[6.148160] (rc_interaction) StderrLine: {'line': b'  216 |       cout<<vel_.twist.linear.y<<\x1b[01;36m\x1b[Kend\x1b[m\x1b[K;\n'}
[6.148183] (rc_interaction) StderrLine: {'line': b'      |                                  \x1b[01;36m\x1b[K^~~\x1b[m\x1b[K\n'}
[6.148207] (rc_interaction) StderrLine: {'line': b'In file included from \x1b[01m\x1b[K/usr/include/c++/11/iostream:39\x1b[m\x1b[K,\n'}
[6.148230] (rc_interaction) StderrLine: {'line': b'                 from \x1b[01m\x1b[K/opt/ros/humble/include/rclcpp/rclcpp/executor.hpp:22\x1b[m\x1b[K,\n'}
[6.148254] (rc_interaction) StderrLine: {'line': b'                 from \x1b[01m\x1b[K/opt/ros/humble/include/rclcpp/rclcpp/executors/multi_threaded_executor.hpp:25\x1b[m\x1b[K,\n'}
[6.148277] (rc_interaction) StderrLine: {'line': b'                 from \x1b[01m\x1b[K/opt/ros/humble/include/rclcpp/rclcpp/executors.hpp:21\x1b[m\x1b[K,\n'}
[6.148300] (rc_interaction) StderrLine: {'line': b'                 from \x1b[01m\x1b[K/opt/ros/humble/include/rclcpp/rclcpp/rclcpp.hpp:155\x1b[m\x1b[K,\n'}
[6.148324] (rc_interaction) StderrLine: {'line': b'                 from \x1b[01m\x1b[K/home/zbt/Upper-main/rc_interaction/src/model_sbus.cpp:1\x1b[m\x1b[K:\n'}
[6.148347] (rc_interaction) StderrLine: {'line': b'\x1b[01m\x1b[K/usr/include/c++/11/ostream:629:5:\x1b[m\x1b[K \x1b[01;36m\x1b[Knote: \x1b[m\x1b[Kcandidate: \xe2\x80\x98\x1b[01m\x1b[Ktemplate<class _Traits> std::basic_ostream<char, _Traits>& std::operator<<(std::basic_ostream<char, _Traits>&, const unsigned char*)\x1b[m\x1b[K\xe2\x80\x99\n'}
[6.148371] (rc_interaction) StderrLine: {'line': b'  629 |     \x1b[01;36m\x1b[Koperator\x1b[m\x1b[K<<(basic_ostream<char, _Traits>& __out, const unsigned char* __s)\n'}
[6.148395] (rc_interaction) StderrLine: {'line': b'      |     \x1b[01;36m\x1b[K^~~~~~~~\x1b[m\x1b[K\n'}
[6.148418] (rc_interaction) StderrLine: {'line': b'\x1b[01m\x1b[K/usr/include/c++/11/ostream:629:5:\x1b[m\x1b[K \x1b[01;36m\x1b[Knote: \x1b[m\x1b[K  template argument deduction/substitution failed:\n'}
[6.148444] (rc_interaction) StderrLine: {'line': b'In file included from \x1b[01m\x1b[K/home/zbt/Upper-main/rc_interaction/src/model_sbus.cpp:4\x1b[m\x1b[K:\n'}
[6.148467] (rc_interaction) StderrLine: {'line': b'\x1b[01m\x1b[K/home/zbt/Upper-main/rc_interaction/include/rc_interaction/sbus_node.hpp:216:34:\x1b[m\x1b[K \x1b[01;36m\x1b[Knote: \x1b[m\x1b[K  cannot convert \xe2\x80\x98\x1b[01m\x1b[Kstd::end\x1b[m\x1b[K\xe2\x80\x99 (type \xe2\x80\x98\x1b[01m\x1b[K<unresolved overloaded function type>\x1b[m\x1b[K\xe2\x80\x99) to type \xe2\x80\x98\x1b[01m\x1b[Kconst unsigned char*\x1b[m\x1b[K\xe2\x80\x99\n'}
[6.148492] (rc_interaction) StderrLine: {'line': b'  216 |       cout<<vel_.twist.linear.y<<\x1b[01;36m\x1b[Kend\x1b[m\x1b[K;\n'}
[6.148517] (rc_interaction) StderrLine: {'line': b'      |                                  \x1b[01;36m\x1b[K^~~\x1b[m\x1b[K\n'}
[6.148541] (rc_interaction) StderrLine: {'line': b'In file included from \x1b[01m\x1b[K/usr/include/c++/11/iostream:39\x1b[m\x1b[K,\n'}
[6.148564] (rc_interaction) StderrLine: {'line': b'                 from \x1b[01m\x1b[K/opt/ros/humble/include/rclcpp/rclcpp/executor.hpp:22\x1b[m\x1b[K,\n'}
[6.148587] (rc_interaction) StderrLine: {'line': b'                 from \x1b[01m\x1b[K/opt/ros/humble/include/rclcpp/rclcpp/executors/multi_threaded_executor.hpp:25\x1b[m\x1b[K,\n'}
[6.148610] (rc_interaction) StderrLine: {'line': b'                 from \x1b[01m\x1b[K/opt/ros/humble/include/rclcpp/rclcpp/executors.hpp:21\x1b[m\x1b[K,\n'}
[6.148634] (rc_interaction) StderrLine: {'line': b'                 from \x1b[01m\x1b[K/opt/ros/humble/include/rclcpp/rclcpp/rclcpp.hpp:155\x1b[m\x1b[K,\n'}
[6.148657] (rc_interaction) StderrLine: {'line': b'                 from \x1b[01m\x1b[K/home/zbt/Upper-main/rc_interaction/src/model_sbus.cpp:1\x1b[m\x1b[K:\n'}
[6.148682] (rc_interaction) StderrLine: {'line': b'\x1b[01m\x1b[K/usr/include/c++/11/ostream:750:5:\x1b[m\x1b[K \x1b[01;36m\x1b[Knote: \x1b[m\x1b[Kcandidate: \xe2\x80\x98\x1b[01m\x1b[Ktemplate<class _Ostream, class _Tp> _Ostream&& std::operator<<(_Ostream&&, const _Tp&)\x1b[m\x1b[K\xe2\x80\x99\n'}
[6.148710] (rc_interaction) StderrLine: {'line': b'  750 |     \x1b[01;36m\x1b[Koperator\x1b[m\x1b[K<<(_Ostream&& __os, const _Tp& __x)\n'}
[6.148733] (rc_interaction) StderrLine: {'line': b'      |     \x1b[01;36m\x1b[K^~~~~~~~\x1b[m\x1b[K\n'}
[6.148756] (rc_interaction) StderrLine: {'line': b'\x1b[01m\x1b[K/usr/include/c++/11/ostream:750:5:\x1b[m\x1b[K \x1b[01;36m\x1b[Knote: \x1b[m\x1b[K  template argument deduction/substitution failed:\n'}
[6.148783] (rc_interaction) StderrLine: {'line': b'In file included from \x1b[01m\x1b[K/home/zbt/Upper-main/rc_interaction/src/model_sbus.cpp:4\x1b[m\x1b[K:\n'}
[6.148806] (rc_interaction) StderrLine: {'line': b'\x1b[01m\x1b[K/home/zbt/Upper-main/rc_interaction/include/rc_interaction/sbus_node.hpp:216:34:\x1b[m\x1b[K \x1b[01;36m\x1b[Knote: \x1b[m\x1b[K  couldn\xe2\x80\x99t deduce template parameter \xe2\x80\x98\x1b[01m\x1b[K_Tp\x1b[m\x1b[K\xe2\x80\x99\n'}
[6.148830] (rc_interaction) StderrLine: {'line': b'  216 |       cout<<vel_.twist.linear.y<<\x1b[01;36m\x1b[Kend\x1b[m\x1b[K;\n'}
[6.148854] (rc_interaction) StderrLine: {'line': b'      |                                  \x1b[01;36m\x1b[K^~~\x1b[m\x1b[K\n'}
[6.148877] (rc_interaction) StderrLine: {'line': b'In file included from \x1b[01m\x1b[K/opt/ros/humble/include/rosidl_runtime_cpp/rosidl_runtime_cpp/traits.hpp:19\x1b[m\x1b[K,\n'}
[6.148901] (rc_interaction) StderrLine: {'line': b'                 from \x1b[01m\x1b[K/opt/ros/humble/include/builtin_interfaces/builtin_interfaces/msg/detail/duration__traits.hpp:15\x1b[m\x1b[K,\n'}
[6.148924] (rc_interaction) StderrLine: {'line': b'                 from \x1b[01m\x1b[K/opt/ros/humble/include/builtin_interfaces/builtin_interfaces/msg/duration.hpp:9\x1b[m\x1b[K,\n'}
[6.148947] (rc_interaction) StderrLine: {'line': b'                 from \x1b[01m\x1b[K/opt/ros/humble/include/rclcpp/rclcpp/duration.hpp:20\x1b[m\x1b[K,\n'}
[6.148970] (rc_interaction) StderrLine: {'line': b'                 from \x1b[01m\x1b[K/opt/ros/humble/include/rclcpp/rclcpp/qos.hpp:20\x1b[m\x1b[K,\n'}
[6.148994] (rc_interaction) StderrLine: {'line': b'                 from \x1b[01m\x1b[K/opt/ros/humble/include/rclcpp/rclcpp/node_interfaces/node_graph_interface.hpp:32\x1b[m\x1b[K,\n'}
[6.149017] (rc_interaction) StderrLine: {'line': b'                 from \x1b[01m\x1b[K/opt/ros/humble/include/rclcpp/rclcpp/client.hpp:42\x1b[m\x1b[K,\n'}
[6.149040] (rc_interaction) StderrLine: {'line': b'                 from \x1b[01m\x1b[K/opt/ros/humble/include/rclcpp/rclcpp/callback_group.hpp:24\x1b[m\x1b[K,\n'}
[6.149063] (rc_interaction) StderrLine: {'line': b'                 from \x1b[01m\x1b[K/opt/ros/humble/include/rclcpp/rclcpp/any_executable.hpp:20\x1b[m\x1b[K,\n'}
[6.149089] (rc_interaction) StderrLine: {'line': b'                 from \x1b[01m\x1b[K/opt/ros/humble/include/rclcpp/rclcpp/memory_strategy.hpp:25\x1b[m\x1b[K,\n'}
[6.149112] (rc_interaction) StderrLine: {'line': b'                 from \x1b[01m\x1b[K/opt/ros/humble/include/rclcpp/rclcpp/memory_strategies.hpp:18\x1b[m\x1b[K,\n'}
[6.149135] (rc_interaction) StderrLine: {'line': b'                 from \x1b[01m\x1b[K/opt/ros/humble/include/rclcpp/rclcpp/executor_options.hpp:20\x1b[m\x1b[K,\n'}
[6.149159] (rc_interaction) StderrLine: {'line': b'                 from \x1b[01m\x1b[K/opt/ros/humble/include/rclcpp/rclcpp/executor.hpp:37\x1b[m\x1b[K,\n'}
[6.149182] (rc_interaction) StderrLine: {'line': b'                 from \x1b[01m\x1b[K/opt/ros/humble/include/rclcpp/rclcpp/executors/multi_threaded_executor.hpp:25\x1b[m\x1b[K,\n'}
[6.149205] (rc_interaction) StderrLine: {'line': b'                 from \x1b[01m\x1b[K/opt/ros/humble/include/rclcpp/rclcpp/executors.hpp:21\x1b[m\x1b[K,\n'}
[6.149228] (rc_interaction) StderrLine: {'line': b'                 from \x1b[01m\x1b[K/opt/ros/humble/include/rclcpp/rclcpp/rclcpp.hpp:155\x1b[m\x1b[K,\n'}
[6.149252] (rc_interaction) StderrLine: {'line': b'                 from \x1b[01m\x1b[K/home/zbt/Upper-main/rc_interaction/src/model_sbus.cpp:1\x1b[m\x1b[K:\n'}
[6.149275] (rc_interaction) StderrLine: {'line': b'\x1b[01m\x1b[K/usr/include/c++/11/iomanip:79:5:\x1b[m\x1b[K \x1b[01;36m\x1b[Knote: \x1b[m\x1b[Kcandidate: \xe2\x80\x98\x1b[01m\x1b[Ktemplate<class _CharT, class _Traits> std::basic_ostream<_Ch, _Tr>& std::operator<<(std::basic_ostream<_Ch, _Tr>&, std::_Resetiosflags)\x1b[m\x1b[K\xe2\x80\x99\n'}
[6.149298] (rc_interaction) StderrLine: {'line': b'   79 |     \x1b[01;36m\x1b[Koperator\x1b[m\x1b[K<<(basic_ostream<_CharT, _Traits>& __os, _Resetiosflags __f)\n'}
[6.149321] (rc_interaction) StderrLine: {'line': b'      |     \x1b[01;36m\x1b[K^~~~~~~~\x1b[m\x1b[K\n'}
[6.149344] (rc_interaction) StderrLine: {'line': b'\x1b[01m\x1b[K/usr/include/c++/11/iomanip:79:5:\x1b[m\x1b[K \x1b[01;36m\x1b[Knote: \x1b[m\x1b[K  template argument deduction/substitution failed:\n'}
[6.149370] (rc_interaction) StderrLine: {'line': b'In file included from \x1b[01m\x1b[K/home/zbt/Upper-main/rc_interaction/src/model_sbus.cpp:4\x1b[m\x1b[K:\n'}
[6.149393] (rc_interaction) StderrLine: {'line': b'\x1b[01m\x1b[K/home/zbt/Upper-main/rc_interaction/include/rc_interaction/sbus_node.hpp:216:34:\x1b[m\x1b[K \x1b[01;36m\x1b[Knote: \x1b[m\x1b[K  cannot convert \xe2\x80\x98\x1b[01m\x1b[Kstd::end\x1b[m\x1b[K\xe2\x80\x99 (type \xe2\x80\x98\x1b[01m\x1b[K<unresolved overloaded function type>\x1b[m\x1b[K\xe2\x80\x99) to type \xe2\x80\x98\x1b[01m\x1b[Kstd::_Resetiosflags\x1b[m\x1b[K\xe2\x80\x99\n'}
[6.149417] (rc_interaction) StderrLine: {'line': b'  216 |       cout<<vel_.twist.linear.y<<\x1b[01;36m\x1b[Kend\x1b[m\x1b[K;\n'}
[6.149440] (rc_interaction) StderrLine: {'line': b'      |                                  \x1b[01;36m\x1b[K^~~\x1b[m\x1b[K\n'}
[6.149463] (rc_interaction) StderrLine: {'line': b'In file included from \x1b[01m\x1b[K/opt/ros/humble/include/rosidl_runtime_cpp/rosidl_runtime_cpp/traits.hpp:19\x1b[m\x1b[K,\n'}
[6.158932] (rc_interaction) StderrLine: {'line': b'                 from \x1b[01m\x1b[K/opt/ros/humble/include/builtin_interfaces/builtin_interfaces/msg/detail/duration__traits.hpp:15\x1b[m\x1b[K,\n'}
[6.158971] (rc_interaction) StderrLine: {'line': b'                 from \x1b[01m\x1b[K/opt/ros/humble/include/builtin_interfaces/builtin_interfaces/msg/duration.hpp:9\x1b[m\x1b[K,\n'}
[6.159011] (rc_interaction) StderrLine: {'line': b'                 from \x1b[01m\x1b[K/opt/ros/humble/include/rclcpp/rclcpp/duration.hpp:20\x1b[m\x1b[K,\n'}
[6.159039] (rc_interaction) StderrLine: {'line': b'                 from \x1b[01m\x1b[K/opt/ros/humble/include/rclcpp/rclcpp/qos.hpp:20\x1b[m\x1b[K,\n'}
[6.159064] (rc_interaction) StderrLine: {'line': b'                 from \x1b[01m\x1b[K/opt/ros/humble/include/rclcpp/rclcpp/node_interfaces/node_graph_interface.hpp:32\x1b[m\x1b[K,\n'}
[6.159092] (rc_interaction) StderrLine: {'line': b'                 from \x1b[01m\x1b[K/opt/ros/humble/include/rclcpp/rclcpp/client.hpp:42\x1b[m\x1b[K,\n'}
[6.159118] (rc_interaction) StderrLine: {'line': b'                 from \x1b[01m\x1b[K/opt/ros/humble/include/rclcpp/rclcpp/callback_group.hpp:24\x1b[m\x1b[K,\n'}
[6.159142] (rc_interaction) StderrLine: {'line': b'                 from \x1b[01m\x1b[K/opt/ros/humble/include/rclcpp/rclcpp/any_executable.hpp:20\x1b[m\x1b[K,\n'}
[6.159166] (rc_interaction) StderrLine: {'line': b'                 from \x1b[01m\x1b[K/opt/ros/humble/include/rclcpp/rclcpp/memory_strategy.hpp:25\x1b[m\x1b[K,\n'}
[6.159190] (rc_interaction) StderrLine: {'line': b'                 from \x1b[01m\x1b[K/opt/ros/humble/include/rclcpp/rclcpp/memory_strategies.hpp:18\x1b[m\x1b[K,\n'}
[6.159214] (rc_interaction) StderrLine: {'line': b'                 from \x1b[01m\x1b[K/opt/ros/humble/include/rclcpp/rclcpp/executor_options.hpp:20\x1b[m\x1b[K,\n'}
[6.159238] (rc_interaction) StderrLine: {'line': b'                 from \x1b[01m\x1b[K/opt/ros/humble/include/rclcpp/rclcpp/executor.hpp:37\x1b[m\x1b[K,\n'}
[6.159262] (rc_interaction) StderrLine: {'line': b'                 from \x1b[01m\x1b[K/opt/ros/humble/include/rclcpp/rclcpp/executors/multi_threaded_executor.hpp:25\x1b[m\x1b[K,\n'}
[6.159286] (rc_interaction) StderrLine: {'line': b'                 from \x1b[01m\x1b[K/opt/ros/humble/include/rclcpp/rclcpp/executors.hpp:21\x1b[m\x1b[K,\n'}
[6.159309] (rc_interaction) StderrLine: {'line': b'                 from \x1b[01m\x1b[K/opt/ros/humble/include/rclcpp/rclcpp/rclcpp.hpp:155\x1b[m\x1b[K,\n'}
[6.159334] (rc_interaction) StderrLine: {'line': b'                 from \x1b[01m\x1b[K/home/zbt/Upper-main/rc_interaction/src/model_sbus.cpp:1\x1b[m\x1b[K:\n'}
[6.159358] (rc_interaction) StderrLine: {'line': b'\x1b[01m\x1b[K/usr/include/c++/11/iomanip:109:5:\x1b[m\x1b[K \x1b[01;36m\x1b[Knote: \x1b[m\x1b[Kcandidate: \xe2\x80\x98\x1b[01m\x1b[Ktemplate<class _CharT, class _Traits> std::basic_ostream<_Ch, _Tr>& std::operator<<(std::basic_ostream<_Ch, _Tr>&, std::_Setiosflags)\x1b[m\x1b[K\xe2\x80\x99\n'}
[6.159383] (rc_interaction) StderrLine: {'line': b'  109 |     \x1b[01;36m\x1b[Koperator\x1b[m\x1b[K<<(basic_ostream<_CharT, _Traits>& __os, _Setiosflags __f)\n'}
[6.159409] (rc_interaction) StderrLine: {'line': b'      |     \x1b[01;36m\x1b[K^~~~~~~~\x1b[m\x1b[K\n'}
[6.159432] (rc_interaction) StderrLine: {'line': b'\x1b[01m\x1b[K/usr/include/c++/11/iomanip:109:5:\x1b[m\x1b[K \x1b[01;36m\x1b[Knote: \x1b[m\x1b[K  template argument deduction/substitution failed:\n'}
[6.159456] (rc_interaction) StderrLine: {'line': b'In file included from \x1b[01m\x1b[K/home/zbt/Upper-main/rc_interaction/src/model_sbus.cpp:4\x1b[m\x1b[K:\n'}
[6.159480] (rc_interaction) StderrLine: {'line': b'\x1b[01m\x1b[K/home/zbt/Upper-main/rc_interaction/include/rc_interaction/sbus_node.hpp:216:34:\x1b[m\x1b[K \x1b[01;36m\x1b[Knote: \x1b[m\x1b[K  cannot convert \xe2\x80\x98\x1b[01m\x1b[Kstd::end\x1b[m\x1b[K\xe2\x80\x99 (type \xe2\x80\x98\x1b[01m\x1b[K<unresolved overloaded function type>\x1b[m\x1b[K\xe2\x80\x99) to type \xe2\x80\x98\x1b[01m\x1b[Kstd::_Setiosflags\x1b[m\x1b[K\xe2\x80\x99\n'}
[6.159532] (rc_interaction) StderrLine: {'line': b'  216 |       cout<<vel_.twist.linear.y<<\x1b[01;36m\x1b[Kend\x1b[m\x1b[K;\n'}
[6.159558] (rc_interaction) StderrLine: {'line': b'      |                                  \x1b[01;36m\x1b[K^~~\x1b[m\x1b[K\n'}
[6.159582] (rc_interaction) StderrLine: {'line': b'In file included from \x1b[01m\x1b[K/opt/ros/humble/include/rosidl_runtime_cpp/rosidl_runtime_cpp/traits.hpp:19\x1b[m\x1b[K,\n'}
[6.159606] (rc_interaction) StderrLine: {'line': b'                 from \x1b[01m\x1b[K/opt/ros/humble/include/builtin_interfaces/builtin_interfaces/msg/detail/duration__traits.hpp:15\x1b[m\x1b[K,\n'}
[6.159630] (rc_interaction) StderrLine: {'line': b'                 from \x1b[01m\x1b[K/opt/ros/humble/include/builtin_interfaces/builtin_interfaces/msg/duration.hpp:9\x1b[m\x1b[K,\n'}
[6.159657] (rc_interaction) StderrLine: {'line': b'                 from \x1b[01m\x1b[K/opt/ros/humble/include/rclcpp/rclcpp/duration.hpp:20\x1b[m\x1b[K,\n'}
[6.159681] (rc_interaction) StderrLine: {'line': b'                 from \x1b[01m\x1b[K/opt/ros/humble/include/rclcpp/rclcpp/qos.hpp:20\x1b[m\x1b[K,\n'}
[6.159704] (rc_interaction) StderrLine: {'line': b'                 from \x1b[01m\x1b[K/opt/ros/humble/include/rclcpp/rclcpp/node_interfaces/node_graph_interface.hpp:32\x1b[m\x1b[K,\n'}
[6.159728] (rc_interaction) StderrLine: {'line': b'                 from \x1b[01m\x1b[K/opt/ros/humble/include/rclcpp/rclcpp/client.hpp:42\x1b[m\x1b[K,\n'}
[6.159751] (rc_interaction) StderrLine: {'line': b'                 from \x1b[01m\x1b[K/opt/ros/humble/include/rclcpp/rclcpp/callback_group.hpp:24\x1b[m\x1b[K,\n'}
[6.159774] (rc_interaction) StderrLine: {'line': b'                 from \x1b[01m\x1b[K/opt/ros/humble/include/rclcpp/rclcpp/any_executable.hpp:20\x1b[m\x1b[K,\n'}
[6.159800] (rc_interaction) StderrLine: {'line': b'                 from \x1b[01m\x1b[K/opt/ros/humble/include/rclcpp/rclcpp/memory_strategy.hpp:25\x1b[m\x1b[K,\n'}
[6.159825] (rc_interaction) StderrLine: {'line': b'                 from \x1b[01m\x1b[K/opt/ros/humble/include/rclcpp/rclcpp/memory_strategies.hpp:18\x1b[m\x1b[K,\n'}
[6.159849] (rc_interaction) StderrLine: {'line': b'                 from \x1b[01m\x1b[K/opt/ros/humble/include/rclcpp/rclcpp/executor_options.hpp:20\x1b[m\x1b[K,\n'}
[6.159876] (rc_interaction) StderrLine: {'line': b'                 from \x1b[01m\x1b[K/opt/ros/humble/include/rclcpp/rclcpp/executor.hpp:37\x1b[m\x1b[K,\n'}
[6.159899] (rc_interaction) StderrLine: {'line': b'                 from \x1b[01m\x1b[K/opt/ros/humble/include/rclcpp/rclcpp/executors/multi_threaded_executor.hpp:25\x1b[m\x1b[K,\n'}
[6.159925] (rc_interaction) StderrLine: {'line': b'                 from \x1b[01m\x1b[K/opt/ros/humble/include/rclcpp/rclcpp/executors.hpp:21\x1b[m\x1b[K,\n'}
[6.159948] (rc_interaction) StderrLine: {'line': b'                 from \x1b[01m\x1b[K/opt/ros/humble/include/rclcpp/rclcpp/rclcpp.hpp:155\x1b[m\x1b[K,\n'}
[6.159971] (rc_interaction) StderrLine: {'line': b'                 from \x1b[01m\x1b[K/home/zbt/Upper-main/rc_interaction/src/model_sbus.cpp:1\x1b[m\x1b[K:\n'}
[6.159994] (rc_interaction) StderrLine: {'line': b'\x1b[01m\x1b[K/usr/include/c++/11/iomanip:143:5:\x1b[m\x1b[K \x1b[01;36m\x1b[Knote: \x1b[m\x1b[Kcandidate: \xe2\x80\x98\x1b[01m\x1b[Ktemplate<class _CharT, class _Traits> std::basic_ostream<_Ch, _Tr>& std::operator<<(std::basic_ostream<_Ch, _Tr>&, std::_Setbase)\x1b[m\x1b[K\xe2\x80\x99\n'}
[6.160018] (rc_interaction) StderrLine: {'line': b'  143 |     \x1b[01;36m\x1b[Koperator\x1b[m\x1b[K<<(basic_ostream<_CharT, _Traits>& __os, _Setbase __f)\n'}
[6.160042] (rc_interaction) StderrLine: {'line': b'      |     \x1b[01;36m\x1b[K^~~~~~~~\x1b[m\x1b[K\n'}
[6.160065] (rc_interaction) StderrLine: {'line': b'\x1b[01m\x1b[K/usr/include/c++/11/iomanip:143:5:\x1b[m\x1b[K \x1b[01;36m\x1b[Knote: \x1b[m\x1b[K  template argument deduction/substitution failed:\n'}
[6.160091] (rc_interaction) StderrLine: {'line': b'In file included from \x1b[01m\x1b[K/home/zbt/Upper-main/rc_interaction/src/model_sbus.cpp:4\x1b[m\x1b[K:\n'}
[6.160114] (rc_interaction) StderrLine: {'line': b'\x1b[01m\x1b[K/home/zbt/Upper-main/rc_interaction/include/rc_interaction/sbus_node.hpp:216:34:\x1b[m\x1b[K \x1b[01;36m\x1b[Knote: \x1b[m\x1b[K  cannot convert \xe2\x80\x98\x1b[01m\x1b[Kstd::end\x1b[m\x1b[K\xe2\x80\x99 (type \xe2\x80\x98\x1b[01m\x1b[K<unresolved overloaded function type>\x1b[m\x1b[K\xe2\x80\x99) to type \xe2\x80\x98\x1b[01m\x1b[Kstd::_Setbase\x1b[m\x1b[K\xe2\x80\x99\n'}
[6.160154] (rc_interaction) StderrLine: {'line': b'  216 |       cout<<vel_.twist.linear.y<<\x1b[01;36m\x1b[Kend\x1b[m\x1b[K;\n'}
[6.160179] (rc_interaction) StderrLine: {'line': b'      |                                  \x1b[01;36m\x1b[K^~~\x1b[m\x1b[K\n'}
[6.160203] (rc_interaction) StderrLine: {'line': b'In file included from \x1b[01m\x1b[K/opt/ros/humble/include/rosidl_runtime_cpp/rosidl_runtime_cpp/traits.hpp:19\x1b[m\x1b[K,\n'}
[6.160230] (rc_interaction) StderrLine: {'line': b'                 from \x1b[01m\x1b[K/opt/ros/humble/include/builtin_interfaces/builtin_interfaces/msg/detail/duration__traits.hpp:15\x1b[m\x1b[K,\n'}
[6.160254] (rc_interaction) StderrLine: {'line': b'                 from \x1b[01m\x1b[K/opt/ros/humble/include/builtin_interfaces/builtin_interfaces/msg/duration.hpp:9\x1b[m\x1b[K,\n'}
[6.160278] (rc_interaction) StderrLine: {'line': b'                 from \x1b[01m\x1b[K/opt/ros/humble/include/rclcpp/rclcpp/duration.hpp:20\x1b[m\x1b[K,\n'}
[6.160301] (rc_interaction) StderrLine: {'line': b'                 from \x1b[01m\x1b[K/opt/ros/humble/include/rclcpp/rclcpp/qos.hpp:20\x1b[m\x1b[K,\n'}
[6.160324] (rc_interaction) StderrLine: {'line': b'                 from \x1b[01m\x1b[K/opt/ros/humble/include/rclcpp/rclcpp/node_interfaces/node_graph_interface.hpp:32\x1b[m\x1b[K,\n'}
[6.160347] (rc_interaction) StderrLine: {'line': b'                 from \x1b[01m\x1b[K/opt/ros/humble/include/rclcpp/rclcpp/client.hpp:42\x1b[m\x1b[K,\n'}
[6.160371] (rc_interaction) StderrLine: {'line': b'                 from \x1b[01m\x1b[K/opt/ros/humble/include/rclcpp/rclcpp/callback_group.hpp:24\x1b[m\x1b[K,\n'}
[6.160394] (rc_interaction) StderrLine: {'line': b'                 from \x1b[01m\x1b[K/opt/ros/humble/include/rclcpp/rclcpp/any_executable.hpp:20\x1b[m\x1b[K,\n'}
[6.160417] (rc_interaction) StderrLine: {'line': b'                 from \x1b[01m\x1b[K/opt/ros/humble/include/rclcpp/rclcpp/memory_strategy.hpp:25\x1b[m\x1b[K,\n'}
[6.160440] (rc_interaction) StderrLine: {'line': b'                 from \x1b[01m\x1b[K/opt/ros/humble/include/rclcpp/rclcpp/memory_strategies.hpp:18\x1b[m\x1b[K,\n'}
[6.160463] (rc_interaction) StderrLine: {'line': b'                 from \x1b[01m\x1b[K/opt/ros/humble/include/rclcpp/rclcpp/executor_options.hpp:20\x1b[m\x1b[K,\n'}
[6.160486] (rc_interaction) StderrLine: {'line': b'                 from \x1b[01m\x1b[K/opt/ros/humble/include/rclcpp/rclcpp/executor.hpp:37\x1b[m\x1b[K,\n'}
[6.160509] (rc_interaction) StderrLine: {'line': b'                 from \x1b[01m\x1b[K/opt/ros/humble/include/rclcpp/rclcpp/executors/multi_threaded_executor.hpp:25\x1b[m\x1b[K,\n'}
[6.160533] (rc_interaction) StderrLine: {'line': b'                 from \x1b[01m\x1b[K/opt/ros/humble/include/rclcpp/rclcpp/executors.hpp:21\x1b[m\x1b[K,\n'}
[6.160556] (rc_interaction) StderrLine: {'line': b'                 from \x1b[01m\x1b[K/opt/ros/humble/include/rclcpp/rclcpp/rclcpp.hpp:155\x1b[m\x1b[K,\n'}
[6.160580] (rc_interaction) StderrLine: {'line': b'                 from \x1b[01m\x1b[K/home/zbt/Upper-main/rc_interaction/src/model_sbus.cpp:1\x1b[m\x1b[K:\n'}
[6.160607] (rc_interaction) StderrLine: {'line': b'\x1b[01m\x1b[K/usr/include/c++/11/iomanip:178:5:\x1b[m\x1b[K \x1b[01;36m\x1b[Knote: \x1b[m\x1b[Kcandidate: \xe2\x80\x98\x1b[01m\x1b[Kstd::basic_ostream<_Ch, _Tr>& std::operator<<(std::basic_ostream<_Ch, _Tr>&, std::_Setfill<_CharT>) [with _CharT = char; _Traits = std::char_traits<char>]\x1b[m\x1b[K\xe2\x80\x99\n'}
[6.167271] (rc_interaction) StderrLine: {'line': b'  178 |     \x1b[01;36m\x1b[Koperator\x1b[m\x1b[K<<(basic_ostream<_CharT, _Traits>& __os, _Setfill<_CharT> __f)\n'}
[6.167312] (rc_interaction) StderrLine: {'line': b'      |     \x1b[01;36m\x1b[K^~~~~~~~\x1b[m\x1b[K\n'}
[6.167341] (rc_interaction) StderrLine: {'line': b'\x1b[01m\x1b[K/usr/include/c++/11/iomanip:178:71:\x1b[m\x1b[K \x1b[01;36m\x1b[Knote: \x1b[m\x1b[K  no known conversion for argument 2 from \xe2\x80\x98\x1b[01m\x1b[K<unresolved overloaded function type>\x1b[m\x1b[K\xe2\x80\x99 to \xe2\x80\x98\x1b[01m\x1b[Kstd::_Setfill<char>\x1b[m\x1b[K\xe2\x80\x99\n'}
[6.167374] (rc_interaction) StderrLine: {'line': b'  178 |     operator<<(basic_ostream<_CharT, _Traits>& __os, \x1b[01;36m\x1b[K_Setfill<_CharT> __f\x1b[m\x1b[K)\n'}
[6.167403] (rc_interaction) StderrLine: {'line': b'      |                                                      \x1b[01;36m\x1b[K~~~~~~~~~~~~~~~~~^~~\x1b[m\x1b[K\n'}
[6.167428] (rc_interaction) StderrLine: {'line': b'\x1b[01m\x1b[K/usr/include/c++/11/iomanip:208:5:\x1b[m\x1b[K \x1b[01;36m\x1b[Knote: \x1b[m\x1b[Kcandidate: \xe2\x80\x98\x1b[01m\x1b[Ktemplate<class _CharT, class _Traits> std::basic_ostream<_Ch, _Tr>& std::operator<<(std::basic_ostream<_Ch, _Tr>&, std::_Setprecision)\x1b[m\x1b[K\xe2\x80\x99\n'}
[6.167456] (rc_interaction) StderrLine: {'line': b'  208 |     \x1b[01;36m\x1b[Koperator\x1b[m\x1b[K<<(basic_ostream<_CharT, _Traits>& __os, _Setprecision __f)\n'}
[6.167481] (rc_interaction) StderrLine: {'line': b'      |     \x1b[01;36m\x1b[K^~~~~~~~\x1b[m\x1b[K\n'}
[6.167504] (rc_interaction) StderrLine: {'line': b'\x1b[01m\x1b[K/usr/include/c++/11/iomanip:208:5:\x1b[m\x1b[K \x1b[01;36m\x1b[Knote: \x1b[m\x1b[K  template argument deduction/substitution failed:\n'}
[6.167528] (rc_interaction) StderrLine: {'line': b'In file included from \x1b[01m\x1b[K/home/zbt/Upper-main/rc_interaction/src/model_sbus.cpp:4\x1b[m\x1b[K:\n'}
[6.167552] (rc_interaction) StderrLine: {'line': b'\x1b[01m\x1b[K/home/zbt/Upper-main/rc_interaction/include/rc_interaction/sbus_node.hpp:216:34:\x1b[m\x1b[K \x1b[01;36m\x1b[Knote: \x1b[m\x1b[K  cannot convert \xe2\x80\x98\x1b[01m\x1b[Kstd::end\x1b[m\x1b[K\xe2\x80\x99 (type \xe2\x80\x98\x1b[01m\x1b[K<unresolved overloaded function type>\x1b[m\x1b[K\xe2\x80\x99) to type \xe2\x80\x98\x1b[01m\x1b[Kstd::_Setprecision\x1b[m\x1b[K\xe2\x80\x99\n'}
[6.167578] (rc_interaction) StderrLine: {'line': b'  216 |       cout<<vel_.twist.linear.y<<\x1b[01;36m\x1b[Kend\x1b[m\x1b[K;\n'}
[6.167602] (rc_interaction) StderrLine: {'line': b'      |                                  \x1b[01;36m\x1b[K^~~\x1b[m\x1b[K\n'}
[6.167627] (rc_interaction) StderrLine: {'line': b'In file included from \x1b[01m\x1b[K/opt/ros/humble/include/rosidl_runtime_cpp/rosidl_runtime_cpp/traits.hpp:19\x1b[m\x1b[K,\n'}
[6.167651] (rc_interaction) StderrLine: {'line': b'                 from \x1b[01m\x1b[K/opt/ros/humble/include/builtin_interfaces/builtin_interfaces/msg/detail/duration__traits.hpp:15\x1b[m\x1b[K,\n'}
[6.167676] (rc_interaction) StderrLine: {'line': b'                 from \x1b[01m\x1b[K/opt/ros/humble/include/builtin_interfaces/builtin_interfaces/msg/duration.hpp:9\x1b[m\x1b[K,\n'}
[6.167700] (rc_interaction) StderrLine: {'line': b'                 from \x1b[01m\x1b[K/opt/ros/humble/include/rclcpp/rclcpp/duration.hpp:20\x1b[m\x1b[K,\n'}
[6.167723] (rc_interaction) StderrLine: {'line': b'                 from \x1b[01m\x1b[K/opt/ros/humble/include/rclcpp/rclcpp/qos.hpp:20\x1b[m\x1b[K,\n'}
[6.167747] (rc_interaction) StderrLine: {'line': b'                 from \x1b[01m\x1b[K/opt/ros/humble/include/rclcpp/rclcpp/node_interfaces/node_graph_interface.hpp:32\x1b[m\x1b[K,\n'}
[6.167771] (rc_interaction) StderrLine: {'line': b'                 from \x1b[01m\x1b[K/opt/ros/humble/include/rclcpp/rclcpp/client.hpp:42\x1b[m\x1b[K,\n'}
[6.167795] (rc_interaction) StderrLine: {'line': b'                 from \x1b[01m\x1b[K/opt/ros/humble/include/rclcpp/rclcpp/callback_group.hpp:24\x1b[m\x1b[K,\n'}
[6.167819] (rc_interaction) StderrLine: {'line': b'                 from \x1b[01m\x1b[K/opt/ros/humble/include/rclcpp/rclcpp/any_executable.hpp:20\x1b[m\x1b[K,\n'}
[6.167842] (rc_interaction) StderrLine: {'line': b'                 from \x1b[01m\x1b[K/opt/ros/humble/include/rclcpp/rclcpp/memory_strategy.hpp:25\x1b[m\x1b[K,\n'}
[6.167865] (rc_interaction) StderrLine: {'line': b'                 from \x1b[01m\x1b[K/opt/ros/humble/include/rclcpp/rclcpp/memory_strategies.hpp:18\x1b[m\x1b[K,\n'}
[6.167889] (rc_interaction) StderrLine: {'line': b'                 from \x1b[01m\x1b[K/opt/ros/humble/include/rclcpp/rclcpp/executor_options.hpp:20\x1b[m\x1b[K,\n'}
[6.167912] (rc_interaction) StderrLine: {'line': b'                 from \x1b[01m\x1b[K/opt/ros/humble/include/rclcpp/rclcpp/executor.hpp:37\x1b[m\x1b[K,\n'}
[6.167936] (rc_interaction) StderrLine: {'line': b'                 from \x1b[01m\x1b[K/opt/ros/humble/include/rclcpp/rclcpp/executors/multi_threaded_executor.hpp:25\x1b[m\x1b[K,\n'}
[6.167959] (rc_interaction) StderrLine: {'line': b'                 from \x1b[01m\x1b[K/opt/ros/humble/include/rclcpp/rclcpp/executors.hpp:21\x1b[m\x1b[K,\n'}
[6.167985] (rc_interaction) StderrLine: {'line': b'                 from \x1b[01m\x1b[K/opt/ros/humble/include/rclcpp/rclcpp/rclcpp.hpp:155\x1b[m\x1b[K,\n'}
[6.168008] (rc_interaction) StderrLine: {'line': b'                 from \x1b[01m\x1b[K/home/zbt/Upper-main/rc_interaction/src/model_sbus.cpp:1\x1b[m\x1b[K:\n'}
[6.168031] (rc_interaction) StderrLine: {'line': b'\x1b[01m\x1b[K/usr/include/c++/11/iomanip:238:5:\x1b[m\x1b[K \x1b[01;36m\x1b[Knote: \x1b[m\x1b[Kcandidate: \xe2\x80\x98\x1b[01m\x1b[Ktemplate<class _CharT, class _Traits> std::basic_ostream<_Ch, _Tr>& std::operator<<(std::basic_ostream<_Ch, _Tr>&, std::_Setw)\x1b[m\x1b[K\xe2\x80\x99\n'}
[6.168056] (rc_interaction) StderrLine: {'line': b'  238 |     \x1b[01;36m\x1b[Koperator\x1b[m\x1b[K<<(basic_ostream<_CharT, _Traits>& __os, _Setw __f)\n'}
[6.168079] (rc_interaction) StderrLine: {'line': b'      |     \x1b[01;36m\x1b[K^~~~~~~~\x1b[m\x1b[K\n'}
[6.168102] (rc_interaction) StderrLine: {'line': b'\x1b[01m\x1b[K/usr/include/c++/11/iomanip:238:5:\x1b[m\x1b[K \x1b[01;36m\x1b[Knote: \x1b[m\x1b[K  template argument deduction/substitution failed:\n'}
[6.168126] (rc_interaction) StderrLine: {'line': b'In file included from \x1b[01m\x1b[K/home/zbt/Upper-main/rc_interaction/src/model_sbus.cpp:4\x1b[m\x1b[K:\n'}
[6.168149] (rc_interaction) StderrLine: {'line': b'\x1b[01m\x1b[K/home/zbt/Upper-main/rc_interaction/include/rc_interaction/sbus_node.hpp:216:34:\x1b[m\x1b[K \x1b[01;36m\x1b[Knote: \x1b[m\x1b[K  cannot convert \xe2\x80\x98\x1b[01m\x1b[Kstd::end\x1b[m\x1b[K\xe2\x80\x99 (type \xe2\x80\x98\x1b[01m\x1b[K<unresolved overloaded function type>\x1b[m\x1b[K\xe2\x80\x99) to type \xe2\x80\x98\x1b[01m\x1b[Kstd::_Setw\x1b[m\x1b[K\xe2\x80\x99\n'}
[6.168177] (rc_interaction) StderrLine: {'line': b'  216 |       cout<<vel_.twist.linear.y<<\x1b[01;36m\x1b[Kend\x1b[m\x1b[K;\n'}
[6.168200] (rc_interaction) StderrLine: {'line': b'      |                                  \x1b[01;36m\x1b[K^~~\x1b[m\x1b[K\n'}
[6.168225] (rc_interaction) StderrLine: {'line': b'In file included from \x1b[01m\x1b[K/opt/ros/humble/include/rosidl_runtime_cpp/rosidl_runtime_cpp/traits.hpp:19\x1b[m\x1b[K,\n'}
[6.168249] (rc_interaction) StderrLine: {'line': b'                 from \x1b[01m\x1b[K/opt/ros/humble/include/builtin_interfaces/builtin_interfaces/msg/detail/duration__traits.hpp:15\x1b[m\x1b[K,\n'}
[6.168274] (rc_interaction) StderrLine: {'line': b'                 from \x1b[01m\x1b[K/opt/ros/humble/include/builtin_interfaces/builtin_interfaces/msg/duration.hpp:9\x1b[m\x1b[K,\n'}
[6.168298] (rc_interaction) StderrLine: {'line': b'                 from \x1b[01m\x1b[K/opt/ros/humble/include/rclcpp/rclcpp/duration.hpp:20\x1b[m\x1b[K,\n'}
[6.168321] (rc_interaction) StderrLine: {'line': b'                 from \x1b[01m\x1b[K/opt/ros/humble/include/rclcpp/rclcpp/qos.hpp:20\x1b[m\x1b[K,\n'}
[6.168344] (rc_interaction) StderrLine: {'line': b'                 from \x1b[01m\x1b[K/opt/ros/humble/include/rclcpp/rclcpp/node_interfaces/node_graph_interface.hpp:32\x1b[m\x1b[K,\n'}
[6.168367] (rc_interaction) StderrLine: {'line': b'                 from \x1b[01m\x1b[K/opt/ros/humble/include/rclcpp/rclcpp/client.hpp:42\x1b[m\x1b[K,\n'}
[6.168390] (rc_interaction) StderrLine: {'line': b'                 from \x1b[01m\x1b[K/opt/ros/humble/include/rclcpp/rclcpp/callback_group.hpp:24\x1b[m\x1b[K,\n'}
[6.168413] (rc_interaction) StderrLine: {'line': b'                 from \x1b[01m\x1b[K/opt/ros/humble/include/rclcpp/rclcpp/any_executable.hpp:20\x1b[m\x1b[K,\n'}
[6.168438] (rc_interaction) StderrLine: {'line': b'                 from \x1b[01m\x1b[K/opt/ros/humble/include/rclcpp/rclcpp/memory_strategy.hpp:25\x1b[m\x1b[K,\n'}
[6.168461] (rc_interaction) StderrLine: {'line': b'                 from \x1b[01m\x1b[K/opt/ros/humble/include/rclcpp/rclcpp/memory_strategies.hpp:18\x1b[m\x1b[K,\n'}
[6.168484] (rc_interaction) StderrLine: {'line': b'                 from \x1b[01m\x1b[K/opt/ros/humble/include/rclcpp/rclcpp/executor_options.hpp:20\x1b[m\x1b[K,\n'}
[6.168510] (rc_interaction) StderrLine: {'line': b'                 from \x1b[01m\x1b[K/opt/ros/humble/include/rclcpp/rclcpp/executor.hpp:37\x1b[m\x1b[K,\n'}
[6.168533] (rc_interaction) StderrLine: {'line': b'                 from \x1b[01m\x1b[K/opt/ros/humble/include/rclcpp/rclcpp/executors/multi_threaded_executor.hpp:25\x1b[m\x1b[K,\n'}
[6.168558] (rc_interaction) StderrLine: {'line': b'                 from \x1b[01m\x1b[K/opt/ros/humble/include/rclcpp/rclcpp/executors.hpp:21\x1b[m\x1b[K,\n'}
[6.168581] (rc_interaction) StderrLine: {'line': b'                 from \x1b[01m\x1b[K/opt/ros/humble/include/rclcpp/rclcpp/rclcpp.hpp:155\x1b[m\x1b[K,\n'}
[6.168605] (rc_interaction) StderrLine: {'line': b'                 from \x1b[01m\x1b[K/home/zbt/Upper-main/rc_interaction/src/model_sbus.cpp:1\x1b[m\x1b[K:\n'}
[6.168630] (rc_interaction) StderrLine: {'line': b'\x1b[01m\x1b[K/usr/include/c++/11/iomanip:311:5:\x1b[m\x1b[K \x1b[01;36m\x1b[Knote: \x1b[m\x1b[Kcandidate: \xe2\x80\x98\x1b[01m\x1b[Ktemplate<class _CharT, class _Traits, class _MoneyT> std::basic_ostream<_Ch, _Tr>& std::operator<<(std::basic_ostream<_Ch, _Tr>&, std::_Put_money<_MoneyT>)\x1b[m\x1b[K\xe2\x80\x99\n'}
[6.168655] (rc_interaction) StderrLine: {'line': b'  311 |     \x1b[01;36m\x1b[Koperator\x1b[m\x1b[K<<(basic_ostream<_CharT, _Traits>& __os, _Put_money<_MoneyT> __f)\n'}
[6.168678] (rc_interaction) StderrLine: {'line': b'      |     \x1b[01;36m\x1b[K^~~~~~~~\x1b[m\x1b[K\n'}
[6.168702] (rc_interaction) StderrLine: {'line': b'\x1b[01m\x1b[K/usr/include/c++/11/iomanip:311:5:\x1b[m\x1b[K \x1b[01;36m\x1b[Knote: \x1b[m\x1b[K  template argument deduction/substitution failed:\n'}
[6.168725] (rc_interaction) StderrLine: {'line': b'In file included from \x1b[01m\x1b[K/home/zbt/Upper-main/rc_interaction/src/model_sbus.cpp:4\x1b[m\x1b[K:\n'}
[6.168748] (rc_interaction) StderrLine: {'line': b'\x1b[01m\x1b[K/home/zbt/Upper-main/rc_interaction/include/rc_interaction/sbus_node.hpp:216:34:\x1b[m\x1b[K \x1b[01;36m\x1b[Knote: \x1b[m\x1b[K  couldn\xe2\x80\x99t deduce template parameter \xe2\x80\x98\x1b[01m\x1b[K_MoneyT\x1b[m\x1b[K\xe2\x80\x99\n'}
[6.168773] (rc_interaction) StderrLine: {'line': b'  216 |       cout<<vel_.twist.linear.y<<\x1b[01;36m\x1b[Kend\x1b[m\x1b[K;\n'}
[6.168796] (rc_interaction) StderrLine: {'line': b'      |                                  \x1b[01;36m\x1b[K^~~\x1b[m\x1b[K\n'}
[6.168821] (rc_interaction) StderrLine: {'line': b'In file included from \x1b[01m\x1b[K/opt/ros/humble/include/rosidl_runtime_cpp/rosidl_runtime_cpp/traits.hpp:19\x1b[m\x1b[K,\n'}
[6.168845] (rc_interaction) StderrLine: {'line': b'                 from \x1b[01m\x1b[K/opt/ros/humble/include/builtin_interfaces/builtin_interfaces/msg/detail/duration__traits.hpp:15\x1b[m\x1b[K,\n'}
[6.168868] (rc_interaction) StderrLine: {'line': b'                 from \x1b[01m\x1b[K/opt/ros/humble/include/builtin_interfaces/builtin_interfaces/msg/duration.hpp:9\x1b[m\x1b[K,\n'}
[6.168892] (rc_interaction) StderrLine: {'line': b'                 from \x1b[01m\x1b[K/opt/ros/humble/include/rclcpp/rclcpp/duration.hpp:20\x1b[m\x1b[K,\n'}
[6.168930] (rc_interaction) StderrLine: {'line': b'                 from \x1b[01m\x1b[K/opt/ros/humble/include/rclcpp/rclcpp/qos.hpp:20\x1b[m\x1b[K,\n'}
[6.168954] (rc_interaction) StderrLine: {'line': b'                 from \x1b[01m\x1b[K/opt/ros/humble/include/rclcpp/rclcpp/node_interfaces/node_graph_interface.hpp:32\x1b[m\x1b[K,\n'}
[6.168978] (rc_interaction) StderrLine: {'line': b'                 from \x1b[01m\x1b[K/opt/ros/humble/include/rclcpp/rclcpp/client.hpp:42\x1b[m\x1b[K,\n'}
[6.169001] (rc_interaction) StderrLine: {'line': b'                 from \x1b[01m\x1b[K/opt/ros/humble/include/rclcpp/rclcpp/callback_group.hpp:24\x1b[m\x1b[K,\n'}
[6.172251] (rc_interaction) StderrLine: {'line': b'                 from \x1b[01m\x1b[K/opt/ros/humble/include/rclcpp/rclcpp/any_executable.hpp:20\x1b[m\x1b[K,\n'}
[6.172290] (rc_interaction) StderrLine: {'line': b'                 from \x1b[01m\x1b[K/opt/ros/humble/include/rclcpp/rclcpp/memory_strategy.hpp:25\x1b[m\x1b[K,\n'}
[6.172327] (rc_interaction) StderrLine: {'line': b'                 from \x1b[01m\x1b[K/opt/ros/humble/include/rclcpp/rclcpp/memory_strategies.hpp:18\x1b[m\x1b[K,\n'}
[6.172357] (rc_interaction) StderrLine: {'line': b'                 from \x1b[01m\x1b[K/opt/ros/humble/include/rclcpp/rclcpp/executor_options.hpp:20\x1b[m\x1b[K,\n'}
[6.172385] (rc_interaction) StderrLine: {'line': b'                 from \x1b[01m\x1b[K/opt/ros/humble/include/rclcpp/rclcpp/executor.hpp:37\x1b[m\x1b[K,\n'}
[6.172410] (rc_interaction) StderrLine: {'line': b'                 from \x1b[01m\x1b[K/opt/ros/humble/include/rclcpp/rclcpp/executors/multi_threaded_executor.hpp:25\x1b[m\x1b[K,\n'}
[6.172435] (rc_interaction) StderrLine: {'line': b'                 from \x1b[01m\x1b[K/opt/ros/humble/include/rclcpp/rclcpp/executors.hpp:21\x1b[m\x1b[K,\n'}
[6.172459] (rc_interaction) StderrLine: {'line': b'                 from \x1b[01m\x1b[K/opt/ros/humble/include/rclcpp/rclcpp/rclcpp.hpp:155\x1b[m\x1b[K,\n'}
[6.172486] (rc_interaction) StderrLine: {'line': b'                 from \x1b[01m\x1b[K/home/zbt/Upper-main/rc_interaction/src/model_sbus.cpp:1\x1b[m\x1b[K:\n'}
[6.172511] (rc_interaction) StderrLine: {'line': b'\x1b[01m\x1b[K/usr/include/c++/11/iomanip:363:5:\x1b[m\x1b[K \x1b[01;36m\x1b[Knote: \x1b[m\x1b[Kcandidate: \xe2\x80\x98\x1b[01m\x1b[Kstd::basic_ostream<_Ch, _Tr>& std::operator<<(std::basic_ostream<_Ch, _Tr>&, std::_Put_time<_CharT>) [with _CharT = char; _Traits = std::char_traits<char>]\x1b[m\x1b[K\xe2\x80\x99\n'}
[6.172538] (rc_interaction) StderrLine: {'line': b'  363 |     \x1b[01;36m\x1b[Koperator\x1b[m\x1b[K<<(basic_ostream<_CharT, _Traits>& __os, _Put_time<_CharT> __f)\n'}
[6.172563] (rc_interaction) StderrLine: {'line': b'      |     \x1b[01;36m\x1b[K^~~~~~~~\x1b[m\x1b[K\n'}
[6.172587] (rc_interaction) StderrLine: {'line': b'\x1b[01m\x1b[K/usr/include/c++/11/iomanip:363:72:\x1b[m\x1b[K \x1b[01;36m\x1b[Knote: \x1b[m\x1b[K  no known conversion for argument 2 from \xe2\x80\x98\x1b[01m\x1b[K<unresolved overloaded function type>\x1b[m\x1b[K\xe2\x80\x99 to \xe2\x80\x98\x1b[01m\x1b[Kstd::_Put_time<char>\x1b[m\x1b[K\xe2\x80\x99\n'}
[6.172613] (rc_interaction) StderrLine: {'line': b'  363 |     operator<<(basic_ostream<_CharT, _Traits>& __os, \x1b[01;36m\x1b[K_Put_time<_CharT> __f\x1b[m\x1b[K)\n'}
[6.172637] (rc_interaction) StderrLine: {'line': b'      |                                                      \x1b[01;36m\x1b[K~~~~~~~~~~~~~~~~~~^~~\x1b[m\x1b[K\n'}
[6.172660] (rc_interaction) StderrLine: {'line': b'In file included from \x1b[01m\x1b[K/usr/include/eigen3/Eigen/Core:50\x1b[m\x1b[K,\n'}
[6.172684] (rc_interaction) StderrLine: {'line': b'                 from \x1b[01m\x1b[K/usr/include/eigen3/Eigen/Dense:1\x1b[m\x1b[K,\n'}
[6.172707] (rc_interaction) StderrLine: {'line': b'                 from \x1b[01m\x1b[K/usr/include/eigen3/Eigen/Eigen:1\x1b[m\x1b[K,\n'}
[6.172732] (rc_interaction) StderrLine: {'line': b'                 from \x1b[01m\x1b[K/opt/ros/humble/include/tf2_sensor_msgs/tf2_sensor_msgs.hpp:44\x1b[m\x1b[K,\n'}
[6.172759] (rc_interaction) StderrLine: {'line': b'                 from \x1b[01m\x1b[K/home/zbt/Upper-main/rc_interaction/include/rc_interaction/xbox360_node.hpp:31\x1b[m\x1b[K,\n'}
[6.172783] (rc_interaction) StderrLine: {'line': b'                 from \x1b[01m\x1b[K/home/zbt/Upper-main/rc_interaction/src/model_sbus.cpp:3\x1b[m\x1b[K:\n'}
[6.172806] (rc_interaction) StderrLine: {'line': b'\x1b[01m\x1b[K/usr/include/c++/11/complex:555:5:\x1b[m\x1b[K \x1b[01;36m\x1b[Knote: \x1b[m\x1b[Kcandidate: \xe2\x80\x98\x1b[01m\x1b[Ktemplate<class _Tp, class _CharT, class _Traits> std::basic_ostream<_CharT, _Traits>& std::operator<<(std::basic_ostream<_CharT, _Traits>&, const std::complex<_Tp>&)\x1b[m\x1b[K\xe2\x80\x99\n'}
[6.172831] (rc_interaction) StderrLine: {'line': b'  555 |     \x1b[01;36m\x1b[Koperator\x1b[m\x1b[K<<(basic_ostream<_CharT, _Traits>& __os, const complex<_Tp>& __x)\n'}
[6.172856] (rc_interaction) StderrLine: {'line': b'      |     \x1b[01;36m\x1b[K^~~~~~~~\x1b[m\x1b[K\n'}
[6.172886] (rc_interaction) StderrLine: {'line': b'\x1b[01m\x1b[K/usr/include/c++/11/complex:555:5:\x1b[m\x1b[K \x1b[01;36m\x1b[Knote: \x1b[m\x1b[K  template argument deduction/substitution failed:\n'}
[6.172910] (rc_interaction) StderrLine: {'line': b'In file included from \x1b[01m\x1b[K/home/zbt/Upper-main/rc_interaction/src/model_sbus.cpp:4\x1b[m\x1b[K:\n'}
[6.172934] (rc_interaction) StderrLine: {'line': b'\x1b[01m\x1b[K/home/zbt/Upper-main/rc_interaction/include/rc_interaction/sbus_node.hpp:216:34:\x1b[m\x1b[K \x1b[01;36m\x1b[Knote: \x1b[m\x1b[K  couldn\xe2\x80\x99t deduce template parameter \xe2\x80\x98\x1b[01m\x1b[K_Tp\x1b[m\x1b[K\xe2\x80\x99\n'}
[6.172958] (rc_interaction) StderrLine: {'line': b'  216 |       cout<<vel_.twist.linear.y<<\x1b[01;36m\x1b[Kend\x1b[m\x1b[K;\n'}
[6.172982] (rc_interaction) StderrLine: {'line': b'      |                                  \x1b[01;36m\x1b[K^~~\x1b[m\x1b[K\n'}
[6.173005] (rc_interaction) StderrLine: {'line': b'In file included from \x1b[01m\x1b[K/usr/include/eigen3/Eigen/Core:81\x1b[m\x1b[K,\n'}
[6.173028] (rc_interaction) StderrLine: {'line': b'                 from \x1b[01m\x1b[K/usr/include/eigen3/Eigen/Dense:1\x1b[m\x1b[K,\n'}
[6.173051] (rc_interaction) StderrLine: {'line': b'                 from \x1b[01m\x1b[K/usr/include/eigen3/Eigen/Eigen:1\x1b[m\x1b[K,\n'}
[6.175794] (rc_interaction) StderrLine: {'line': b'                 from \x1b[01m\x1b[K/opt/ros/humble/include/tf2_sensor_msgs/tf2_sensor_msgs.hpp:44\x1b[m\x1b[K,\n'}
[6.175840] (rc_interaction) StderrLine: {'line': b'                 from \x1b[01m\x1b[K/home/zbt/Upper-main/rc_interaction/include/rc_interaction/xbox360_node.hpp:31\x1b[m\x1b[K,\n'}
[6.175870] (rc_interaction) StderrLine: {'line': b'                 from \x1b[01m\x1b[K/home/zbt/Upper-main/rc_interaction/src/model_sbus.cpp:3\x1b[m\x1b[K:\n'}
[6.175898] (rc_interaction) StderrLine: {'line': b'\x1b[01m\x1b[K/usr/include/c++/11/cstddef:126:5:\x1b[m\x1b[K \x1b[01;36m\x1b[Knote: \x1b[m\x1b[Kcandidate: \xe2\x80\x98\x1b[01m\x1b[Ktemplate<class _IntegerType> constexpr std::__byte_op_t<_IntegerType> std::operator<<(std::byte, _IntegerType)\x1b[m\x1b[K\xe2\x80\x99\n'}
[6.175926] (rc_interaction) StderrLine: {'line': b'  126 |     \x1b[01;36m\x1b[Koperator\x1b[m\x1b[K<<(byte __b, _IntegerType __shift) noexcept\n'}
[6.175953] (rc_interaction) StderrLine: {'line': b'      |     \x1b[01;36m\x1b[K^~~~~~~~\x1b[m\x1b[K\n'}
[6.175979] (rc_interaction) StderrLine: {'line': b'\x1b[01m\x1b[K/usr/include/c++/11/cstddef:126:5:\x1b[m\x1b[K \x1b[01;36m\x1b[Knote: \x1b[m\x1b[K  template argument deduction/substitution failed:\n'}
[6.176008] (rc_interaction) StderrLine: {'line': b'In file included from \x1b[01m\x1b[K/home/zbt/Upper-main/rc_interaction/src/model_sbus.cpp:4\x1b[m\x1b[K:\n'}
[6.176032] (rc_interaction) StderrLine: {'line': b'\x1b[01m\x1b[K/home/zbt/Upper-main/rc_interaction/include/rc_interaction/sbus_node.hpp:216:34:\x1b[m\x1b[K \x1b[01;36m\x1b[Knote: \x1b[m\x1b[K  couldn\xe2\x80\x99t deduce template parameter \xe2\x80\x98\x1b[01m\x1b[K_IntegerType\x1b[m\x1b[K\xe2\x80\x99\n'}
[6.176057] (rc_interaction) StderrLine: {'line': b'  216 |       cout<<vel_.twist.linear.y<<\x1b[01;36m\x1b[Kend\x1b[m\x1b[K;\n'}
[6.176081] (rc_interaction) StderrLine: {'line': b'      |                                  \x1b[01;36m\x1b[K^~~\x1b[m\x1b[K\n'}
[6.222054] (-) TimerEvent: {}
[6.322443] (-) TimerEvent: {}
[6.428072] (-) TimerEvent: {}
[6.530333] (-) TimerEvent: {}
[6.631343] (-) TimerEvent: {}
[6.736081] (-) TimerEvent: {}
[6.837429] (-) TimerEvent: {}
[6.938383] (-) TimerEvent: {}
[7.045062] (-) TimerEvent: {}
[7.145529] (-) TimerEvent: {}
[7.247921] (-) TimerEvent: {}
[7.351173] (-) TimerEvent: {}
[7.454172] (-) TimerEvent: {}
[7.558241] (-) TimerEvent: {}
[7.658650] (-) TimerEvent: {}
[7.759014] (-) TimerEvent: {}
[7.860093] (-) TimerEvent: {}
[7.960718] (-) TimerEvent: {}
[8.062223] (-) TimerEvent: {}
[8.162730] (-) TimerEvent: {}
[8.263397] (-) TimerEvent: {}
[8.365786] (-) TimerEvent: {}
[8.466564] (-) TimerEvent: {}
[8.570690] (-) TimerEvent: {}
[8.671120] (-) TimerEvent: {}
[8.773597] (-) TimerEvent: {}
[8.875830] (-) TimerEvent: {}
[8.976757] (-) TimerEvent: {}
[9.080320] (-) TimerEvent: {}
[9.182570] (-) TimerEvent: {}
[9.284496] (-) TimerEvent: {}
[9.386007] (-) TimerEvent: {}
[9.487709] (-) TimerEvent: {}
[9.588596] (-) TimerEvent: {}
[9.690269] (-) TimerEvent: {}
[9.794391] (-) TimerEvent: {}
[9.895641] (-) TimerEvent: {}
[9.997222] (-) TimerEvent: {}
[10.102581] (-) TimerEvent: {}
[10.204691] (-) TimerEvent: {}
[10.306643] (-) TimerEvent: {}
[10.408443] (-) TimerEvent: {}
[10.511189] (-) TimerEvent: {}
[10.614971] (-) TimerEvent: {}
[10.723525] (-) TimerEvent: {}
[10.836887] (-) TimerEvent: {}
[10.938805] (-) TimerEvent: {}
[11.040814] (-) TimerEvent: {}
[11.143761] (-) TimerEvent: {}
[11.251631] (-) TimerEvent: {}
[11.353019] (-) TimerEvent: {}
[11.467189] (-) TimerEvent: {}
[11.522416] (rc_interaction) StderrLine: {'line': b'gmake[2]: *** [CMakeFiles/sbus_node.dir/build.make:76\xef\xbc\x9aCMakeFiles/sbus_node.dir/src/model_sbus.cpp.o] \xe9\x94\x99\xe8\xaf\xaf 1\n'}
[11.523368] (rc_interaction) StderrLine: {'line': b'gmake[1]: *** [CMakeFiles/Makefile2:595\xef\xbc\x9aCMakeFiles/sbus_node.dir/all] \xe9\x94\x99\xe8\xaf\xaf 2\n'}
[11.523573] (rc_interaction) StderrLine: {'line': b'gmake[1]: *** \xe6\xad\xa3\xe5\x9c\xa8\xe7\xad\x89\xe5\xbe\x85\xe6\x9c\xaa\xe5\xae\x8c\xe6\x88\x90\xe7\x9a\x84\xe4\xbb\xbb\xe5\x8a\xa1....\n'}
[11.544761] (rc_interaction) StderrLine: {'line': b'gmake[2]: *** [CMakeFiles/xbox_node.dir/build.make:76\xef\xbc\x9aCMakeFiles/xbox_node.dir/src/model_xbox.cpp.o] \xe9\x94\x99\xe8\xaf\xaf 1\n'}
[11.545190] (rc_interaction) StderrLine: {'line': b'gmake[1]: *** [CMakeFiles/Makefile2:622\xef\xbc\x9aCMakeFiles/xbox_node.dir/all] \xe9\x94\x99\xe8\xaf\xaf 2\n'}
[11.545477] (rc_interaction) StderrLine: {'line': b'gmake: *** [Makefile:146\xef\xbc\x9aall] \xe9\x94\x99\xe8\xaf\xaf 2\n'}
[11.565811] (rc_interaction) CommandEnded: {'returncode': 2}
[11.567534] (-) TimerEvent: {}
[11.604056] (rc_interaction) JobEnded: {'identifier': 'rc_interaction', 'rc': 2}
[11.773779] (-) TimerEvent: {}
[11.773854] (-) EventReactorShutdown: {}
